Target,Pair,Lag,Model,RMSE,MAE,R2,Spearman,Train_Time,Optimized,Run_Mode
target_0,US_Stock_VT_adj_close,1,Ridge,0.01070572940677743,0.007040532331171671,-0.18454706524699316,0.012716124600490675,0.06708979606628418,False,BASELINE
target_0,US_Stock_VT_adj_close,1,Lasso,0.009847951019659879,0.00645586248938209,-0.0023319097793026433,0.0,0.004072666168212891,False,BASELINE
target_0,US_Stock_VT_adj_close,1,RandomForest,0.01158586195161704,0.007000018241901452,-0.38731951600840997,0.005074333823725457,0.2697570323944092,False,BASELINE
target_0,US_Stock_VT_adj_close,1,ElasticNet,0.009847951019659879,0.00645586248938209,-0.0023319097793026433,0.0,0.003134489059448242,False,BASELINE
target_0,US_Stock_VT_adj_close,1,XGBoost,0.010994606474081948,0.007567308326516669,-0.24933577321358324,-0.14022620806472239,0.6218624114990234,False,BASELINE
target_0,US_Stock_VT_adj_close,1,LightGBM,0.010678962730757056,0.007334104439882436,-0.17863121405085192,-0.09061514665402522,2.0908141136169434,False,BASELINE
target_1,LME_PB_Close - US_Stock_VT_adj_close,1,Ridge,0.014160489458324082,0.010644000284176605,-0.07977267475305405,0.07247806024858171,0.007406711578369141,False,BASELINE
target_1,LME_PB_Close - US_Stock_VT_adj_close,1,Lasso,0.013638816942683206,0.009922362756412716,-0.0016804636647693716,0.0,0.0056362152099609375,False,BASELINE
target_1,LME_PB_Close - US_Stock_VT_adj_close,1,RandomForest,0.014423804765201198,0.010065393208605512,-0.12030293405055836,0.06723294413828218,0.35576820373535156,False,BASELINE
target_1,LME_PB_Close - US_Stock_VT_adj_close,1,ElasticNet,0.013638816942683206,0.009922362756412716,-0.0016804636647693716,0.0,0.003495454788208008,False,BASELINE
target_1,LME_PB_Close - US_Stock_VT_adj_close,1,XGBoost,0.014763711337442037,0.01021891930491426,-0.17372645435965706,0.08644591598688503,0.5486640930175781,False,BASELINE
target_1,LME_PB_Close - US_Stock_VT_adj_close,1,LightGBM,0.014911507631810449,0.010896954071861815,-0.19734391935290807,0.05284791263644219,1.4718103408813477,False,BASELINE
target_2,LME_CA_Close - LME_ZS_Close,1,Ridge,0.01201294326933362,0.009378087210446605,-0.014827990748357278,0.04640316097352211,0.007529497146606445,False,BASELINE
target_2,LME_CA_Close - LME_ZS_Close,1,Lasso,0.011933274617684305,0.009337508050541996,-0.0014121472961083903,0.0,0.005391120910644531,False,BASELINE
target_2,LME_CA_Close - LME_ZS_Close,1,RandomForest,0.01208669176702048,0.009383369101849458,-0.0273264715823196,0.15833829930965673,0.3708181381225586,False,BASELINE
target_2,LME_CA_Close - LME_ZS_Close,1,ElasticNet,0.011925261868385472,0.00933636363746244,-6.777690191128727e-05,0.058862879166805535,0.00412750244140625,False,BASELINE
target_2,LME_CA_Close - LME_ZS_Close,1,XGBoost,0.012306498129200049,0.009587540366926653,-0.06503177504278135,0.10854201838012548,0.5629251003265381,False,BASELINE
target_2,LME_CA_Close - LME_ZS_Close,1,LightGBM,0.012334395186600434,0.009585851809082316,-0.06986579489356481,0.11714188675583445,1.5340831279754639,False,BASELINE
target_3,LME_AH_Close - LME_ZS_Close,1,Ridge,0.01236756882774835,0.009837896598410712,0.003954608034241525,0.08985037378561662,0.007140159606933594,False,BASELINE
target_3,LME_AH_Close - LME_ZS_Close,1,Lasso,0.012399433198895114,0.009791197490603497,-0.0011845177832812137,0.0,0.005198478698730469,False,BASELINE
target_3,LME_AH_Close - LME_ZS_Close,1,RandomForest,0.012244295021937043,0.009596996663379662,0.02371182489085344,0.14515870182121737,0.39263296127319336,False,BASELINE
target_3,LME_AH_Close - LME_ZS_Close,1,ElasticNet,0.012399433198895114,0.009791197490603497,-0.0011845177832812137,0.0,0.003453493118286133,False,BASELINE
target_3,LME_AH_Close - LME_ZS_Close,1,XGBoost,0.012811465035324668,0.01002212048727283,-0.06882856000676774,0.052568104373832886,0.5268399715423584,False,BASELINE
target_3,LME_AH_Close - LME_ZS_Close,1,LightGBM,0.01288137917069295,0.010082117971193079,-0.08052591400559983,0.09446170268088076,1.5457525253295898,False,BASELINE
target_4,LME_AH_Close - JPX_Gold_Standard_Futures_Close,1,Ridge,0.015615638057558572,0.01193918377667682,-0.1405688161108325,-0.021636690961844337,0.006537437438964844,False,BASELINE
target_4,LME_AH_Close - JPX_Gold_Standard_Futures_Close,1,Lasso,0.014624201863299477,0.011121942109882993,-0.00033708915618979596,0.0,0.0053980350494384766,False,BASELINE
target_4,LME_AH_Close - JPX_Gold_Standard_Futures_Close,1,RandomForest,0.014833905333025536,0.011243843608627478,-0.029231409240426665,0.017883348190096657,0.36019277572631836,False,BASELINE
target_4,LME_AH_Close - JPX_Gold_Standard_Futures_Close,1,ElasticNet,0.014624201863299477,0.011121942109882993,-0.00033708915618979596,0.0,0.003317117691040039,False,BASELINE
target_4,LME_AH_Close - JPX_Gold_Standard_Futures_Close,1,XGBoost,0.015859518400728082,0.011944858389189772,-0.17647313727541314,-0.0010602485449111216,0.484421968460083,False,BASELINE
target_4,LME_AH_Close - JPX_Gold_Standard_Futures_Close,1,LightGBM,0.016209774899794818,0.012409155910728465,-0.22901163095416877,-0.007043504098718823,1.5483903884887695,False,BASELINE
target_5,LME_ZS_Close - JPX_Platinum_Standard_Futures_Close,1,Ridge,0.020228689697307924,0.01546156924162024,-0.04425872918647622,-0.059292118924020774,0.006415128707885742,False,BASELINE
target_5,LME_ZS_Close - JPX_Platinum_Standard_Futures_Close,1,Lasso,0.01980821250326381,0.015073867324937063,-0.001297616409879243,0.0,0.004548788070678711,False,BASELINE
target_5,LME_ZS_Close - JPX_Platinum_Standard_Futures_Close,1,RandomForest,0.020566448905866314,0.015363632270042398,-0.079421915408324,0.05118102529145475,0.35593152046203613,False,BASELINE
target_5,LME_ZS_Close - JPX_Platinum_Standard_Futures_Close,1,ElasticNet,0.01980821250326381,0.015073867324937063,-0.001297616409879243,0.0,0.0031328201293945312,False,BASELINE
target_5,LME_ZS_Close - JPX_Platinum_Standard_Futures_Close,1,XGBoost,0.021488553844777443,0.01648908014947833,-0.17838440749589868,-0.019062800412493665,0.48270368576049805,False,BASELINE
target_5,LME_ZS_Close - JPX_Platinum_Standard_Futures_Close,1,LightGBM,0.022081508237927077,0.016962009621785235,-0.2443142562058902,-0.022068061454564525,1.5495860576629639,False,BASELINE
target_6,LME_PB_Close - LME_AH_Close,1,Ridge,0.012911293496673734,0.009716346777685963,-0.057727819555931426,0.027160433740041977,0.006570339202880859,False,BASELINE
target_6,LME_PB_Close - LME_AH_Close,1,Lasso,0.012554238892198713,0.00951479219182972,-3.499286045305361e-05,0.0,0.0052700042724609375,False,BASELINE
target_6,LME_PB_Close - LME_AH_Close,1,RandomForest,0.01295563381608194,0.009868230036321864,-0.06500525027891424,-0.08362330788247414,0.41846323013305664,False,BASELINE
target_6,LME_PB_Close - LME_AH_Close,1,ElasticNet,0.012554238892198713,0.00951479219182972,-3.499286045305361e-05,0.0,0.0035712718963623047,False,BASELINE
target_6,LME_PB_Close - LME_AH_Close,1,XGBoost,0.013984540323043406,0.010783871056443467,-0.24088293195734667,-0.07576476762815286,0.4811985492706299,False,BASELINE
target_6,LME_PB_Close - LME_AH_Close,1,LightGBM,0.01473984247569155,0.011643919838027768,-0.37854232430432777,-0.06315181553755135,1.5580072402954102,False,BASELINE
target_7,LME_ZS_Close - US_Stock_VYM_adj_close,1,Ridge,0.016428672421704444,0.012592417551726813,-0.018799412157865625,0.017322209611990328,0.006718635559082031,False,BASELINE
target_7,LME_ZS_Close - US_Stock_VYM_adj_close,1,Lasso,0.016278421111412866,0.012298668910287193,-0.0002494099170882169,0.0,0.0055620670318603516,False,BASELINE
target_7,LME_ZS_Close - US_Stock_VYM_adj_close,1,RandomForest,0.016841170497202095,0.012601775214846062,-0.0706025924329885,-0.0419097958808239,0.40721940994262695,False,BASELINE
target_7,LME_ZS_Close - US_Stock_VYM_adj_close,1,ElasticNet,0.016278421111412866,0.012298668910287193,-0.0002494099170882169,0.0,0.003414154052734375,False,BASELINE
target_7,LME_ZS_Close - US_Stock_VYM_adj_close,1,XGBoost,0.016883805228870844,0.013048633682741746,-0.07603008109921983,0.028877978261955956,0.5005614757537842,False,BASELINE
target_7,LME_ZS_Close - US_Stock_VYM_adj_close,1,LightGBM,0.017763566354580748,0.013876856387750013,-0.19108860735652833,-0.05989094040542821,1.596198558807373,False,BASELINE
target_8,US_Stock_IEMG_adj_close - JPX_Gold_Standard_Futures_Close,1,Ridge,0.015745577312225575,0.011552036916727848,-0.16064970788870192,0.01070121296132557,0.007118701934814453,False,BASELINE
target_8,US_Stock_IEMG_adj_close - JPX_Gold_Standard_Futures_Close,1,Lasso,0.014615592794710674,0.010511595671560958,-3.881844711872695e-05,0.0,0.00581049919128418,False,BASELINE
target_8,US_Stock_IEMG_adj_close - JPX_Gold_Standard_Futures_Close,1,RandomForest,0.01870272202962903,0.013698791972605512,-0.6375464483007736,-0.01812957902883232,0.38295435905456543,False,BASELINE
target_8,US_Stock_IEMG_adj_close - JPX_Gold_Standard_Futures_Close,1,ElasticNet,0.014615592794710674,0.010511595671560958,-3.881844711872695e-05,0.0,0.0036208629608154297,False,BASELINE
target_8,US_Stock_IEMG_adj_close - JPX_Gold_Standard_Futures_Close,1,XGBoost,0.015568336607480575,0.01134496744761092,-0.13466697607676448,0.07195395348571886,0.5418884754180908,False,BASELINE
target_8,US_Stock_IEMG_adj_close - JPX_Gold_Standard_Futures_Close,1,LightGBM,0.01666553898538874,0.012007505623427936,-0.300237588287408,-0.02890152746799315,1.6328129768371582,False,BASELINE
target_9,FX_AUDJPY - LME_PB_Close,1,Ridge,0.012990314835036614,0.009916629511875587,-0.0059769700802465575,0.030104888884465466,0.00837254524230957,False,BASELINE
target_9,FX_AUDJPY - LME_PB_Close,1,Lasso,0.01295298389641847,0.009805500802806242,-0.00020342194531552948,0.0,0.005164146423339844,False,BASELINE
target_9,FX_AUDJPY - LME_PB_Close,1,RandomForest,0.012834132746768213,0.009817402240971194,0.01806726416834925,0.10862387923409092,0.38196897506713867,False,BASELINE
target_9,FX_AUDJPY - LME_PB_Close,1,ElasticNet,0.01295298389641847,0.009805500802806242,-0.00020342194531552948,0.0,0.0033113956451416016,False,BASELINE
target_9,FX_AUDJPY - LME_PB_Close,1,XGBoost,0.01372564221026371,0.010619859756123957,-0.12308863517708302,0.04873631972013043,0.5359139442443848,False,BASELINE
target_9,FX_AUDJPY - LME_PB_Close,1,LightGBM,0.013590886365614998,0.010640870149483152,-0.10114433157577296,0.07848017486871782,1.6288809776306152,False,BASELINE
target_10,JPX_Platinum_Standard_Futures_Close - US_Stock_VGIT_adj_close,1,Ridge,0.0176224330127131,0.012972972882052576,-0.13331841561489322,0.017956923615191397,0.007811546325683594,False,BASELINE
target_10,JPX_Platinum_Standard_Futures_Close - US_Stock_VGIT_adj_close,1,Lasso,0.016588511145898915,0.012200141470741124,-0.00423424473188283,0.0,0.005635499954223633,False,BASELINE
target_10,JPX_Platinum_Standard_Futures_Close - US_Stock_VGIT_adj_close,1,RandomForest,0.017341382622866802,0.012705387175610476,-0.09745734734993361,-0.027340783376402115,0.3807063102722168,False,BASELINE
target_10,JPX_Platinum_Standard_Futures_Close - US_Stock_VGIT_adj_close,1,ElasticNet,0.016588511145898915,0.012200141470741124,-0.00423424473188283,0.0,0.003496408462524414,False,BASELINE
target_10,JPX_Platinum_Standard_Futures_Close - US_Stock_VGIT_adj_close,1,XGBoost,0.019263044302537842,0.014045516645279772,-0.35416023310609135,-0.0982025202366216,0.5464153289794922,False,BASELINE
target_10,JPX_Platinum_Standard_Futures_Close - US_Stock_VGIT_adj_close,1,LightGBM,0.018731258548245807,0.014099878008885135,-0.2804249438529145,-0.09921791661199879,1.6633763313293457,False,BASELINE
target_11,FX_EURAUD - LME_CA_Close,1,Ridge,0.014231635025088073,0.010426122735262451,-0.03611246057357764,-0.07055509869955698,0.00714564323425293,False,BASELINE
target_11,FX_EURAUD - LME_CA_Close,1,Lasso,0.013981806144890826,0.01024016317549288,-5.4928146187238625e-05,0.0,0.005945920944213867,False,BASELINE
target_11,FX_EURAUD - LME_CA_Close,1,RandomForest,0.015379118503058523,0.011729134984252026,-0.2099298415869424,0.0220952148723008,0.38687944412231445,False,BASELINE
target_11,FX_EURAUD - LME_CA_Close,1,ElasticNet,0.013977690649424121,0.01023775991431792,0.0005337105112965812,0.12921897529618576,0.0036063194274902344,False,BASELINE
target_11,FX_EURAUD - LME_CA_Close,1,XGBoost,0.01632856470451996,0.012249290751731522,-0.36393390265987113,-0.01325349619247502,0.5650427341461182,False,BASELINE
target_11,FX_EURAUD - LME_CA_Close,1,LightGBM,0.017136223813201398,0.013431781302744077,-0.5021992922365637,0.012354519701966774,1.6506590843200684,False,BASELINE
target_12,JPX_Platinum_Standard_Futures_Close - FX_CADCHF,1,Ridge,0.017591327008986652,0.012676099059202361,-0.07073470305820106,0.005001679634656765,0.008442163467407227,False,BASELINE
target_12,JPX_Platinum_Standard_Futures_Close - FX_CADCHF,1,Lasso,0.01702344026706115,0.012263004031561544,-0.0027192147198553673,0.0,0.005686521530151367,False,BASELINE
target_12,JPX_Platinum_Standard_Futures_Close - FX_CADCHF,1,RandomForest,0.01830004376388591,0.013056147955864447,-0.15874782379423258,-0.006339939896316607,0.3741023540496826,False,BASELINE
target_12,JPX_Platinum_Standard_Futures_Close - FX_CADCHF,1,ElasticNet,0.01702344026706115,0.012263004031561544,-0.0027192147198553673,0.0,0.0035865306854248047,False,BASELINE
target_12,JPX_Platinum_Standard_Futures_Close - FX_CADCHF,1,XGBoost,0.01970363757625509,0.014301958731084646,-0.3433138610434745,-0.05503754210435525,0.5308935642242432,False,BASELINE
target_12,JPX_Platinum_Standard_Futures_Close - FX_CADCHF,1,LightGBM,0.019490287844073556,0.014284919441429102,-0.31438072302219067,-0.06938828008437517,1.6632084846496582,False,BASELINE
target_13,LME_PB_Close - FX_ZARCHF,1,Ridge,0.013080678594327102,0.010016404265659293,-0.011761715284793084,-0.0023640120775861744,0.008269309997558594,False,BASELINE
target_13,LME_PB_Close - FX_ZARCHF,1,Lasso,0.01300443948036613,0.009920565329851912,-2.2292788344202563e-06,0.0,0.0050623416900634766,False,BASELINE
target_13,LME_PB_Close - FX_ZARCHF,1,RandomForest,0.01293600741409958,0.009991289485960961,0.010494519410255365,0.04369130247087905,0.5199141502380371,False,BASELINE
target_13,LME_PB_Close - FX_ZARCHF,1,ElasticNet,0.01300443948036613,0.009920565329851912,-2.2292788344202563e-06,0.0,0.0046613216400146484,False,BASELINE
target_13,LME_PB_Close - FX_ZARCHF,1,XGBoost,0.013447610296491708,0.010306769871896741,-0.06932057295858285,0.04010510037907298,0.5836560726165771,False,BASELINE
target_13,LME_PB_Close - FX_ZARCHF,1,LightGBM,0.01421663980298502,0.010940581490947444,-0.1951202707792452,-0.008152495076529945,1.7003045082092285,False,BASELINE
target_14,JPX_Platinum_Standard_Futures_Close - FX_NZDJPY,1,Ridge,0.017606517308166363,0.012873064701680086,-0.08690153795423816,0.029802468911627,0.006983518600463867,False,BASELINE
target_14,JPX_Platinum_Standard_Futures_Close - FX_NZDJPY,1,Lasso,0.01691515277396256,0.012541650827971167,-0.003217585840048054,0.0,0.005720376968383789,False,BASELINE
target_14,JPX_Platinum_Standard_Futures_Close - FX_NZDJPY,1,RandomForest,0.02149341503206141,0.016042728779544373,-0.6197729314734457,0.05722227770564932,0.38304734230041504,False,BASELINE
target_14,JPX_Platinum_Standard_Futures_Close - FX_NZDJPY,1,ElasticNet,0.01691515277396256,0.012541650827971167,-0.003217585840048054,0.0,0.003630399703979492,False,BASELINE
target_14,JPX_Platinum_Standard_Futures_Close - FX_NZDJPY,1,XGBoost,0.020728185947563878,0.01561220510116462,-0.506488702660512,0.01529708348843473,0.5347805023193359,False,BASELINE
target_14,JPX_Platinum_Standard_Futures_Close - FX_NZDJPY,1,LightGBM,0.020106313454583368,0.01491034625100254,-0.41745142549560144,-0.03633367531300219,1.6613526344299316,False,BASELINE
target_15,FX_CHFJPY - LME_AH_Close,1,Ridge,0.01351367338085678,0.010427883997181727,-0.033303741371749185,0.029447762698074025,0.007450103759765625,False,BASELINE
target_15,FX_CHFJPY - LME_AH_Close,1,Lasso,0.013296805909606961,0.010246751853593488,-0.0004049336373632695,0.0,0.005625724792480469,False,BASELINE
target_15,FX_CHFJPY - LME_AH_Close,1,RandomForest,0.013531239452469103,0.010445863056216871,-0.035991816489296724,-0.052961981978171264,0.37121009826660156,False,BASELINE
target_15,FX_CHFJPY - LME_AH_Close,1,ElasticNet,0.013296805909606961,0.010246751853593488,-0.0004049336373632695,0.0,0.0034635066986083984,False,BASELINE
target_15,FX_CHFJPY - LME_AH_Close,1,XGBoost,0.014185683195346417,0.010993709675734622,-0.13862752754206253,-0.019637896350225115,0.5724670886993408,False,BASELINE
target_15,FX_CHFJPY - LME_AH_Close,1,LightGBM,0.014791791820809861,0.011351820063446389,-0.23800596645542393,0.004812373180990865,1.6412663459777832,False,BASELINE
target_16,US_Stock_VTV_adj_close - LME_ZS_Close,1,Ridge,0.01624639994828574,0.012461239583975615,-0.010177367129222459,0.027850103533464232,0.007554292678833008,False,BASELINE
target_16,US_Stock_VTV_adj_close - LME_ZS_Close,1,Lasso,0.016168364818476163,0.012293845145482072,-0.0004964526247759338,0.0,0.005865335464477539,False,BASELINE
target_16,US_Stock_VTV_adj_close - LME_ZS_Close,1,RandomForest,0.01657927310713327,0.012456439260701141,-0.05199657191555973,0.009373562789660124,0.4090907573699951,False,BASELINE
target_16,US_Stock_VTV_adj_close - LME_ZS_Close,1,ElasticNet,0.016168364818476163,0.012293845145482072,-0.0004964526247759338,0.0,0.003264188766479492,False,BASELINE
target_16,US_Stock_VTV_adj_close - LME_ZS_Close,1,XGBoost,0.017338323724499068,0.013256985717064424,-0.1505289953845801,-0.002912842857277363,0.5662291049957275,False,BASELINE
target_16,US_Stock_VTV_adj_close - LME_ZS_Close,1,LightGBM,0.017471147722505093,0.013591516816563766,-0.16822427096585058,-0.016383274438641484,1.6615397930145264,False,BASELINE
target_17,US_Stock_OIH_adj_close - JPX_Gold_Standard_Futures_Close,1,Ridge,0.025488349468002856,0.0182574780842786,-0.13822292471364728,-0.022612915309477226,0.006657838821411133,False,BASELINE
target_17,US_Stock_OIH_adj_close - JPX_Gold_Standard_Futures_Close,1,Lasso,0.02397295252623637,0.016162485430661535,-0.00690141917790732,0.049611810543008894,0.006195068359375,False,BASELINE
target_17,US_Stock_OIH_adj_close - JPX_Gold_Standard_Futures_Close,1,RandomForest,0.026971901366884144,0.01803372854453141,-0.2745797900627449,-0.0452444652340831,0.34064412117004395,False,BASELINE
target_17,US_Stock_OIH_adj_close - JPX_Gold_Standard_Futures_Close,1,ElasticNet,0.024124924431007787,0.016206226696791396,-0.019707997683409806,0.049611810543008894,0.0038983821868896484,False,BASELINE
target_17,US_Stock_OIH_adj_close - JPX_Gold_Standard_Futures_Close,1,XGBoost,0.02616287730797332,0.01808355970965794,-0.19926431581083093,0.06400229700153832,0.5734245777130127,False,BASELINE
target_17,US_Stock_OIH_adj_close - JPX_Gold_Standard_Futures_Close,1,LightGBM,0.02747599777362926,0.01981051497752025,-0.32266800225151737,-0.008905064241884912,1.641484022140503,False,BASELINE
target_18,LME_AH_Close - FX_ZARUSD,1,Ridge,0.012491549434932454,0.009764717528288325,-0.07065824374438079,-0.08063816631687115,0.008404016494750977,False,BASELINE
target_18,LME_AH_Close - FX_ZARUSD,1,Lasso,0.01207307725158312,0.009388934034807119,-0.000124813295543591,0.0,0.006261110305786133,False,BASELINE
target_18,LME_AH_Close - FX_ZARUSD,1,RandomForest,0.012301642299164313,0.00960926711307722,-0.038351590829086124,-0.04485601571529343,0.4234158992767334,False,BASELINE
target_18,LME_AH_Close - FX_ZARUSD,1,ElasticNet,0.01207307725158312,0.009388934034807119,-0.000124813295543591,0.0,0.003573894500732422,False,BASELINE
target_18,LME_AH_Close - FX_ZARUSD,1,XGBoost,0.013085719193542093,0.010266689231680448,-0.17493390481022075,-0.050667141078099984,0.5317091941833496,False,BASELINE
target_18,LME_AH_Close - FX_ZARUSD,1,LightGBM,0.013266209301879878,0.010324321906331395,-0.2075689375156391,-0.06273651628570681,1.6494293212890625,False,BASELINE
target_19,JPX_Gold_Standard_Futures_Close - FX_USDJPY,1,Ridge,0.013162518159859906,0.009907529575730888,-0.07004821088006885,0.03201716556355525,0.007648468017578125,False,BASELINE
target_19,JPX_Gold_Standard_Futures_Close - FX_USDJPY,1,Lasso,0.012751536970737394,0.009398707267185913,-0.004269902398700065,0.0,0.005684852600097656,False,BASELINE
target_19,JPX_Gold_Standard_Futures_Close - FX_USDJPY,1,RandomForest,0.021966534099706,0.016077378823331552,-1.9802209018859478,-0.05874151481861459,0.40942978858947754,False,BASELINE
target_19,JPX_Gold_Standard_Futures_Close - FX_USDJPY,1,ElasticNet,0.012751536970737394,0.009398707267185913,-0.004269902398700065,0.0,0.0037987232208251953,False,BASELINE
target_20,LME_ZS_Close - FX_AUDCHF,1,Ridge,0.014743914873546638,0.011585040287309414,-0.007001544358348433,0.06763174558940437,0.007264375686645508,False,BASELINE
target_20,LME_ZS_Close - FX_AUDCHF,1,Lasso,0.014709461250056281,0.011563795736659844,-0.0023007149185756415,0.0,0.005892753601074219,False,BASELINE
target_20,LME_ZS_Close - FX_AUDCHF,1,RandomForest,0.014975528258066171,0.011652102944542834,-0.03888818941919103,0.012920827615721761,0.4429905414581299,False,BASELINE
target_20,LME_ZS_Close - FX_AUDCHF,1,ElasticNet,0.014709461250056281,0.011563795736659844,-0.0023007149185756415,0.0,0.007287025451660156,False,BASELINE
target_20,LME_ZS_Close - FX_AUDCHF,1,XGBoost,0.01616994681675716,0.012509870396172112,-0.21121625365711938,-0.0311237952582909,0.5590322017669678,False,BASELINE
target_20,LME_ZS_Close - FX_AUDCHF,1,LightGBM,0.01641704204149546,0.012831515941272452,-0.24851661952678183,-0.017906626374870456,1.6407034397125244,False,BASELINE
target_21,LME_AH_Close - US_Stock_SLV_adj_close,1,Ridge,0.018877036464015316,0.01474829886859116,-0.0916887112389635,0.017367983063822822,0.007706880569458008,False,BASELINE
target_21,LME_AH_Close - US_Stock_SLV_adj_close,1,Lasso,0.018080536233901098,0.014119102920472802,-0.0015065715178779193,0.0,0.005597829818725586,False,BASELINE
target_21,LME_AH_Close - US_Stock_SLV_adj_close,1,RandomForest,0.03718489234956464,0.031900577062243356,-3.2360809142618043,0.044766580744876015,0.38765430450439453,False,BASELINE
target_21,LME_AH_Close - US_Stock_SLV_adj_close,1,ElasticNet,0.018080536233901098,0.014119102920472802,-0.0015065715178779193,0.0,0.006043434143066406,False,BASELINE
target_21,LME_AH_Close - US_Stock_SLV_adj_close,1,XGBoost,0.020573940916233314,0.015887316983586235,-0.2967795901530925,0.025980924348506892,0.5655167102813721,False,BASELINE
target_21,LME_AH_Close - US_Stock_SLV_adj_close,1,LightGBM,0.020571339526704847,0.016294146973518542,-0.29645167868582,-0.009243485068946261,1.6604421138763428,False,BASELINE
target_22,US_Stock_BKR_adj_close - JPX_Platinum_Standard_Futures_Close,1,Ridge,0.026638799099458953,0.019423949917602094,-0.04276478510070536,0.04480636162942596,0.0074694156646728516,False,BASELINE
target_22,US_Stock_BKR_adj_close - JPX_Platinum_Standard_Futures_Close,1,Lasso,0.026086933786820372,0.01908228104651177,-7.236920011477466e-06,0.0,0.006033658981323242,False,BASELINE
target_22,US_Stock_BKR_adj_close - JPX_Platinum_Standard_Futures_Close,1,RandomForest,0.02706847339650496,0.01981488945984994,-0.07667492205387982,-0.023529814433460167,0.3945128917694092,False,BASELINE
target_22,US_Stock_BKR_adj_close - JPX_Platinum_Standard_Futures_Close,1,ElasticNet,0.026086933786820372,0.01908228104651177,-7.236920011477466e-06,0.0,0.006356716156005859,False,BASELINE
target_22,US_Stock_BKR_adj_close - JPX_Platinum_Standard_Futures_Close,1,XGBoost,0.02897937090389542,0.022265146940614013,-0.2340563127541444,-0.1207910964569512,0.5851931571960449,False,BASELINE
target_22,US_Stock_BKR_adj_close - JPX_Platinum_Standard_Futures_Close,1,LightGBM,0.0291658602609866,0.021839644023090708,-0.249990327854684,-0.08931951329427672,1.6248447895050049,False,BASELINE
target_23,FX_GBPJPY - LME_CA_Close,1,Ridge,0.012985943034180741,0.009619980047560326,-0.04499410634415857,-0.041434779417344796,0.007968425750732422,False,BASELINE
target_23,FX_GBPJPY - LME_CA_Close,1,Lasso,0.012705456462056643,0.009426354784134847,-0.00033945616053809857,0.0,0.00619053840637207,False,BASELINE
target_23,FX_GBPJPY - LME_CA_Close,1,RandomForest,0.012640769572789255,0.009447100057594582,0.009820607394351089,0.1673201020648094,0.3924529552459717,False,BASELINE
target_23,FX_GBPJPY - LME_CA_Close,1,ElasticNet,0.01270666387312269,0.009431079267411834,-0.0005295915284311281,0.09573465140090294,0.008510351181030273,False,BASELINE
target_23,FX_GBPJPY - LME_CA_Close,1,XGBoost,0.01324339855787697,0.010029349008638989,-0.08684034787143413,0.07142645648249632,0.5754590034484863,False,BASELINE
target_23,FX_GBPJPY - LME_CA_Close,1,LightGBM,0.013533950039207012,0.010320300257481551,-0.13505261127766865,0.11311030190233178,1.5999233722686768,False,BASELINE
target_24,US_Stock_URA_adj_close - JPX_Platinum_Standard_Futures_Close,1,Ridge,0.027941678012935487,0.020881669428922094,0.003741741201258031,0.15386449592415333,0.006327152252197266,False,BASELINE
target_24,US_Stock_URA_adj_close - JPX_Platinum_Standard_Futures_Close,1,Lasso,0.028017898286772657,0.02131678365388888,-0.001700927376166117,0.0,0.007516145706176758,False,BASELINE
target_24,US_Stock_URA_adj_close - JPX_Platinum_Standard_Futures_Close,1,RandomForest,0.030217098398218612,0.02258871657186805,-0.1651249028882622,-0.01256543507072597,0.383211612701416,False,BASELINE
target_24,US_Stock_URA_adj_close - JPX_Platinum_Standard_Futures_Close,1,ElasticNet,0.028017898286772657,0.02131678365388888,-0.001700927376166117,0.0,0.005608081817626953,False,BASELINE
target_24,US_Stock_URA_adj_close - JPX_Platinum_Standard_Futures_Close,1,XGBoost,0.03002070615556807,0.02293711619377858,-0.15002895347983825,-0.025404684894362654,0.5325708389282227,False,BASELINE
target_24,US_Stock_URA_adj_close - JPX_Platinum_Standard_Futures_Close,1,LightGBM,0.030197993721327258,0.022766429360154335,-0.16365207463631948,0.008832427272709989,1.650580883026123,False,BASELINE
target_25,LME_AH_Close - US_Stock_VEA_adj_close,1,Ridge,0.01446390935398258,0.010925281337023827,-0.09096532723949835,-0.007849712431185917,0.006040334701538086,False,BASELINE
target_25,LME_AH_Close - US_Stock_VEA_adj_close,1,Lasso,0.013849412865617068,0.010352856670773217,-0.00023555884876769184,0.0,0.006413936614990234,False,BASELINE
target_25,LME_AH_Close - US_Stock_VEA_adj_close,1,RandomForest,0.015526673202947905,0.011756818050719988,-0.2571768928328406,-0.006852256768785403,0.4152793884277344,False,BASELINE
target_25,LME_AH_Close - US_Stock_VEA_adj_close,1,ElasticNet,0.013849412865617068,0.010352856670773217,-0.00023555884876769184,0.0,0.0048084259033203125,False,BASELINE
target_25,LME_AH_Close - US_Stock_VEA_adj_close,1,XGBoost,0.017722906090184964,0.01303114548236881,-0.6379831803936482,-0.02530649019745595,0.5568158626556396,False,BASELINE
target_25,LME_AH_Close - US_Stock_VEA_adj_close,1,LightGBM,0.014943614195007414,0.011263710273884908,-0.1645304764371871,-0.04590801998677495,1.602632999420166,False,BASELINE
target_26,FX_ZARJPY - LME_CA_Close,1,Ridge,0.013286630419557556,0.009884130411404698,-0.03327460666982418,0.005921351375896829,0.007647991180419922,False,BASELINE
target_26,FX_ZARJPY - LME_CA_Close,1,Lasso,0.013071392872974754,0.009792888874208604,-6.857962810347118e-05,0.0,0.006021738052368164,False,BASELINE
target_26,FX_ZARJPY - LME_CA_Close,1,RandomForest,0.013022968145007701,0.009740240862748226,0.0073274714715095834,0.0954957869030098,0.41301703453063965,False,BASELINE
target_26,FX_ZARJPY - LME_CA_Close,1,ElasticNet,0.01306497420925603,0.009809747543467803,0.0009133398858940378,0.17105931200228408,0.007092952728271484,False,BASELINE
target_26,FX_ZARJPY - LME_CA_Close,1,XGBoost,0.0143538278738973,0.010971833157333763,-0.20592837711354317,0.0294604523745246,0.5895824432373047,False,BASELINE
target_26,FX_ZARJPY - LME_CA_Close,1,LightGBM,0.014232060647265728,0.01064987246102955,-0.18555475919936404,0.03522828354708802,1.6306118965148926,False,BASELINE
target_27,US_Stock_OKE_adj_close - LME_ZS_Close,1,Ridge,0.023186717745419413,0.017627190399613784,-0.13703511318917294,0.005786720339418836,0.0064966678619384766,False,BASELINE
target_27,US_Stock_OKE_adj_close - LME_ZS_Close,1,Lasso,0.02174825412641213,0.01588407674614308,-0.0003319126965299901,0.0,0.005751371383666992,False,BASELINE
target_27,US_Stock_OKE_adj_close - LME_ZS_Close,1,RandomForest,0.022324381826627816,0.016212706256217038,-0.05403300364481467,-0.03169970877365535,0.3991076946258545,False,BASELINE
target_27,US_Stock_OKE_adj_close - LME_ZS_Close,1,ElasticNet,0.0217334739765795,0.01588200720094059,0.0010272797693920976,0.062042002936164145,0.007331371307373047,False,BASELINE
target_27,US_Stock_OKE_adj_close - LME_ZS_Close,1,XGBoost,0.02267493117350901,0.016757760238725217,-0.0873948725618896,0.0233243259098741,0.5442876815795898,False,BASELINE
target_27,US_Stock_OKE_adj_close - LME_ZS_Close,1,LightGBM,0.02294977588400275,0.01708527451813929,-0.11391543914289293,0.018023586364436347,1.5740265846252441,False,BASELINE
target_28,US_Stock_CVX_adj_close - LME_ZS_Close,1,Ridge,0.01989943356735941,0.014562289005862981,-0.040465273806458146,0.09472511666073977,0.007641792297363281,False,BASELINE
target_28,US_Stock_CVX_adj_close - LME_ZS_Close,1,Lasso,0.01952370756691065,0.01436739354058302,-0.001545649866887766,0.0,0.006172895431518555,False,BASELINE
target_28,US_Stock_CVX_adj_close - LME_ZS_Close,1,RandomForest,0.01931107718888668,0.014337811771667545,0.02015098471687149,0.09039170341700267,0.38826560974121094,False,BASELINE
target_28,US_Stock_CVX_adj_close - LME_ZS_Close,1,ElasticNet,0.019511798241526327,0.01436677117379271,-0.0003241508177243002,0.07901815945819299,0.004464387893676758,False,BASELINE
target_28,US_Stock_CVX_adj_close - LME_ZS_Close,1,XGBoost,0.021559362687944016,0.01595219852627704,-0.22128774209123114,0.02733268970452223,0.5648002624511719,False,BASELINE
target_28,US_Stock_CVX_adj_close - LME_ZS_Close,1,LightGBM,0.020526825300902947,0.015523832809747468,-0.1071073480028335,0.037665322192229664,1.6713848114013672,False,BASELINE
target_29,FX_CADUSD - LME_AH_Close,1,Ridge,0.012309140805960128,0.009534495066998322,-0.036068645710791936,-0.01550753107415623,0.00754857063293457,False,BASELINE
target_29,FX_CADUSD - LME_AH_Close,1,Lasso,0.012094850929951108,0.009321918071990672,-0.00030880509679609425,0.0,0.005383729934692383,False,BASELINE
target_29,FX_CADUSD - LME_AH_Close,1,RandomForest,0.012362574055043532,0.009437481761714647,-0.04508319404358585,0.000552871785748498,0.431884765625,False,BASELINE
target_29,FX_CADUSD - LME_AH_Close,1,ElasticNet,0.012094850929951108,0.009321918071990672,-0.00030880509679609425,0.0,0.006460666656494141,False,BASELINE
target_29,FX_CADUSD - LME_AH_Close,1,XGBoost,0.013966777536957083,0.010757782242091384,-0.33390678959979603,0.014226122569833652,0.5318646430969238,False,BASELINE
target_29,FX_CADUSD - LME_AH_Close,1,LightGBM,0.014000402024209548,0.010621549298371264,-0.34033718077435804,-0.08474389869159482,1.5591576099395752,False,BASELINE
target_30,LME_ZS_Close - US_Stock_CCJ_adj_close,1,Ridge,0.031173322530324944,0.02319270012496694,-0.04075766848677831,0.06331757577425577,0.008151769638061523,False,BASELINE
target_30,LME_ZS_Close - US_Stock_CCJ_adj_close,1,Lasso,0.03055864251159785,0.02226947028299771,-0.00011870420296933304,0.0,0.006232261657714844,False,BASELINE
target_30,LME_ZS_Close - US_Stock_CCJ_adj_close,1,RandomForest,0.030610121794181513,0.022373166329762502,-0.0034911550362219934,0.12058566841914288,0.3751518726348877,False,BASELINE
target_30,LME_ZS_Close - US_Stock_CCJ_adj_close,1,ElasticNet,0.03055864251159785,0.02226947028299771,-0.00011870420296933304,0.0,0.006159305572509766,False,BASELINE
target_30,LME_ZS_Close - US_Stock_CCJ_adj_close,1,XGBoost,0.03283625084130243,0.02503964183481619,-0.1547568920492346,0.03721685824642775,0.512554407119751,False,BASELINE
target_30,LME_ZS_Close - US_Stock_CCJ_adj_close,1,LightGBM,0.032169787735036225,0.024110410057459057,-0.10835739768728025,0.018978165628917815,1.569896936416626,False,BASELINE
target_31,LME_ZS_Close - US_Stock_GLD_adj_close,1,Ridge,0.01650729471273383,0.01308497264069075,-0.02913681058474249,0.09606500409570996,0.00800323486328125,False,BASELINE
target_31,LME_ZS_Close - US_Stock_GLD_adj_close,1,Lasso,0.016273140477995204,0.012892297159103899,-0.00014749020866600127,0.0,0.00545048713684082,False,BASELINE
target_31,LME_ZS_Close - US_Stock_GLD_adj_close,1,RandomForest,0.02223724961217594,0.018022458479295057,-0.8675981906858226,0.012059421472818755,0.33597826957702637,False,BASELINE
target_31,LME_ZS_Close - US_Stock_GLD_adj_close,1,ElasticNet,0.016273140477995204,0.012892297159103899,-0.00014749020866600127,0.0,0.004098653793334961,False,BASELINE
target_31,LME_ZS_Close - US_Stock_GLD_adj_close,1,XGBoost,0.017232290181940908,0.013481991643958868,-0.12152071864911629,0.046630834938180495,0.5953304767608643,False,BASELINE
target_31,LME_ZS_Close - US_Stock_GLD_adj_close,1,LightGBM,0.017541548913044856,0.013918068688336864,-0.16213660286139153,-0.00017512690906799604,1.7347333431243896,False,BASELINE
target_32,LME_ZS_Close - US_Stock_FCX_adj_close,1,Ridge,0.024164029263095764,0.016859625664839117,-0.016147144539905733,0.07770984991087937,0.0057220458984375,False,BASELINE
target_32,LME_ZS_Close - US_Stock_FCX_adj_close,1,Lasso,0.02399504951361101,0.016674540715072732,-0.00198494438995489,0.0,0.0055654048919677734,False,BASELINE
target_32,LME_ZS_Close - US_Stock_FCX_adj_close,1,RandomForest,0.02462076855252353,0.01690600154844726,-0.054923838266081715,0.027371220521571097,0.38257670402526855,False,BASELINE
target_32,LME_ZS_Close - US_Stock_FCX_adj_close,1,ElasticNet,0.02399504951361101,0.016674540715072732,-0.00198494438995489,0.0,0.006690263748168945,False,BASELINE
target_32,LME_ZS_Close - US_Stock_FCX_adj_close,1,XGBoost,0.026311003406816653,0.018582998503645035,-0.20473829855020687,0.030710944272995186,0.5193207263946533,False,BASELINE
target_32,LME_ZS_Close - US_Stock_FCX_adj_close,1,LightGBM,0.024916824907817606,0.01794715473184842,-0.08044657190527427,0.03866654402471766,1.7537665367126465,False,BASELINE
target_33,JPX_Gold_Standard_Futures_Close - US_Stock_EWY_adj_close,1,Ridge,0.019692183282538092,0.014727908033381861,-0.16852929897915359,0.012344481777057749,0.00833582878112793,False,BASELINE
target_33,JPX_Gold_Standard_Futures_Close - US_Stock_EWY_adj_close,1,Lasso,0.018220048538392805,0.013409255432848079,-0.00034758214574837076,0.0,0.005911588668823242,False,BASELINE
target_33,JPX_Gold_Standard_Futures_Close - US_Stock_EWY_adj_close,1,RandomForest,0.02075061583645929,0.015309467048572455,-0.29751936430426196,-0.013595282780284578,0.42639923095703125,False,BASELINE
target_33,JPX_Gold_Standard_Futures_Close - US_Stock_EWY_adj_close,1,ElasticNet,0.018220048538392805,0.013409255432848079,-0.00034758214574837076,0.0,0.008361101150512695,False,BASELINE
target_33,JPX_Gold_Standard_Futures_Close - US_Stock_EWY_adj_close,1,XGBoost,0.020037241840114583,0.01496922882500021,-0.20983946601672887,0.057644470558258845,0.49509263038635254,False,BASELINE
target_33,JPX_Gold_Standard_Futures_Close - US_Stock_EWY_adj_close,1,LightGBM,0.01958180744785907,0.014708973065521694,-0.15546666067596737,0.03405000541925032,1.8687553405761719,False,BASELINE
target_34,FX_AUDCAD - JPX_Platinum_Standard_Futures_Close,1,Ridge,0.01692642215322043,0.012271912172113267,-0.08899632793412726,0.01611057140868386,0.008108139038085938,False,BASELINE
target_34,FX_AUDCAD - JPX_Platinum_Standard_Futures_Close,1,Lasso,0.016234343597440606,0.011971573916900225,-0.0017642892461606774,0.0,0.00613713264465332,False,BASELINE
target_34,FX_AUDCAD - JPX_Platinum_Standard_Futures_Close,1,RandomForest,0.0179011603483379,0.012670228680919306,-0.2180312883294191,-0.09446779792330577,0.39306163787841797,False,BASELINE
target_34,FX_AUDCAD - JPX_Platinum_Standard_Futures_Close,1,ElasticNet,0.016234343597440606,0.011971573916900225,-0.0017642892461606774,0.0,0.0065517425537109375,False,BASELINE
target_34,FX_AUDCAD - JPX_Platinum_Standard_Futures_Close,1,XGBoost,0.01728609233792331,0.012774937738022329,-0.13576828165158328,-0.0385084238974182,0.5208523273468018,False,BASELINE
target_34,FX_AUDCAD - JPX_Platinum_Standard_Futures_Close,1,LightGBM,0.01872350189563764,0.013719651062420414,-0.3325092636941833,-0.10781468938864325,1.8886299133300781,False,BASELINE
target_35,US_Stock_VWO_adj_close - JPX_Gold_Standard_Futures_Close,1,Ridge,0.0155587687869482,0.011538437444140378,-0.16152144582091843,0.0033200038790423335,0.00800776481628418,False,BASELINE
target_35,US_Stock_VWO_adj_close - JPX_Gold_Standard_Futures_Close,1,Lasso,0.01443731955029734,0.010413915544383463,-0.00011494497737740694,0.0,0.006514072418212891,False,BASELINE
target_35,US_Stock_VWO_adj_close - JPX_Gold_Standard_Futures_Close,1,RandomForest,0.01927300408148003,0.014103784651191852,-0.7822786539756557,-0.018720562537197928,0.38327908515930176,False,BASELINE
target_35,US_Stock_VWO_adj_close - JPX_Gold_Standard_Futures_Close,1,ElasticNet,0.01443731955029734,0.010413915544383463,-0.00011494497737740694,0.0,0.00859975814819336,False,BASELINE
target_35,US_Stock_VWO_adj_close - JPX_Gold_Standard_Futures_Close,1,XGBoost,0.01578220279648386,0.011649200148949558,-0.19512138672855173,0.022127654719596584,0.5380592346191406,False,BASELINE
target_35,US_Stock_VWO_adj_close - JPX_Gold_Standard_Futures_Close,1,LightGBM,0.016220399967142043,0.011789109494946865,-0.26240846158714426,0.005879791520489521,1.7437694072723389,False,BASELINE
target_36,LME_PB_Close - FX_NOKUSD,1,Ridge,0.011156160099958953,0.008599216597898578,0.003465052799158763,0.0897244722898521,0.008161306381225586,False,BASELINE
target_36,LME_PB_Close - FX_NOKUSD,1,Lasso,0.01117696451472502,0.008579535935506637,-0.00025516228993671675,0.0,0.0066835880279541016,False,BASELINE
target_36,LME_PB_Close - FX_NOKUSD,1,RandomForest,0.011088387019739467,0.008532917617211193,0.015536069474273773,0.08572199904703018,0.4414641857147217,False,BASELINE
target_36,LME_PB_Close - FX_NOKUSD,1,ElasticNet,0.01117696451472502,0.008579535935506637,-0.00025516228993671675,0.0,0.007347822189331055,False,BASELINE
target_36,LME_PB_Close - FX_NOKUSD,1,XGBoost,0.011586808760367226,0.00907152802898639,-0.0749561166809325,0.05941082578691544,0.5623743534088135,False,BASELINE
target_36,LME_PB_Close - FX_NOKUSD,1,LightGBM,0.01189988693425679,0.009188936728700059,-0.1338320453044013,0.061337914887105424,1.7638072967529297,False,BASELINE
target_37,LME_CA_Close - US_Stock_VGK_adj_close,1,Ridge,0.012710713241566486,0.00940429754769954,-0.05341126370526417,0.022745494537966978,0.008318901062011719,False,BASELINE
target_37,LME_CA_Close - US_Stock_VGK_adj_close,1,Lasso,0.012388619971124226,0.009135074480087312,-0.0007001792711145427,0.0,0.00653076171875,False,BASELINE
target_37,LME_CA_Close - US_Stock_VGK_adj_close,1,RandomForest,0.012860245320390574,0.009233157918425954,-0.07834225202599376,-0.018661807341569175,0.4113752841949463,False,BASELINE
target_37,LME_CA_Close - US_Stock_VGK_adj_close,1,ElasticNet,0.012388619971124226,0.009135074480087312,-0.0007001792711145427,0.0,0.004846096038818359,False,BASELINE
target_37,LME_CA_Close - US_Stock_VGK_adj_close,1,XGBoost,0.013164416138278554,0.009995055014627453,-0.12995544775555112,0.04416138618235651,0.5137848854064941,False,BASELINE
target_37,LME_CA_Close - US_Stock_VGK_adj_close,1,LightGBM,0.013407647138706597,0.009747396166548907,-0.17209620349835775,0.040294398618684696,1.6068646907806396,False,BASELINE
target_38,US_Stock_RIO_adj_close - JPX_Platinum_Standard_Futures_Close,1,Ridge,0.022099888112808087,0.016437860741179883,-0.11124343383992819,0.08404667780940593,0.007307529449462891,False,BASELINE
target_38,US_Stock_RIO_adj_close - JPX_Platinum_Standard_Futures_Close,1,Lasso,0.02104011457531312,0.015987904956273735,-0.007222129121888576,0.0,0.005141258239746094,False,BASELINE
target_38,US_Stock_RIO_adj_close - JPX_Platinum_Standard_Futures_Close,1,RandomForest,0.02212251773080674,0.01663701925846714,-0.1135203584265625,-0.09321110547002015,0.37409496307373047,False,BASELINE
target_38,US_Stock_RIO_adj_close - JPX_Platinum_Standard_Futures_Close,1,ElasticNet,0.02104011457531312,0.015987904956273735,-0.007222129121888576,0.0,0.006214141845703125,False,BASELINE
target_38,US_Stock_RIO_adj_close - JPX_Platinum_Standard_Futures_Close,1,XGBoost,0.02384748642091389,0.018005013728202863,-0.2939404161755048,-0.017125591601493052,0.5281717777252197,False,BASELINE
target_38,US_Stock_RIO_adj_close - JPX_Platinum_Standard_Futures_Close,1,LightGBM,0.02398966383684928,0.01830259525912237,-0.3094152136768944,-0.06021870953388744,1.612302541732788,False,BASELINE
target_39,FX_EURCAD - LME_AH_Close,1,Ridge,0.012664004160062206,0.009988624746335219,-0.055872686848828845,-0.0042480558047183195,0.0068242549896240234,False,BASELINE
target_39,FX_EURCAD - LME_AH_Close,1,Lasso,0.012324470077598421,0.009569425024857747,-1.3760810925633749e-05,0.0,0.005337715148925781,False,BASELINE
target_39,FX_EURCAD - LME_AH_Close,1,RandomForest,0.012544264885033149,0.00981704271055128,-0.03600034193230606,-0.031051638274552346,0.4728546142578125,False,BASELINE
target_39,FX_EURCAD - LME_AH_Close,1,ElasticNet,0.012324470077598421,0.009569425024857747,-1.3760810925633749e-05,0.0,0.005071878433227539,False,BASELINE
target_39,FX_EURCAD - LME_AH_Close,1,XGBoost,0.013115513015075958,0.010349370329575074,-0.13250474998329698,-0.06487161655281207,0.4873008728027344,False,BASELINE
target_39,FX_EURCAD - LME_AH_Close,1,LightGBM,0.01385762369453654,0.010828303598995738,-0.26429084870104336,-0.08619947922563116,1.7776432037353516,False,BASELINE
target_40,LME_CA_Close - US_Stock_HL_adj_close,1,Ridge,0.0332278123979642,0.02454721157512146,0.0034689356901496105,0.06739981444369683,0.007969856262207031,False,BASELINE
target_40,LME_CA_Close - US_Stock_HL_adj_close,1,Lasso,0.033309557285224604,0.024252172819459347,-0.00144029645715249,0.05455398768607234,0.005728244781494141,False,BASELINE
target_40,LME_CA_Close - US_Stock_HL_adj_close,1,RandomForest,0.034546511870636704,0.025509679106380256,-0.07719852208191735,-0.06078468153772724,0.4347822666168213,False,BASELINE
target_40,LME_CA_Close - US_Stock_HL_adj_close,1,ElasticNet,0.03332496255459307,0.02426483689528379,-0.0023668188301724236,0.05455398768607234,0.003981351852416992,False,BASELINE
target_40,LME_CA_Close - US_Stock_HL_adj_close,1,XGBoost,0.037803684136616104,0.028935554006384662,-0.28989866509728235,0.0033326259693361327,0.5490217208862305,False,BASELINE
target_40,LME_CA_Close - US_Stock_HL_adj_close,1,LightGBM,0.03551352472832626,0.026703252468192034,-0.1383476052884114,0.01058134456617704,1.4263153076171875,False,BASELINE
target_41,LME_ZS_Close - US_Stock_TECK_adj_close,1,Ridge,0.02495721107550564,0.017945412776246453,-0.003933965319701027,0.18062624165920071,0.007271289825439453,False,BASELINE
target_41,LME_ZS_Close - US_Stock_TECK_adj_close,1,Lasso,0.024940150172074738,0.017969108560389722,-0.0025618435732999156,0.0,0.00455164909362793,False,BASELINE
target_41,LME_ZS_Close - US_Stock_TECK_adj_close,1,RandomForest,0.025142065327659283,0.01823610301729419,-0.018861013745629984,0.06584873177843621,0.3753361701965332,False,BASELINE
target_41,LME_ZS_Close - US_Stock_TECK_adj_close,1,ElasticNet,0.024949789026622423,0.017966806867170306,-0.003336932343792842,-0.027968882743915645,0.006036043167114258,False,BASELINE
target_41,LME_ZS_Close - US_Stock_TECK_adj_close,1,XGBoost,0.025521430049470068,0.018566080952333884,-0.04983985256016332,0.13090033917258695,0.5404024124145508,False,BASELINE
target_41,LME_ZS_Close - US_Stock_TECK_adj_close,1,LightGBM,0.025803872264695812,0.01923192051229029,-0.0732053035844531,0.06656517321123218,1.4260435104370117,False,BASELINE
target_42,US_Stock_ALB_adj_close - LME_AH_Close,1,Ridge,0.03830842284154029,0.02754638501355765,-0.019098012076602444,-0.05597035734435758,0.007278919219970703,False,BASELINE
target_42,US_Stock_ALB_adj_close - LME_AH_Close,1,Lasso,0.037950562709893276,0.02710295935391102,-0.00014702870240368426,0.0,0.006296873092651367,False,BASELINE
target_42,US_Stock_ALB_adj_close - LME_AH_Close,1,RandomForest,0.040766527434220635,0.02945348523228326,-0.15407716404297878,-0.06202664855042286,0.39111900329589844,False,BASELINE
target_42,US_Stock_ALB_adj_close - LME_AH_Close,1,ElasticNet,0.037950562709893276,0.02710295935391102,-0.00014702870240368426,0.0,0.0063953399658203125,False,BASELINE
target_42,US_Stock_ALB_adj_close - LME_AH_Close,1,XGBoost,0.04112685447267294,0.030864794244835445,-0.17456863184875138,0.00722047232118478,0.5356078147888184,False,BASELINE
target_42,US_Stock_ALB_adj_close - LME_AH_Close,1,LightGBM,0.03953190331427989,0.02950181481784526,-0.08523266805403495,-0.0084392629025728,1.3975813388824463,False,BASELINE
target_43,FX_ZARGBP - LME_AH_Close,1,Ridge,0.012588709159001604,0.009791658328579853,-0.0618863488871757,-0.0679641653489723,0.007451772689819336,False,BASELINE
target_43,FX_ZARGBP - LME_AH_Close,1,Lasso,0.01221690114868342,0.009482923628813072,-8.694349426829895e-05,0.0,0.005698680877685547,False,BASELINE
target_43,FX_ZARGBP - LME_AH_Close,1,RandomForest,0.012535960076522756,0.009703809689500877,-0.05300598216674457,-0.023468685735186356,0.3955838680267334,False,BASELINE
target_43,FX_ZARGBP - LME_AH_Close,1,ElasticNet,0.01221690114868342,0.009482923628813072,-8.694349426829895e-05,0.0,0.007123231887817383,False,BASELINE
target_43,FX_ZARGBP - LME_AH_Close,1,XGBoost,0.01345305536876943,0.010631423731480037,-0.2127115028395521,-0.07262923875626241,0.5245137214660645,False,BASELINE
target_43,FX_ZARGBP - LME_AH_Close,1,LightGBM,0.014212214826946937,0.011102025150157882,-0.3534404896813006,-0.08697728174689569,1.3901195526123047,False,BASELINE
target_44,JPX_Gold_Standard_Futures_Close - FX_NOKGBP,1,Ridge,0.011528363608783102,0.00854710032892,-0.08088263843072019,-0.09281691376967519,0.007655620574951172,False,BASELINE
target_44,JPX_Gold_Standard_Futures_Close - FX_NOKGBP,1,Lasso,0.011096766093121881,0.008034960986301904,-0.0014656849351761814,0.0,0.005677700042724609,False,BASELINE
target_44,JPX_Gold_Standard_Futures_Close - FX_NOKGBP,1,RandomForest,0.022133471820672,0.015323900023610493,-2.98421066289697,0.04617815022289205,0.35673093795776367,False,BASELINE
target_44,JPX_Gold_Standard_Futures_Close - FX_NOKGBP,1,ElasticNet,0.011096766093121881,0.008034960986301904,-0.0014656849351761814,0.0,0.004497528076171875,False,BASELINE
target_44,JPX_Gold_Standard_Futures_Close - FX_NOKGBP,1,XGBoost,0.013320225791469225,0.010649948318863433,-0.4430001714579028,0.03634033332425423,0.5180981159210205,False,BASELINE
target_44,JPX_Gold_Standard_Futures_Close - FX_NOKGBP,1,LightGBM,0.012328406139519466,0.009345814454103178,-0.23610987406289308,0.010250310959389157,1.4724552631378174,False,BASELINE
target_45,LME_CA_Close - FX_NOKEUR,1,Ridge,0.011862400958694976,0.008896407623162158,-0.011566916876356137,0.03718622597825586,0.0076694488525390625,False,BASELINE
target_45,LME_CA_Close - FX_NOKEUR,1,Lasso,0.011796701883213887,0.008850808718382465,-0.00039296108591524437,0.0,0.004533290863037109,False,BASELINE
target_45,LME_CA_Close - FX_NOKEUR,1,RandomForest,0.011889694379855178,0.00895665202965731,-0.01622716803463531,0.019446307117539995,0.35523295402526855,False,BASELINE
target_45,LME_CA_Close - FX_NOKEUR,1,ElasticNet,0.011796513707130165,0.008851118000787013,-0.0003610456353051461,0.13038020510000586,0.004127025604248047,False,BASELINE
target_45,LME_CA_Close - FX_NOKEUR,1,XGBoost,0.013055051529159523,0.010022455053992588,-0.2251989027225647,0.035351448053814176,0.561253547668457,False,BASELINE
target_45,LME_CA_Close - FX_NOKEUR,1,LightGBM,0.012764441881663945,0.009577401338391613,-0.17125937207709252,0.023668485934986553,1.4002065658569336,False,BASELINE
target_46,US_Stock_EEM_adj_close - LME_PB_Close,1,Ridge,0.013887895195696843,0.010640504817042458,-0.09604241632264565,0.06213673659913393,0.008017301559448242,False,BASELINE
target_46,US_Stock_EEM_adj_close - LME_PB_Close,1,Lasso,0.013304141263536517,0.009845700171465875,-0.00583836292005846,0.0,0.006067991256713867,False,BASELINE
target_46,US_Stock_EEM_adj_close - LME_PB_Close,1,RandomForest,0.014109527824427823,0.010212349480515803,-0.13130436080243668,-0.1089400910978603,0.35121822357177734,False,BASELINE
target_46,US_Stock_EEM_adj_close - LME_PB_Close,1,ElasticNet,0.013304141263536517,0.009845700171465875,-0.00583836292005846,0.0,0.0031392574310302734,False,BASELINE
target_46,US_Stock_EEM_adj_close - LME_PB_Close,1,XGBoost,0.014231465325904068,0.010806272333512735,-0.15094279499002594,-0.04955685939076404,0.502478837966919,False,BASELINE
target_46,US_Stock_EEM_adj_close - LME_PB_Close,1,LightGBM,0.014668165296704689,0.011167633173405026,-0.22266108983221056,-0.06287635446323747,1.4409105777740479,False,BASELINE
target_47,US_Stock_DE_adj_close - LME_CA_Close,1,Ridge,0.019721330687407196,0.01474194218715607,-0.020174015369981646,0.07484350476891287,0.008321046829223633,False,BASELINE
target_47,US_Stock_DE_adj_close - LME_CA_Close,1,Lasso,0.019525950921280556,0.014524211235021147,-6.036050848079455e-05,0.0,0.0055620670318603516,False,BASELINE
target_47,US_Stock_DE_adj_close - LME_CA_Close,1,RandomForest,0.019693904237964265,0.014538494149968826,-0.01733847695906232,0.10577129352732974,0.4042975902557373,False,BASELINE
target_47,US_Stock_DE_adj_close - LME_CA_Close,1,ElasticNet,0.019525950921280556,0.014524211235021147,-6.036050848079455e-05,0.0,0.004873514175415039,False,BASELINE
target_47,US_Stock_DE_adj_close - LME_CA_Close,1,XGBoost,0.021258833940583647,0.016125134057798352,-0.1854430798767268,-0.008170706004796073,0.5333776473999023,False,BASELINE
target_47,US_Stock_DE_adj_close - LME_CA_Close,1,LightGBM,0.020681248216379865,0.015645143201974722,-0.12190302960354304,0.04590686116520957,1.4969329833984375,False,BASELINE
target_48,LME_CA_Close - US_Stock_EWZ_adj_close,1,Ridge,0.016796248600136975,0.012830485361671338,-0.032496196909558295,0.07091423054610191,0.007082700729370117,False,BASELINE
target_48,LME_CA_Close - US_Stock_EWZ_adj_close,1,Lasso,0.016537663627446488,0.012506942515773667,-0.000949532699220601,0.0,0.005670070648193359,False,BASELINE
target_48,LME_CA_Close - US_Stock_EWZ_adj_close,1,RandomForest,0.016574327437810447,0.012558885114574604,-0.005392639644949071,0.06082350206016747,0.3668222427368164,False,BASELINE
target_48,LME_CA_Close - US_Stock_EWZ_adj_close,1,ElasticNet,0.016544729702298675,0.012519887842140007,-0.001805070153700239,0.03480969614974292,0.005110979080200195,False,BASELINE
target_48,LME_CA_Close - US_Stock_EWZ_adj_close,1,XGBoost,0.01734475705565349,0.013382107003159404,-0.10103294732347434,0.019008005284226335,0.5667934417724609,False,BASELINE
target_48,LME_CA_Close - US_Stock_EWZ_adj_close,1,LightGBM,0.017636598172283142,0.013685030673964373,-0.138396398284228,0.0265067396337979,1.3977429866790771,False,BASELINE
target_49,LME_PB_Close - US_Stock_STLD_adj_close,1,Ridge,0.024255629892472236,0.01778451846779433,-0.06798958243832232,0.03693787195456261,0.006771087646484375,False,BASELINE
target_49,LME_PB_Close - US_Stock_STLD_adj_close,1,Lasso,0.023476852089609947,0.017311096066379292,-0.0005104510259359429,0.0,0.005149364471435547,False,BASELINE
target_49,LME_PB_Close - US_Stock_STLD_adj_close,1,RandomForest,0.037038133720532024,0.0301194297234514,-1.4902336223225463,0.1500631919884871,0.40347886085510254,False,BASELINE
target_49,LME_PB_Close - US_Stock_STLD_adj_close,1,ElasticNet,0.023476852089609947,0.017311096066379292,-0.0005104510259359429,0.0,0.005980014801025391,False,BASELINE
target_49,LME_PB_Close - US_Stock_STLD_adj_close,1,XGBoost,0.029969919067489217,0.022857841960649578,-0.6304708629232632,0.11435352604053123,0.5300679206848145,False,BASELINE
target_49,LME_PB_Close - US_Stock_STLD_adj_close,1,LightGBM,0.02565018201580344,0.019134346627723474,-0.19432577335578016,0.017438381473919636,1.4053726196289062,False,BASELINE
target_50,US_Stock_SLB_adj_close - JPX_Gold_Standard_Futures_Close,1,Ridge,0.02461918514032035,0.017800631613892358,-0.11629861943448616,0.020102566442861135,0.0065555572509765625,False,BASELINE
target_50,US_Stock_SLB_adj_close - JPX_Gold_Standard_Futures_Close,1,Lasso,0.023371993368754288,0.016285937796262747,-0.0060615420000655895,0.04811115357775103,0.006341695785522461,False,BASELINE
target_50,US_Stock_SLB_adj_close - JPX_Gold_Standard_Futures_Close,1,RandomForest,0.02643446962194123,0.018469875606804707,-0.2869872410355647,-0.03231622561575044,0.3716878890991211,False,BASELINE
target_50,US_Stock_SLB_adj_close - JPX_Gold_Standard_Futures_Close,1,ElasticNet,0.02352128601990345,0.016349410783920458,-0.018955376001139168,0.04634238633360145,0.015353918075561523,False,BASELINE
target_50,US_Stock_SLB_adj_close - JPX_Gold_Standard_Futures_Close,1,XGBoost,0.026992672837100305,0.01966606411639422,-0.3419144231443356,0.009878247509521718,0.5504498481750488,False,BASELINE
target_50,US_Stock_SLB_adj_close - JPX_Gold_Standard_Futures_Close,1,LightGBM,0.026279517652659106,0.019153104122838445,-0.2719434945394672,0.02834286931240172,1.4142255783081055,False,BASELINE
target_51,JPX_Gold_Standard_Futures_Close - US_Stock_AMP_adj_close,1,Ridge,0.02272168968734559,0.015932951801707573,-0.31187250707927006,0.0638212750260029,0.007737159729003906,False,BASELINE
target_51,JPX_Gold_Standard_Futures_Close - US_Stock_AMP_adj_close,1,Lasso,0.019844893322495425,0.013693790693891025,-0.0007092618365855952,0.0,0.006098747253417969,False,BASELINE
target_51,JPX_Gold_Standard_Futures_Close - US_Stock_AMP_adj_close,1,RandomForest,0.022049675873458324,0.014741006526191824,-0.23542049436456414,-0.0364204045232676,0.3393399715423584,False,BASELINE
target_51,JPX_Gold_Standard_Futures_Close - US_Stock_AMP_adj_close,1,ElasticNet,0.019844893322495425,0.013693790693891025,-0.0007092618365855952,0.0,0.0039463043212890625,False,BASELINE
target_51,JPX_Gold_Standard_Futures_Close - US_Stock_AMP_adj_close,1,XGBoost,0.02295164976013802,0.016186205958932616,-0.3385610943806736,0.0014751769813064388,0.4786388874053955,False,BASELINE
target_51,JPX_Gold_Standard_Futures_Close - US_Stock_AMP_adj_close,1,LightGBM,0.02205716261984219,0.016154859842242866,-0.23625958607928643,0.041801625014498876,1.4601476192474365,False,BASELINE
target_52,US_Stock_CAT_adj_close - JPX_Gold_Standard_Futures_Close,1,Ridge,0.021653451713096704,0.016007582558971264,-0.092509796428913,0.11493146074466204,0.0074214935302734375,False,BASELINE
target_52,US_Stock_CAT_adj_close - JPX_Gold_Standard_Futures_Close,1,Lasso,0.020722415025825554,0.014807028794620068,-0.0005799664131371784,0.0,0.005679130554199219,False,BASELINE
target_52,US_Stock_CAT_adj_close - JPX_Gold_Standard_Futures_Close,1,RandomForest,0.021648816135816783,0.01585041899847393,-0.092042076865128,-0.03423292888612539,0.3445165157318115,False,BASELINE
target_52,US_Stock_CAT_adj_close - JPX_Gold_Standard_Futures_Close,1,ElasticNet,0.02073033063486918,0.01481800136248954,-0.0013445213659988298,0.0013797221160556227,0.004632472991943359,False,BASELINE
target_52,US_Stock_CAT_adj_close - JPX_Gold_Standard_Futures_Close,1,XGBoost,0.021996415040686272,0.016443909694395378,-0.12739182029270713,0.022590858009937195,0.5678079128265381,False,BASELINE
target_52,US_Stock_CAT_adj_close - JPX_Gold_Standard_Futures_Close,1,LightGBM,0.02233046145448661,0.016328871940453637,-0.16189387914984144,0.030356548641099216,1.3734030723571777,False,BASELINE
target_53,US_Stock_EOG_adj_close - LME_AH_Close,1,Ridge,0.019944176579323413,0.014166938440710562,0.014973147684335775,0.1323045412044357,0.008152961730957031,False,BASELINE
target_53,US_Stock_EOG_adj_close - LME_AH_Close,1,Lasso,0.020100282281064703,0.014358253919022866,-0.0005070692921977926,0.0,0.006014585494995117,False,BASELINE
target_53,US_Stock_EOG_adj_close - LME_AH_Close,1,RandomForest,0.0200183518366097,0.01443701643870683,0.007632610077110358,0.10376334545991817,0.3676731586456299,False,BASELINE
target_53,US_Stock_EOG_adj_close - LME_AH_Close,1,ElasticNet,0.02010378104953794,0.014356746771813698,-0.0008554074104818454,0.029611512312841266,0.00632166862487793,False,BASELINE
target_53,US_Stock_EOG_adj_close - LME_AH_Close,1,XGBoost,0.02188782714196985,0.015781956051980784,-0.18637271237258268,-0.007735278801604678,0.5364785194396973,False,BASELINE
target_53,US_Stock_EOG_adj_close - LME_AH_Close,1,LightGBM,0.023098028778992627,0.017230488920313286,-0.32119123773580505,0.01928554304913476,1.4073476791381836,False,BASELINE
target_54,US_Stock_TIP_adj_close - JPX_Platinum_Standard_Futures_Close,1,Ridge,0.01746740262281638,0.012757226871493353,-0.10804080216929912,0.003110839831679987,0.007330417633056641,False,BASELINE
target_54,US_Stock_TIP_adj_close - JPX_Platinum_Standard_Futures_Close,1,Lasso,0.016628988654270104,0.012181012591506949,-0.004224390707587844,0.0,0.00531458854675293,False,BASELINE
target_54,US_Stock_TIP_adj_close - JPX_Platinum_Standard_Futures_Close,1,RandomForest,0.017036178616756183,0.012521253088850447,-0.05400691700543425,-0.07195623527532644,0.32599306106567383,False,BASELINE
target_54,US_Stock_TIP_adj_close - JPX_Platinum_Standard_Futures_Close,1,ElasticNet,0.016628988654270104,0.012181012591506949,-0.004224390707587844,0.0,0.005636692047119141,False,BASELINE
target_54,US_Stock_TIP_adj_close - JPX_Platinum_Standard_Futures_Close,1,XGBoost,0.018530169044883287,0.013768046275514626,-0.24697530805775547,-0.12805783576058705,0.49831175804138184,False,BASELINE
target_54,US_Stock_TIP_adj_close - JPX_Platinum_Standard_Futures_Close,1,LightGBM,0.0190549712907233,0.014108524259411968,-0.31860794725900665,-0.06661380520742419,1.4355576038360596,False,BASELINE
target_55,LME_ZS_Close - US_Stock_MS_adj_close,1,Ridge,0.023359043635575196,0.016995308000452194,-0.010830574565870998,0.012031609755249644,0.00792837142944336,False,BASELINE
target_55,LME_ZS_Close - US_Stock_MS_adj_close,1,Lasso,0.023244122174869195,0.016562101848377614,-0.0009089038151268714,0.0,0.0056536197662353516,False,BASELINE
target_55,LME_ZS_Close - US_Stock_MS_adj_close,1,RandomForest,0.023413968281143924,0.017006157777227096,-0.015589740569737609,-0.025164244850305603,0.39478278160095215,False,BASELINE
target_55,LME_ZS_Close - US_Stock_MS_adj_close,1,ElasticNet,0.023244122174869195,0.016562101848377614,-0.0009089038151268714,0.0,0.00498509407043457,False,BASELINE
target_55,LME_ZS_Close - US_Stock_MS_adj_close,1,XGBoost,0.024541242375832696,0.01767003103397786,-0.11573573504274193,0.008708399211132221,0.5303223133087158,False,BASELINE
target_55,LME_ZS_Close - US_Stock_MS_adj_close,1,LightGBM,0.024555387204272108,0.017799939609484366,-0.11702225822815215,-0.0437891147544783,1.4194362163543701,False,BASELINE
target_56,FX_NZDUSD - LME_ZS_Close,1,Ridge,0.014148750887907784,0.0114452367503237,-0.0010421263582471862,0.08084667511815705,0.007604837417602539,False,BASELINE
target_56,FX_NZDUSD - LME_ZS_Close,1,Lasso,0.014152167100225316,0.011472394439862635,-0.0015255874526045599,0.0,0.006154298782348633,False,BASELINE
target_56,FX_NZDUSD - LME_ZS_Close,1,RandomForest,0.014266811835040178,0.011525930698871202,-0.017817750130653343,0.09987621345031057,0.38646483421325684,False,BASELINE
target_56,FX_NZDUSD - LME_ZS_Close,1,ElasticNet,0.014152167100225316,0.011472394439862635,-0.0015255874526045599,0.0,0.004638671875,False,BASELINE
target_56,FX_NZDUSD - LME_ZS_Close,1,XGBoost,0.01515266063277359,0.01224380004205824,-0.14813761913083523,0.007437394485962355,0.5476217269897461,False,BASELINE
target_56,FX_NZDUSD - LME_ZS_Close,1,LightGBM,0.015196180848355098,0.012231578751907737,-0.15474226154108073,0.07461380462625793,1.391099214553833,False,BASELINE
target_57,JPX_Platinum_Standard_Futures_Close - US_Stock_JNK_adj_close,1,Ridge,0.016952646017625195,0.012486852249703532,-0.06072218129210527,0.028123056913537288,0.006522655487060547,False,BASELINE
target_57,JPX_Platinum_Standard_Futures_Close - US_Stock_JNK_adj_close,1,Lasso,0.016491898542002868,0.012153714644887261,-0.003848031976625199,0.0,0.00479888916015625,False,BASELINE
target_57,JPX_Platinum_Standard_Futures_Close - US_Stock_JNK_adj_close,1,RandomForest,0.01700166589159843,0.012517835282022344,-0.06686536902540974,-0.0773697811193319,0.35176873207092285,False,BASELINE
target_57,JPX_Platinum_Standard_Futures_Close - US_Stock_JNK_adj_close,1,ElasticNet,0.016491898542002868,0.012153714644887261,-0.003848031976625199,0.0,0.003415346145629883,False,BASELINE
target_57,JPX_Platinum_Standard_Futures_Close - US_Stock_JNK_adj_close,1,XGBoost,0.0179313383473562,0.013216599001717193,-0.1867304170353632,-0.02157546163455999,0.5195274353027344,False,BASELINE
target_57,JPX_Platinum_Standard_Futures_Close - US_Stock_JNK_adj_close,1,LightGBM,0.018568340063037227,0.014135844570210252,-0.2725440529245564,-0.14001935718183772,1.5340516567230225,False,BASELINE
target_58,US_Stock_ENB_adj_close - JPX_Gold_Standard_Futures_Close,1,Ridge,0.01579508446940178,0.012352917303227774,-0.2260226302463879,-0.02337008916092892,0.007668495178222656,False,BASELINE
target_58,US_Stock_ENB_adj_close - JPX_Gold_Standard_Futures_Close,1,Lasso,0.014265134373615956,0.0110751835464054,-1.4540723977329861e-05,0.0,0.005907297134399414,False,BASELINE
target_58,US_Stock_ENB_adj_close - JPX_Gold_Standard_Futures_Close,1,RandomForest,0.01633841871270949,0.012532498143377776,-0.31182113767175945,0.04209597587387789,0.36152052879333496,False,BASELINE
target_58,US_Stock_ENB_adj_close - JPX_Gold_Standard_Futures_Close,1,ElasticNet,0.014268288433852748,0.011060816258638818,-0.00045680151272797787,-0.0019117593928918452,0.006400346755981445,False,BASELINE
target_58,US_Stock_ENB_adj_close - JPX_Gold_Standard_Futures_Close,1,XGBoost,0.015579451645324567,0.012048237089212353,-0.19277606647267742,0.12181980327170602,0.5143320560455322,False,BASELINE
target_58,US_Stock_ENB_adj_close - JPX_Gold_Standard_Futures_Close,1,LightGBM,0.016185759449734636,0.012674800256300666,-0.2874214608687935,0.029546133032137108,1.4021258354187012,False,BASELINE
target_59,JPX_Gold_Standard_Futures_Close - US_Stock_VXUS_adj_close,1,Ridge,0.015018382358756178,0.01100793585272269,-0.14932378143528102,0.016928597098704517,0.007009983062744141,False,BASELINE
target_59,JPX_Gold_Standard_Futures_Close - US_Stock_VXUS_adj_close,1,Lasso,0.01401105561545459,0.010087451876169782,-0.0003173304404138211,0.0,0.006129741668701172,False,BASELINE
target_59,JPX_Gold_Standard_Futures_Close - US_Stock_VXUS_adj_close,1,RandomForest,0.024248013803814274,0.016909819306521186,-1.9960456082171185,-0.0417270865539843,0.3999040126800537,False,BASELINE
target_59,JPX_Gold_Standard_Futures_Close - US_Stock_VXUS_adj_close,1,ElasticNet,0.01401105561545459,0.010087451876169782,-0.0003173304404138211,0.0,0.006968975067138672,False,BASELINE
target_59,JPX_Gold_Standard_Futures_Close - US_Stock_VXUS_adj_close,1,XGBoost,0.015597289400579193,0.011523395469091717,-0.23963645611906514,0.06614527774133253,0.5404114723205566,False,BASELINE
target_59,JPX_Gold_Standard_Futures_Close - US_Stock_VXUS_adj_close,1,LightGBM,0.016243457598765065,0.011942120296135757,-0.34447594789726477,-0.10115249390096655,1.4770879745483398,False,BASELINE
target_60,LME_AH_Close - FX_NOKCHF,1,Ridge,0.01241723783443819,0.009376849419462442,-0.025384098877434313,0.024944918095603022,0.0077512264251708984,False,BASELINE
target_60,LME_AH_Close - FX_NOKCHF,1,Lasso,0.012263891625907965,0.009279377424534977,-0.00021459518378397213,0.0,0.006079435348510742,False,BASELINE
target_60,LME_AH_Close - FX_NOKCHF,1,RandomForest,0.012319593516624804,0.009399470570074822,-0.009321063230966375,-0.04131982587773372,0.3773961067199707,False,BASELINE
target_60,LME_AH_Close - FX_NOKCHF,1,ElasticNet,0.012263891625907965,0.009279377424534977,-0.00021459518378397213,0.0,0.005372762680053711,False,BASELINE
target_60,LME_AH_Close - FX_NOKCHF,1,XGBoost,0.012855935226797087,0.010075319607017814,-0.09911701382228721,-0.0018387589994065708,0.5150923728942871,False,BASELINE
target_60,LME_AH_Close - FX_NOKCHF,1,LightGBM,0.013772703341812123,0.01025593176635784,-0.26146430348041694,-0.052362830195955966,1.4511520862579346,False,BASELINE
target_61,LME_AH_Close - US_Stock_BNDX_adj_close,1,Ridge,0.012477920661989241,0.009746994228467866,-0.055385262470402985,-0.010127955628722263,0.0076236724853515625,False,BASELINE
target_61,LME_AH_Close - US_Stock_BNDX_adj_close,1,Lasso,0.012146221866195156,0.009339512976422527,-2.073513373601621e-05,0.0,0.005347251892089844,False,BASELINE
target_61,LME_AH_Close - US_Stock_BNDX_adj_close,1,RandomForest,0.012413740948749467,0.009503872022241509,-0.04455651449760922,-0.009146144057454373,0.35564708709716797,False,BASELINE
target_61,LME_AH_Close - US_Stock_BNDX_adj_close,1,ElasticNet,0.012146221866195156,0.009339512976422527,-2.073513373601621e-05,0.0,0.005719423294067383,False,BASELINE
target_61,LME_AH_Close - US_Stock_BNDX_adj_close,1,XGBoost,0.013208963149556791,0.010215271629609756,-0.18267125848548593,-0.15700771992441587,0.5220382213592529,False,BASELINE
target_61,LME_AH_Close - US_Stock_BNDX_adj_close,1,LightGBM,0.01466969900885555,0.011239984989743004,-0.4587101058324725,-0.13537368012034362,1.4570353031158447,False,BASELINE
target_62,JPX_Gold_Standard_Futures_Close - US_Stock_HES_adj_close,1,Ridge,0.02409307649848682,0.017660636298344766,-0.46259170857748044,0.10472235979774479,0.008663177490234375,False,BASELINE
target_62,JPX_Gold_Standard_Futures_Close - US_Stock_HES_adj_close,1,Lasso,0.01993380656097747,0.013796245892012905,-0.0011959104512901941,0.0,0.004843235015869141,False,BASELINE
target_62,JPX_Gold_Standard_Futures_Close - US_Stock_HES_adj_close,1,RandomForest,0.023639232880882186,0.015824344520913525,-0.4080087254938167,0.01090903506448133,0.3403902053833008,False,BASELINE
target_62,JPX_Gold_Standard_Futures_Close - US_Stock_HES_adj_close,1,ElasticNet,0.01993380656097747,0.013796245892012905,-0.0011959104512901941,0.0,0.0055043697357177734,False,BASELINE
target_62,JPX_Gold_Standard_Futures_Close - US_Stock_HES_adj_close,1,XGBoost,0.021954322120148535,0.016310907224093747,-0.2144472393002499,-0.018998859722878104,0.5386853218078613,False,BASELINE
target_62,JPX_Gold_Standard_Futures_Close - US_Stock_HES_adj_close,1,LightGBM,0.02330437410246869,0.01733226387206793,-0.36840128916403536,0.026013291715138043,1.4201505184173584,False,BASELINE
target_63,US_Stock_COP_adj_close - JPX_Gold_Standard_Futures_Close,1,Ridge,0.023034440056425486,0.01629803677877687,-0.11720813417218312,0.03685546574178128,0.007884740829467773,False,BASELINE
target_63,US_Stock_COP_adj_close - JPX_Gold_Standard_Futures_Close,1,Lasso,0.021817688558298184,0.014951328836748018,-0.002296574680769492,0.0,0.004903078079223633,False,BASELINE
target_63,US_Stock_COP_adj_close - JPX_Gold_Standard_Futures_Close,1,RandomForest,0.025607272699623998,0.01779570895834973,-0.3807193872274566,-0.03625459447844945,0.30808138847351074,False,BASELINE
target_63,US_Stock_COP_adj_close - JPX_Gold_Standard_Futures_Close,1,ElasticNet,0.021817688558298184,0.014951328836748018,-0.002296574680769492,0.0,0.0045168399810791016,False,BASELINE
target_63,US_Stock_COP_adj_close - JPX_Gold_Standard_Futures_Close,1,XGBoost,0.02530160430464879,0.01764359962609644,-0.3479534327355356,0.007342038360686288,0.5634291172027588,False,BASELINE
target_63,US_Stock_COP_adj_close - JPX_Gold_Standard_Futures_Close,1,LightGBM,0.025337603693927065,0.0187271691337098,-0.3517919262212459,-0.006181368046959231,1.50252103805542,False,BASELINE
target_64,FX_CADJPY - LME_AH_Close,1,Ridge,0.01431326978866725,0.010933696405852341,-0.024128751988904185,0.048532289628180035,0.007831335067749023,False,BASELINE
target_64,FX_CADJPY - LME_AH_Close,1,Lasso,0.01415169716073535,0.010911214196807947,-0.001137886691523038,0.0,0.005914449691772461,False,BASELINE
target_64,FX_CADJPY - LME_AH_Close,1,RandomForest,0.014426018098297015,0.01110426990273189,-0.040326807636291706,-0.016017606304032206,0.40051889419555664,False,BASELINE
target_64,FX_CADJPY - LME_AH_Close,1,ElasticNet,0.01415169716073535,0.010911214196807947,-0.001137886691523038,0.0,0.004893302917480469,False,BASELINE
target_64,FX_CADJPY - LME_AH_Close,1,XGBoost,0.015434058143091395,0.011635569192453796,-0.1907952903152974,0.015004671542654106,0.5103275775909424,False,BASELINE
target_64,FX_CADJPY - LME_AH_Close,1,LightGBM,0.015661348324031016,0.011831638669801883,-0.22612611354025036,0.0003040546004431434,1.4462003707885742,False,BASELINE
target_65,US_Stock_OXY_adj_close - LME_ZS_Close,1,Ridge,0.02322891401688146,0.016760206898677285,-0.03695144948870377,0.0670098709869466,0.0075190067291259766,False,BASELINE
target_65,US_Stock_OXY_adj_close - LME_ZS_Close,1,Lasso,0.02286056323519769,0.0164879844670448,-0.004325437731092618,0.01621466590087875,0.007166385650634766,False,BASELINE
target_65,US_Stock_OXY_adj_close - LME_ZS_Close,1,RandomForest,0.025516265247166634,0.017128705486199755,-0.25122330927706815,0.031707537708605876,0.3488287925720215,False,BASELINE
target_65,US_Stock_OXY_adj_close - LME_ZS_Close,1,ElasticNet,0.02287002443916753,0.016475621138101096,-0.005156921542167847,0.02143283940978321,0.012253284454345703,False,BASELINE
target_65,US_Stock_OXY_adj_close - LME_ZS_Close,1,XGBoost,0.030014151022225544,0.01857746539685367,-0.731221899076586,-0.008387695342913408,0.5250568389892578,False,BASELINE
target_65,US_Stock_OXY_adj_close - LME_ZS_Close,1,LightGBM,0.024514814128177305,0.01817485821409529,-0.15493573656714266,0.0021810470387401294,1.398857831954956,False,BASELINE
target_66,US_Stock_RSP_adj_close - JPX_Platinum_Standard_Futures_Close,1,Ridge,0.019047567109050104,0.014320207510739588,-0.03700307719296703,0.08187099141856959,0.007405757904052734,False,BASELINE
target_66,US_Stock_RSP_adj_close - JPX_Platinum_Standard_Futures_Close,1,Lasso,0.018750455314356713,0.013928199340635336,-0.004904188899555795,0.0,0.004503011703491211,False,BASELINE
target_66,US_Stock_RSP_adj_close - JPX_Platinum_Standard_Futures_Close,1,RandomForest,0.019867639808860166,0.01447152243226984,-0.12821943324142815,-0.006891384913187414,0.3549673557281494,False,BASELINE
target_66,US_Stock_RSP_adj_close - JPX_Platinum_Standard_Futures_Close,1,ElasticNet,0.018750455314356713,0.013928199340635336,-0.004904188899555795,0.0,0.00455474853515625,False,BASELINE
target_66,US_Stock_RSP_adj_close - JPX_Platinum_Standard_Futures_Close,1,XGBoost,0.021447960216532197,0.01542184617043065,-0.3148403133406168,-0.10221961084078245,0.544989824295044,False,BASELINE
target_66,US_Stock_RSP_adj_close - JPX_Platinum_Standard_Futures_Close,1,LightGBM,0.020512113404600296,0.015582821951312255,-0.2026017685973982,-0.0631146808441861,1.4261863231658936,False,BASELINE
target_67,JPX_Gold_Standard_Futures_Close - US_Stock_HAL_adj_close,1,Ridge,0.027939110085119314,0.0199057061504743,-0.1801646029302355,0.01417409674407638,0.007460594177246094,False,BASELINE
target_67,JPX_Gold_Standard_Futures_Close - US_Stock_HAL_adj_close,1,Lasso,0.02591746850094659,0.017974799280817386,-0.015553028398774815,0.08049126930251398,0.006626129150390625,False,BASELINE
target_67,JPX_Gold_Standard_Futures_Close - US_Stock_HAL_adj_close,1,RandomForest,0.030662736624427287,0.020552175693815018,-0.42147515110783984,-0.03743732209171654,0.33260536193847656,False,BASELINE
target_67,JPX_Gold_Standard_Futures_Close - US_Stock_HAL_adj_close,1,ElasticNet,0.02612655657417952,0.01814016476368385,-0.03200498612170377,0.08049126930251398,0.006347179412841797,False,BASELINE
target_67,JPX_Gold_Standard_Futures_Close - US_Stock_HAL_adj_close,1,XGBoost,0.02846157583142406,0.020005229776240748,-0.22471582845076243,-0.04295126667845592,0.5204923152923584,False,BASELINE
target_67,JPX_Gold_Standard_Futures_Close - US_Stock_HAL_adj_close,1,LightGBM,0.029411975234325642,0.021713347545605978,-0.30787377041904174,-0.030408269205537908,1.4487261772155762,False,BASELINE
target_68,FX_EURUSD - JPX_Gold_Standard_Futures_Close,1,Ridge,0.011552659318480717,0.008589954902642296,-0.07702227430586861,-0.021223924050249827,0.007546663284301758,False,BASELINE
target_68,FX_EURUSD - JPX_Gold_Standard_Futures_Close,1,Lasso,0.011137032478125313,0.008085334293276656,-0.0009208237715403467,0.0,0.0046100616455078125,False,BASELINE
target_68,FX_EURUSD - JPX_Gold_Standard_Futures_Close,1,RandomForest,0.021517907811011743,0.014444817083573825,-2.736464302313861,-0.036080973522299796,0.37929868698120117,False,BASELINE
target_68,FX_EURUSD - JPX_Gold_Standard_Futures_Close,1,ElasticNet,0.011137032478125313,0.008085334293276656,-0.0009208237715403467,0.0,0.0052759647369384766,False,BASELINE
target_68,FX_EURUSD - JPX_Gold_Standard_Futures_Close,1,XGBoost,0.013005814407005396,0.010152601364630694,-0.36501007543549613,0.011788008921735078,0.4985325336456299,False,BASELINE
target_68,FX_EURUSD - JPX_Gold_Standard_Futures_Close,1,LightGBM,0.012061736922928471,0.008931833269811503,-0.1740334103536496,-0.04907377984377885,1.4022119045257568,False,BASELINE
target_69,LME_CA_Close - FX_NZDCHF,1,Ridge,0.011926769030534495,0.00883734598732087,-0.020062808791587283,0.011051712919707938,0.007944345474243164,False,BASELINE
target_69,LME_CA_Close - FX_NZDCHF,1,Lasso,0.011813818426926866,0.008788217792608018,-0.000833604512135766,0.0,0.006012439727783203,False,BASELINE
target_69,LME_CA_Close - FX_NZDCHF,1,RandomForest,0.012183615832774523,0.009061536576747766,-0.06447064389434143,0.06021525174700766,0.382845401763916,False,BASELINE
target_69,LME_CA_Close - FX_NZDCHF,1,ElasticNet,0.011813818426926866,0.008788217792608018,-0.000833604512135766,0.0,0.006735563278198242,False,BASELINE
target_69,LME_CA_Close - FX_NZDCHF,1,XGBoost,0.012651587770494863,0.009589967471651707,-0.14781358677378598,0.019482385609409267,0.5423197746276855,False,BASELINE
target_69,LME_CA_Close - FX_NZDCHF,1,LightGBM,0.013119043026065577,0.009911131590629861,-0.2342001888131009,0.016145000702908547,1.393517017364502,False,BASELINE
target_70,FX_USDCHF - JPX_Gold_Standard_Futures_Close,1,Ridge,0.012300397915307406,0.008802327968979026,-0.033778840329943494,0.08022873295019504,0.007534503936767578,False,BASELINE
target_70,FX_USDCHF - JPX_Gold_Standard_Futures_Close,1,Lasso,0.012117512757180392,0.008596309595408344,-0.0032664466287826155,0.0,0.005341768264770508,False,BASELINE
target_70,FX_USDCHF - JPX_Gold_Standard_Futures_Close,1,RandomForest,0.018115958503108796,0.013529262817107304,-1.242394146446126,0.05175181355147399,0.3554964065551758,False,BASELINE
target_70,FX_USDCHF - JPX_Gold_Standard_Futures_Close,1,ElasticNet,0.012117512757180392,0.008596309595408344,-0.0032664466287826155,0.0,0.0068590641021728516,False,BASELINE
target_71,FX_EURNZD - JPX_Gold_Standard_Futures_Close,1,Ridge,0.012322257505388526,0.009399728981516111,-0.07126437481314096,0.03359057467716211,0.006474733352661133,False,BASELINE
target_71,FX_EURNZD - JPX_Gold_Standard_Futures_Close,1,Lasso,0.011912749714366906,0.008827589721049436,-0.0012444847958743566,0.0,0.005891323089599609,False,BASELINE
target_71,FX_EURNZD - JPX_Gold_Standard_Futures_Close,1,RandomForest,0.022236721333771737,0.016725441389982346,-2.488651673961832,0.035280498987679654,0.3621337413787842,False,BASELINE
target_71,FX_EURNZD - JPX_Gold_Standard_Futures_Close,1,ElasticNet,0.011912749714366906,0.008827589721049436,-0.0012444847958743566,0.0,0.010489225387573242,False,BASELINE
target_71,FX_EURNZD - JPX_Gold_Standard_Futures_Close,1,XGBoost,0.012568144634372908,0.009537100080117027,-0.11444449148557401,0.01560940474353038,0.5494158267974854,False,BASELINE
target_71,FX_EURNZD - JPX_Gold_Standard_Futures_Close,1,LightGBM,0.01309888867048041,0.009637288469383602,-0.21055633310822652,0.05109267043752213,1.4163589477539062,False,BASELINE
target_72,LME_AH_Close - US_Stock_TD_adj_close,1,Ridge,0.01675645261072299,0.012494272181568086,-0.061783013842193535,0.04176784023906489,0.007573127746582031,False,BASELINE
target_72,LME_AH_Close - US_Stock_TD_adj_close,1,Lasso,0.016269961267595022,0.012122478592169073,-0.0010243599178576535,0.0,0.005795001983642578,False,BASELINE
target_72,LME_AH_Close - US_Stock_TD_adj_close,1,RandomForest,0.017746072341276373,0.013000138811454664,-0.19090221549667796,0.004185808346846883,0.3610987663269043,False,BASELINE
target_72,LME_AH_Close - US_Stock_TD_adj_close,1,ElasticNet,0.016269961267595022,0.012122478592169073,-0.0010243599178576535,0.0,0.004544734954833984,False,BASELINE
target_72,LME_AH_Close - US_Stock_TD_adj_close,1,XGBoost,0.018741266238763567,0.0141264216846098,-0.3282183277464332,0.000507129287549259,0.5214328765869141,False,BASELINE
target_72,LME_AH_Close - US_Stock_TD_adj_close,1,LightGBM,0.01753638183604603,0.013361776399284887,-0.1629246990112665,0.000165856336544959,1.448563575744629,False,BASELINE
target_73,LME_CA_Close - US_Stock_RY_adj_close,1,Ridge,0.016048852440042304,0.011987826948903418,-0.12311621809551698,0.051923462732660595,0.007145881652832031,False,BASELINE
target_73,LME_CA_Close - US_Stock_RY_adj_close,1,Lasso,0.015157671944169329,0.010917538600271542,-0.001847773943517872,0.0,0.0060787200927734375,False,BASELINE
target_73,LME_CA_Close - US_Stock_RY_adj_close,1,RandomForest,0.016652160449850777,0.012569498960847074,-0.20914366351352776,-0.020363247104937813,0.366605281829834,False,BASELINE
target_73,LME_CA_Close - US_Stock_RY_adj_close,1,ElasticNet,0.015144242825430403,0.010907908238720735,-7.336255254175583e-05,0.09920627965406278,0.004922628402709961,False,BASELINE
target_73,LME_CA_Close - US_Stock_RY_adj_close,1,XGBoost,0.016252154333161135,0.01216120998749638,-0.15175102192713186,0.023490327099114732,0.5352365970611572,False,BASELINE
target_73,LME_CA_Close - US_Stock_RY_adj_close,1,LightGBM,0.016607351304937134,0.012347470073130131,-0.2026450717375916,0.048843894422664236,1.461601734161377,False,BASELINE
target_74,FX_ZAREUR - LME_CA_Close,1,Ridge,0.012507106817106813,0.00906276757238338,-0.012828012928577381,0.021214899670690453,0.007020235061645508,False,BASELINE
target_74,FX_ZAREUR - LME_CA_Close,1,Lasso,0.012428629081331952,0.009079000502585905,-0.0001576037386714635,0.0,0.005914926528930664,False,BASELINE
target_74,FX_ZAREUR - LME_CA_Close,1,RandomForest,0.012435898755282676,0.009123146096751075,-0.0013279574488858081,0.08149708324054526,0.3832547664642334,False,BASELINE
target_74,FX_ZAREUR - LME_CA_Close,1,ElasticNet,0.012425494361722758,0.009078930739391925,0.00034684743677215746,0.12053504725491532,0.006990194320678711,False,BASELINE
target_74,FX_ZAREUR - LME_CA_Close,1,XGBoost,0.01440280304945893,0.01072857029317439,-0.34312375623427727,-0.058548425422647085,0.5317282676696777,False,BASELINE
target_74,FX_ZAREUR - LME_CA_Close,1,LightGBM,0.013792104937164203,0.010070667908285608,-0.2316380354872718,0.005335884538873331,1.451164722442627,False,BASELINE
target_75,LME_ZS_Close - US_Stock_XLB_adj_close,1,Ridge,0.016078164571282964,0.012102671463508104,0.01041993858137813,0.07063611337041079,0.007264852523803711,False,BASELINE
target_75,LME_ZS_Close - US_Stock_XLB_adj_close,1,Lasso,0.01617358350645524,0.012226379443163866,-0.0013606183267214078,0.0,0.005231380462646484,False,BASELINE
target_75,LME_ZS_Close - US_Stock_XLB_adj_close,1,RandomForest,0.016398012171089583,0.012295141374035229,-0.02934368823843947,0.043246206851097944,0.42069411277770996,False,BASELINE
target_75,LME_ZS_Close - US_Stock_XLB_adj_close,1,ElasticNet,0.01617358350645524,0.012226379443163866,-0.0013606183267214078,0.0,0.004914283752441406,False,BASELINE
target_75,LME_ZS_Close - US_Stock_XLB_adj_close,1,XGBoost,0.016766093305270215,0.01267134667931152,-0.07607304933260783,0.03230345480921814,0.503929853439331,False,BASELINE
target_75,LME_ZS_Close - US_Stock_XLB_adj_close,1,LightGBM,0.016586228063378273,0.012709521678979388,-0.05310884989641029,0.09488966932302369,1.4663267135620117,False,BASELINE
target_76,LME_ZS_Close - FX_EURGBP,1,Ridge,0.014846171839422042,0.01175694157476415,-0.022100565646540282,0.06334736247563146,0.007565736770629883,False,BASELINE
target_76,LME_ZS_Close - FX_EURGBP,1,Lasso,0.014697130554097815,0.011671424208738382,-0.001681762156623412,0.0,0.006000041961669922,False,BASELINE
target_76,LME_ZS_Close - FX_EURGBP,1,RandomForest,0.01485539814932751,0.011760738857884789,-0.02337135072554397,0.06534436920489224,0.39389753341674805,False,BASELINE
target_76,LME_ZS_Close - FX_EURGBP,1,ElasticNet,0.014697130554097815,0.011671424208738382,-0.001681762156623412,0.0,0.009668111801147461,False,BASELINE
target_76,LME_ZS_Close - FX_EURGBP,1,XGBoost,0.015601288657047538,0.012538936634687484,-0.12871840594007855,0.062290635889639616,0.5323865413665771,False,BASELINE
target_76,LME_ZS_Close - FX_EURGBP,1,LightGBM,0.01614237141913631,0.012716283663497446,-0.20836832902220115,-0.0007058943547112911,1.465397834777832,False,BASELINE
target_77,LME_PB_Close - US_Stock_VALE_adj_close,1,Ridge,0.019648939468888,0.015489915037305324,-0.05788528301055362,0.013558646873028643,0.0077555179595947266,False,BASELINE
target_77,LME_PB_Close - US_Stock_VALE_adj_close,1,Lasso,0.019121619089197763,0.014670249374817418,-0.0018660756082913288,0.0,0.005346775054931641,False,BASELINE
target_77,LME_PB_Close - US_Stock_VALE_adj_close,1,RandomForest,0.019734325076726972,0.014852108039551034,-0.0670994638806377,0.09051337968136752,0.4139831066131592,False,BASELINE
target_77,LME_PB_Close - US_Stock_VALE_adj_close,1,ElasticNet,0.019121619089197763,0.014670249374817418,-0.0018660756082913288,0.0,0.006771087646484375,False,BASELINE
target_77,LME_PB_Close - US_Stock_VALE_adj_close,1,XGBoost,0.021286497476908566,0.01615161741727083,-0.24156299863074127,-0.06442772683388945,0.49523019790649414,False,BASELINE
target_77,LME_PB_Close - US_Stock_VALE_adj_close,1,LightGBM,0.021191190660917632,0.016401963806681737,-0.2304700965634341,-0.013664099635478192,1.416553020477295,False,BASELINE
target_78,US_Stock_CLF_adj_close - JPX_Platinum_Standard_Futures_Close,1,Ridge,0.04337698388997954,0.030312522938535817,-0.03619990702208109,0.11349203180054118,0.00778508186340332,False,BASELINE
target_78,US_Stock_CLF_adj_close - JPX_Platinum_Standard_Futures_Close,1,Lasso,0.04272773939726683,0.02925381778814597,-0.005413422757612141,0.0,0.006234169006347656,False,BASELINE
target_78,US_Stock_CLF_adj_close - JPX_Platinum_Standard_Futures_Close,1,RandomForest,0.04922833569630685,0.03407335814834774,-0.334612393884004,-0.04219067014259285,0.3135807514190674,False,BASELINE
target_78,US_Stock_CLF_adj_close - JPX_Platinum_Standard_Futures_Close,1,ElasticNet,0.04272773939726683,0.02925381778814597,-0.005413422757612141,0.0,0.00753021240234375,False,BASELINE
target_78,US_Stock_CLF_adj_close - JPX_Platinum_Standard_Futures_Close,1,XGBoost,0.04781880888825932,0.033404685996856726,-0.2592801422225459,-0.011494134849962827,0.5218651294708252,False,BASELINE
target_78,US_Stock_CLF_adj_close - JPX_Platinum_Standard_Futures_Close,1,LightGBM,0.04528717734676936,0.03249572076288814,-0.1294716966543754,-0.002684525473328732,1.4688427448272705,False,BASELINE
target_79,LME_ZS_Close - US_Stock_DVN_adj_close,1,Ridge,0.030321393207111674,0.022293218749047293,-0.33924430208727707,0.07953151741165615,0.007761478424072266,False,BASELINE
target_79,LME_ZS_Close - US_Stock_DVN_adj_close,1,Lasso,0.026252984456792045,0.01849380729724283,-0.003965676474575908,-0.026432575053613603,0.0062901973724365234,False,BASELINE
target_79,LME_ZS_Close - US_Stock_DVN_adj_close,1,RandomForest,0.026568658699793336,0.018651581650763874,-0.028254839913206764,0.014143562058154011,0.3552284240722656,False,BASELINE
target_79,LME_ZS_Close - US_Stock_DVN_adj_close,1,ElasticNet,0.02627654006882878,0.018503527436636257,-0.005768110450132369,-0.026432575053613603,0.005270719528198242,False,BASELINE
target_79,LME_ZS_Close - US_Stock_DVN_adj_close,1,XGBoost,0.02718452404878296,0.01961365118428521,-0.07647753251304823,0.038395090073027494,0.5584630966186523,False,BASELINE
target_79,LME_ZS_Close - US_Stock_DVN_adj_close,1,LightGBM,0.027749640705299138,0.02020499666061403,-0.12169873809640652,0.03355758944835024,1.4078214168548584,False,BASELINE
target_80,JPX_Gold_Standard_Futures_Close - US_Stock_ACWI_adj_close,1,Ridge,0.015919339357618356,0.011638930645297101,-0.15986521835973622,0.02867410910377009,0.0072634220123291016,False,BASELINE
target_80,JPX_Gold_Standard_Futures_Close - US_Stock_ACWI_adj_close,1,Lasso,0.014784969571297364,0.010385064117503201,-0.00045673818123304066,0.0,0.006159067153930664,False,BASELINE
target_80,JPX_Gold_Standard_Futures_Close - US_Stock_ACWI_adj_close,1,RandomForest,0.022863304296798875,0.01594297536217839,-1.392409050345731,-0.01851368027944317,0.3439488410949707,False,BASELINE
target_80,JPX_Gold_Standard_Futures_Close - US_Stock_ACWI_adj_close,1,ElasticNet,0.014784969571297364,0.010385064117503201,-0.00045673818123304066,0.0,0.00497889518737793,False,BASELINE
target_80,JPX_Gold_Standard_Futures_Close - US_Stock_ACWI_adj_close,1,XGBoost,0.015682673105173184,0.01116652372098564,-0.12563509081336854,0.0971681089478478,0.5459728240966797,False,BASELINE
target_80,JPX_Gold_Standard_Futures_Close - US_Stock_ACWI_adj_close,1,LightGBM,0.015814026293875263,0.01146371256901429,-0.1445699948828616,-0.02263383171421346,1.444779396057129,False,BASELINE
target_81,FX_GBPUSD - JPX_Gold_Standard_Futures_Close,1,Ridge,0.011512120233655734,0.008379507246422122,-0.05444772916214036,0.028529880851862272,0.007552385330200195,False,BASELINE
target_81,FX_GBPUSD - JPX_Gold_Standard_Futures_Close,1,Lasso,0.011216748363286158,0.00812858919481247,-0.0010329578632335412,0.0,0.006030559539794922,False,BASELINE
target_81,FX_GBPUSD - JPX_Gold_Standard_Futures_Close,1,RandomForest,0.01976077143673668,0.013478089431550874,-2.1068637805419184,-0.027713063925987127,0.364957332611084,False,BASELINE
target_81,FX_GBPUSD - JPX_Gold_Standard_Futures_Close,1,ElasticNet,0.011216748363286158,0.00812858919481247,-0.0010329578632335412,0.0,0.0032629966735839844,False,BASELINE
target_81,FX_GBPUSD - JPX_Gold_Standard_Futures_Close,1,XGBoost,0.013344202759636038,0.010301913002492249,-0.4167710920229222,-0.07384339752261454,0.5252947807312012,False,BASELINE
target_81,FX_GBPUSD - JPX_Gold_Standard_Futures_Close,1,LightGBM,0.012039776816577584,0.009013197777831189,-0.15332390866653656,-0.019368154732181498,1.3801400661468506,False,BASELINE
target_82,JPX_Gold_Standard_Futures_Close - US_Stock_X_adj_close,1,Ridge,0.03516592334710925,0.02303402749972985,-0.17847868917218745,0.03937151428594225,0.007518768310546875,False,BASELINE
target_82,JPX_Gold_Standard_Futures_Close - US_Stock_X_adj_close,1,Lasso,0.032628898580802874,0.02036518075566604,-0.014571155925576562,0.06778621751653595,0.007383823394775391,False,BASELINE
target_82,JPX_Gold_Standard_Futures_Close - US_Stock_X_adj_close,1,RandomForest,0.060994152530697655,0.049722888570403585,-2.545308942970817,-0.10047633105407196,0.32043004035949707,False,BASELINE
target_82,JPX_Gold_Standard_Futures_Close - US_Stock_X_adj_close,1,ElasticNet,0.03283153839990504,0.02064663390086234,-0.027212154210592976,0.06778621751653595,0.004547595977783203,False,BASELINE
target_82,JPX_Gold_Standard_Futures_Close - US_Stock_X_adj_close,1,XGBoost,0.04851273340341012,0.03570365102846002,-1.242792905521946,-0.031076013500035905,0.5784809589385986,False,BASELINE
target_82,JPX_Gold_Standard_Futures_Close - US_Stock_X_adj_close,1,LightGBM,0.038038787565902926,0.02616593366284727,-0.37889442307943444,0.03949119545530706,1.3909246921539307,False,BASELINE
target_83,US_Stock_MPC_adj_close - LME_PB_Close,1,Ridge,0.02336689211792613,0.016911622202615273,-0.015081256491386696,0.15718704756165836,0.008070945739746094,False,BASELINE
target_83,US_Stock_MPC_adj_close - LME_PB_Close,1,Lasso,0.023197545819187294,0.016700671749627766,-0.00042142508418274716,0.0,0.0046999454498291016,False,BASELINE
target_83,US_Stock_MPC_adj_close - LME_PB_Close,1,RandomForest,0.02270758765112164,0.01651640554458146,0.04139232876059096,0.1236568352727902,0.3877372741699219,False,BASELINE
target_83,US_Stock_MPC_adj_close - LME_PB_Close,1,ElasticNet,0.023197545819187294,0.016700671749627766,-0.00042142508418274716,0.0,0.007949113845825195,False,BASELINE
target_83,US_Stock_MPC_adj_close - LME_PB_Close,1,XGBoost,0.025860793068748136,0.018171388616938098,-0.24331902735308542,0.05001691155221976,0.5352814197540283,False,BASELINE
target_83,US_Stock_MPC_adj_close - LME_PB_Close,1,LightGBM,0.025532836142218015,0.018562705359918465,-0.21198436666341314,0.008261673497678373,1.445981502532959,False,BASELINE
target_84,FX_NOKJPY - LME_ZS_Close,1,Ridge,0.01509842197069559,0.01189710192741223,-0.0077571754052514486,0.0668805665069675,0.008069753646850586,False,BASELINE
target_84,FX_NOKJPY - LME_ZS_Close,1,Lasso,0.015053556508621637,0.011902213086545599,-0.00177690611282455,0.0,0.00609135627746582,False,BASELINE
target_84,FX_NOKJPY - LME_ZS_Close,1,RandomForest,0.015171551773639493,0.011913544172362171,-0.017543040598752446,0.0660398132378207,0.45121288299560547,False,BASELINE
target_84,FX_NOKJPY - LME_ZS_Close,1,ElasticNet,0.015053556508621637,0.011902213086545599,-0.00177690611282455,0.0,0.004655599594116211,False,BASELINE
target_84,FX_NOKJPY - LME_ZS_Close,1,XGBoost,0.015972496520500146,0.012569816274612407,-0.12781634860462798,0.031791869400835775,0.558091402053833,False,BASELINE
target_84,FX_NOKJPY - LME_ZS_Close,1,LightGBM,0.0164000905998826,0.012893778242313796,-0.18900936660420142,-0.007023860323984857,1.4189941883087158,False,BASELINE
target_85,JPX_Gold_Standard_Futures_Close - US_Stock_CVE_adj_close,1,Ridge,0.03028913368744951,0.022457268164648565,-0.4714617404776946,0.02375342981500391,0.007498264312744141,False,BASELINE
target_85,JPX_Gold_Standard_Futures_Close - US_Stock_CVE_adj_close,1,Lasso,0.024983892924737176,0.017201017050375012,-0.0011415594829757847,0.0,0.006188154220581055,False,BASELINE
target_85,JPX_Gold_Standard_Futures_Close - US_Stock_CVE_adj_close,1,RandomForest,0.0344436321848124,0.020331616965927418,-0.9028000583290958,-0.007987024223098176,0.3255155086517334,False,BASELINE
target_85,JPX_Gold_Standard_Futures_Close - US_Stock_CVE_adj_close,1,ElasticNet,0.024983892924737176,0.017201017050375012,-0.0011415594829757847,0.0,0.0037856101989746094,False,BASELINE
target_85,JPX_Gold_Standard_Futures_Close - US_Stock_CVE_adj_close,1,XGBoost,0.027570568894388484,0.01956431436373728,-0.21917689972816667,-0.0008358955929135222,0.5207276344299316,False,BASELINE
target_85,JPX_Gold_Standard_Futures_Close - US_Stock_CVE_adj_close,1,LightGBM,0.029405549628734776,0.021232673877596028,-0.3868639939213956,0.026969612266900936,1.4134480953216553,False,BASELINE
target_86,LME_AH_Close - FX_EURCHF,1,Ridge,0.012364004245884344,0.009529442992409098,-0.03475250763922877,0.01316143383391204,0.009697675704956055,False,BASELINE
target_86,LME_AH_Close - FX_EURCHF,1,Lasso,0.012155711034114015,0.009367543451953198,-0.00018176285318705077,0.0,0.0043981075286865234,False,BASELINE
target_86,LME_AH_Close - FX_EURCHF,1,RandomForest,0.012371689569725841,0.009583296740490153,-0.036039288122613256,-0.03437857285927024,0.4059488773345947,False,BASELINE
target_86,LME_AH_Close - FX_EURCHF,1,ElasticNet,0.012155711034114015,0.009367543451953198,-0.00018176285318705077,0.0,0.0053789615631103516,False,BASELINE
target_86,LME_AH_Close - FX_EURCHF,1,XGBoost,0.013172307383947935,0.010184568575722579,-0.17446995128285891,0.0233079498334791,0.5104372501373291,False,BASELINE
target_86,LME_AH_Close - FX_EURCHF,1,LightGBM,0.013532506357335137,0.01023453963713455,-0.2395803298450332,-0.03206133841252147,1.4326770305633545,False,BASELINE
target_87,FX_EURJPY - LME_ZS_Close,1,Ridge,0.015264859125648504,0.012126142668247521,-0.019427635988723324,0.040222293273351806,0.007901668548583984,False,BASELINE
target_87,FX_EURJPY - LME_ZS_Close,1,Lasso,0.015131340838663257,0.01203107729438537,-0.001672220230223953,0.0,0.0059626102447509766,False,BASELINE
target_87,FX_EURJPY - LME_ZS_Close,1,RandomForest,0.015455052509779221,0.01219085378315088,-0.04498912622011253,0.06384325512594503,0.4036436080932617,False,BASELINE
target_87,FX_EURJPY - LME_ZS_Close,1,ElasticNet,0.015131340838663257,0.01203107729438537,-0.001672220230223953,0.0,0.00475311279296875,False,BASELINE
target_87,FX_EURJPY - LME_ZS_Close,1,XGBoost,0.017012116584767673,0.01322945872365505,-0.26615683000107326,0.03421783695756298,0.5421397686004639,False,BASELINE
target_87,FX_EURJPY - LME_ZS_Close,1,LightGBM,0.01663998339899746,0.013022824740147808,-0.21136934397182316,0.00047424555519200596,1.4362859725952148,False,BASELINE
target_88,LME_AH_Close - US_Stock_NEM_adj_close,1,Ridge,0.025957910134373638,0.018671298657868433,-0.031103290187818322,-0.0651131697898115,0.0078122615814208984,False,BASELINE
target_88,LME_AH_Close - US_Stock_NEM_adj_close,1,Lasso,0.02560060280340197,0.01814157039166915,-0.002912643853059338,0.0,0.006243467330932617,False,BASELINE
target_88,LME_AH_Close - US_Stock_NEM_adj_close,1,RandomForest,0.026475588804215966,0.019112234282910884,-0.07263997528345723,-0.05979273027776228,0.4106128215789795,False,BASELINE
target_88,LME_AH_Close - US_Stock_NEM_adj_close,1,ElasticNet,0.02560060280340197,0.01814157039166915,-0.002912643853059338,0.0,0.0067365169525146484,False,BASELINE
target_88,LME_AH_Close - US_Stock_NEM_adj_close,1,XGBoost,0.02651620112773311,0.019746306171891062,-0.07593325902240977,-0.019287570986874173,0.5195648670196533,False,BASELINE
target_88,LME_AH_Close - US_Stock_NEM_adj_close,1,LightGBM,0.02658493455292743,0.01995556240888371,-0.08151840488424611,-0.023445712468847617,1.4268155097961426,False,BASELINE
target_89,LME_AH_Close - FX_GBPNZD,1,Ridge,0.013605319970383794,0.010618808626351443,-0.03330064136224564,0.06410998714859238,0.00793313980102539,False,BASELINE
target_89,LME_AH_Close - FX_GBPNZD,1,Lasso,0.013384702981086261,0.010337588317971179,-6.137831327035492e-05,0.0,0.00614476203918457,False,BASELINE
target_89,LME_AH_Close - FX_GBPNZD,1,RandomForest,0.013741011005428237,0.010688491555585423,-0.054014423304734605,-0.08107633338019389,0.3886294364929199,False,BASELINE
target_89,LME_AH_Close - FX_GBPNZD,1,ElasticNet,0.013384702981086261,0.010337588317971179,-6.137831327035492e-05,0.0,0.004198789596557617,False,BASELINE
target_89,LME_AH_Close - FX_GBPNZD,1,XGBoost,0.015013035789612748,0.0116282933881494,-0.25818997011728584,-0.017328872870591427,0.5250542163848877,False,BASELINE
target_89,LME_AH_Close - FX_GBPNZD,1,LightGBM,0.014824031029979787,0.01131248724950849,-0.22670972923616417,-0.05395252319287189,1.404278039932251,False,BASELINE
target_90,US_Stock_LYB_adj_close - LME_AH_Close,1,Ridge,0.022501896334976478,0.016092118101624635,-0.07652524312518483,0.034227388313139664,0.007896184921264648,False,BASELINE
target_90,US_Stock_LYB_adj_close - LME_AH_Close,1,Lasso,0.021740596129660873,0.01548009246031963,-0.004913950796117783,0.0,0.0061953067779541016,False,BASELINE
target_90,US_Stock_LYB_adj_close - LME_AH_Close,1,RandomForest,0.02165461481337675,0.015479784514328578,0.0030189472359876124,0.027914128424951456,0.3669099807739258,False,BASELINE
target_90,US_Stock_LYB_adj_close - LME_AH_Close,1,ElasticNet,0.021740596129660873,0.01548009246031963,-0.004913950796117783,0.0,0.005759239196777344,False,BASELINE
target_90,US_Stock_LYB_adj_close - LME_AH_Close,1,XGBoost,0.022587603414637517,0.01656234333847977,-0.0847415772737583,0.02985167808226619,0.5474154949188232,False,BASELINE
target_90,US_Stock_LYB_adj_close - LME_AH_Close,1,LightGBM,0.022901986701477566,0.016828910771705764,-0.11514744854655912,-0.05398964158373247,1.4058001041412354,False,BASELINE
target_91,US_Stock_NUE_adj_close - LME_AH_Close,1,Ridge,0.026427265994521294,0.019028709388794505,-0.11670422117292811,0.058394032648349074,0.008070230484008789,False,BASELINE
target_91,US_Stock_NUE_adj_close - LME_AH_Close,1,Lasso,0.025063574570885556,0.017597851934778322,-0.004430070969626998,0.0,0.005959033966064453,False,BASELINE
target_91,US_Stock_NUE_adj_close - LME_AH_Close,1,RandomForest,0.025519382850705947,0.01801561231990718,-0.0412955696785029,-0.05884568335345579,0.3916606903076172,False,BASELINE
target_91,US_Stock_NUE_adj_close - LME_AH_Close,1,ElasticNet,0.025063574570885556,0.017597851934778322,-0.004430070969626998,0.0,0.01289987564086914,False,BASELINE
target_91,US_Stock_NUE_adj_close - LME_AH_Close,1,XGBoost,0.026236957929020442,0.01873226207718707,-0.10067890638646859,0.045473172194366245,0.523789644241333,False,BASELINE
target_91,US_Stock_NUE_adj_close - LME_AH_Close,1,LightGBM,0.027116296624069704,0.0194695423874862,-0.175694368159671,-0.05318628853353303,1.4171760082244873,False,BASELINE
target_92,JPX_Platinum_Standard_Futures_Close - US_Stock_EFA_adj_close,1,Ridge,0.01873404373540183,0.01399018016945535,-0.04732545571357516,0.06441530092051197,0.007361650466918945,False,BASELINE
target_92,JPX_Platinum_Standard_Futures_Close - US_Stock_EFA_adj_close,1,Lasso,0.01833026758211614,0.013487798584751355,-0.00266581744108052,0.0,0.005829572677612305,False,BASELINE
target_92,JPX_Platinum_Standard_Futures_Close - US_Stock_EFA_adj_close,1,RandomForest,0.020009588300079185,0.014344434403338923,-0.19479915272947612,-0.08157702085745851,0.3609344959259033,False,BASELINE
target_92,JPX_Platinum_Standard_Futures_Close - US_Stock_EFA_adj_close,1,ElasticNet,0.01833026758211614,0.013487798584751355,-0.00266581744108052,0.0,0.0075299739837646484,False,BASELINE
target_92,JPX_Platinum_Standard_Futures_Close - US_Stock_EFA_adj_close,1,XGBoost,0.021828464426616033,0.015847838553201644,-0.42188662985642167,-0.11750608001855857,0.5258588790893555,False,BASELINE
target_92,JPX_Platinum_Standard_Futures_Close - US_Stock_EFA_adj_close,1,LightGBM,0.020324906838476736,0.01536922646986281,-0.23275203208697404,-0.08528378807498722,1.4856481552124023,False,BASELINE
target_93,LME_AH_Close - US_Stock_XLE_adj_close,1,Ridge,0.017624030198183156,0.012731569636340553,0.0034782614661387212,0.07265651876965018,0.007532596588134766,False,BASELINE
target_93,LME_AH_Close - US_Stock_XLE_adj_close,1,Lasso,0.017660327051982314,0.012669601951751593,-0.000630656901714044,0.0,0.0055446624755859375,False,BASELINE
target_93,LME_AH_Close - US_Stock_XLE_adj_close,1,RandomForest,0.017919082204742715,0.013121796105192145,-0.030167498936449988,-0.007330560369895843,0.43328213691711426,False,BASELINE
target_93,LME_AH_Close - US_Stock_XLE_adj_close,1,ElasticNet,0.01766137898445531,0.012660757319479497,-0.0007498650259081252,0.07027041160103516,0.006612062454223633,False,BASELINE
target_93,LME_AH_Close - US_Stock_XLE_adj_close,1,XGBoost,0.020291068282074783,0.015316512260645312,-0.3209492878947837,-0.06038488809767127,0.5298688411712646,False,BASELINE
target_93,LME_AH_Close - US_Stock_XLE_adj_close,1,LightGBM,0.02008285957737542,0.015108061981391058,-0.2939795823117577,-0.04051660265384624,1.4003050327301025,False,BASELINE
target_94,US_Stock_EWJ_adj_close - LME_AH_Close,1,Ridge,0.016342563190052423,0.012363523034460488,-0.060533256148988634,0.03066517082116269,0.006764888763427734,False,BASELINE
target_94,US_Stock_EWJ_adj_close - LME_AH_Close,1,Lasso,0.015869312012009,0.0118877352941938,-3.314893741723779e-07,0.0,0.00505828857421875,False,BASELINE
target_94,US_Stock_EWJ_adj_close - LME_AH_Close,1,RandomForest,0.017607822431152345,0.013339583051765226,-0.23110542647588872,-0.019371875255755542,0.38943910598754883,False,BASELINE
target_94,US_Stock_EWJ_adj_close - LME_AH_Close,1,ElasticNet,0.015869312012009,0.0118877352941938,-3.314893741723779e-07,0.0,0.004896402359008789,False,BASELINE
target_94,US_Stock_EWJ_adj_close - LME_AH_Close,1,XGBoost,0.0186873342856514,0.014552326638423572,-0.38668767282305083,-0.07941824260364029,0.5526013374328613,False,BASELINE
target_94,US_Stock_EWJ_adj_close - LME_AH_Close,1,LightGBM,0.018467138389036974,0.014660827665031354,-0.3542010722102531,-0.009003609004912679,1.4137659072875977,False,BASELINE
target_95,LME_AH_Close - US_Stock_TRGP_adj_close,1,Ridge,0.050319326803204084,0.04088431150452321,-3.951554035410524,0.05800119213768538,0.007827043533325195,False,BASELINE
target_95,LME_AH_Close - US_Stock_TRGP_adj_close,1,Lasso,0.02262433738157647,0.016472401180053258,-0.0009758860584672124,0.0,0.005614519119262695,False,BASELINE
target_95,LME_AH_Close - US_Stock_TRGP_adj_close,1,RandomForest,0.023946411211505272,0.01709219866392301,-0.12137985576595822,-0.0575191306982892,0.45726799964904785,False,BASELINE
target_95,LME_AH_Close - US_Stock_TRGP_adj_close,1,ElasticNet,0.02262076158144702,0.016464652583383293,-0.0006595004965528339,0.018791885062283038,0.004420042037963867,False,BASELINE
target_95,LME_AH_Close - US_Stock_TRGP_adj_close,1,XGBoost,0.02464875876232104,0.018086790598068177,-0.18812459737184173,-0.08700128122209323,0.5253219604492188,False,BASELINE
target_95,LME_AH_Close - US_Stock_TRGP_adj_close,1,LightGBM,0.02588198438340031,0.018582103584516965,-0.30998710273767727,-0.034295469080105716,1.4670045375823975,False,BASELINE
target_96,US_Stock_EWT_adj_close - LME_PB_Close,1,Ridge,0.017116827790199678,0.012759223998522421,-0.034483146285342325,0.05894505230268708,0.0064563751220703125,False,BASELINE
target_96,US_Stock_EWT_adj_close - LME_PB_Close,1,Lasso,0.016845976304621167,0.012311218794296029,-0.002003475474656735,0.0,0.0050394535064697266,False,BASELINE
target_96,US_Stock_EWT_adj_close - LME_PB_Close,1,RandomForest,0.018307862399261063,0.01348454867705017,-0.18345605554253686,-0.08716003977655022,0.37975120544433594,False,BASELINE
target_96,US_Stock_EWT_adj_close - LME_PB_Close,1,ElasticNet,0.016845976304621167,0.012311218794296029,-0.002003475474656735,0.0,0.006792545318603516,False,BASELINE
target_96,US_Stock_EWT_adj_close - LME_PB_Close,1,XGBoost,0.020812645557873585,0.01614089178891347,-0.5294364398166405,-0.060852762304693296,0.5426638126373291,False,BASELINE
target_96,US_Stock_EWT_adj_close - LME_PB_Close,1,LightGBM,0.019067200529918792,0.01429330782811116,-0.2836621182766508,-0.0672485882294148,1.4352221488952637,False,BASELINE
target_97,LME_PB_Close - US_Stock_WMB_adj_close,1,Ridge,0.028559256878284367,0.023600353258008792,-1.5691383324121735,0.08583840378123476,0.007746219635009766,False,BASELINE
target_97,LME_PB_Close - US_Stock_WMB_adj_close,1,Lasso,0.01784562964748982,0.013554760243294032,-0.0031304994974454825,0.0,0.004696369171142578,False,BASELINE
target_97,LME_PB_Close - US_Stock_WMB_adj_close,1,RandomForest,0.017899113484600236,0.01364974435497871,-0.009152328533638787,0.11619779056183291,0.3591437339782715,False,BASELINE
target_97,LME_PB_Close - US_Stock_WMB_adj_close,1,ElasticNet,0.01784562964748982,0.013554760243294032,-0.0031304994974454825,0.0,0.004793405532836914,False,BASELINE
target_97,LME_PB_Close - US_Stock_WMB_adj_close,1,XGBoost,0.018966310786077967,0.014414721447846226,-0.13307696064233054,0.043776367717259124,0.5040884017944336,False,BASELINE
target_97,LME_PB_Close - US_Stock_WMB_adj_close,1,LightGBM,0.019329773286125212,0.014876907144387243,-0.17692070743068844,0.0633804418441776,1.4190635681152344,False,BASELINE
target_98,LME_CA_Close - US_Stock_XOM_adj_close,1,Ridge,0.017307182189324373,0.01312986156674399,-0.018504266146888382,0.09545459483614625,0.0074176788330078125,False,BASELINE
target_98,LME_CA_Close - US_Stock_XOM_adj_close,1,Lasso,0.01717232998880174,0.012941142487156665,-0.00269436072223761,0.08363896045014425,0.02792215347290039,False,BASELINE
target_98,LME_CA_Close - US_Stock_XOM_adj_close,1,RandomForest,0.01719059107912677,0.012984441001778611,-0.004828029001656686,0.11131017090445298,0.39498043060302734,False,BASELINE
target_98,LME_CA_Close - US_Stock_XOM_adj_close,1,ElasticNet,0.017196975174945665,0.012954657894105678,-0.005574496595249778,0.08363896045014425,0.00709080696105957,False,BASELINE
target_98,LME_CA_Close - US_Stock_XOM_adj_close,1,XGBoost,0.017980594253701594,0.013814077555689072,-0.09930500045697022,0.015888747335615728,0.5315783023834229,False,BASELINE
target_98,LME_CA_Close - US_Stock_XOM_adj_close,1,LightGBM,0.018167102080185196,0.013625097961252186,-0.12222886363940444,0.08497624053659232,1.4725162982940674,False,BASELINE
target_99,JPX_Gold_Standard_Futures_Close - US_Stock_KMI_adj_close,1,Ridge,0.02191825724673472,0.01651726192341785,-0.5175221165375077,0.048444294860459064,0.007931232452392578,False,BASELINE
target_99,JPX_Gold_Standard_Futures_Close - US_Stock_KMI_adj_close,1,Lasso,0.017801958109514716,0.012871798111838023,-0.0010563830466281399,0.0,0.00589299201965332,False,BASELINE
target_99,JPX_Gold_Standard_Futures_Close - US_Stock_KMI_adj_close,1,RandomForest,0.020869130151834087,0.015476599608331698,-0.3757251754160722,-0.05841951842830333,0.34761977195739746,False,BASELINE
target_99,JPX_Gold_Standard_Futures_Close - US_Stock_KMI_adj_close,1,ElasticNet,0.017801958109514716,0.012871798111838023,-0.0010563830466281399,0.0,0.003231048583984375,False,BASELINE
target_99,JPX_Gold_Standard_Futures_Close - US_Stock_KMI_adj_close,1,XGBoost,0.0216015968513812,0.015309051611693195,-0.47399056263230865,-0.02008773481041181,0.547426700592041,False,BASELINE
target_99,JPX_Gold_Standard_Futures_Close - US_Stock_KMI_adj_close,1,LightGBM,0.02072657822678644,0.015210504986479618,-0.35699488113145694,0.06576041589418581,1.4203927516937256,False,BASELINE
target_100,US_Stock_SCCO_adj_close - LME_AH_Close,1,Ridge,0.02265913612519637,0.0168599642728551,-0.017156474141885703,0.055683838712317475,0.007448673248291016,False,BASELINE
target_100,US_Stock_SCCO_adj_close - LME_AH_Close,1,Lasso,0.02246888636369673,0.01661381496392966,-0.0001477595016734501,0.0,0.006024360656738281,False,BASELINE
target_100,US_Stock_SCCO_adj_close - LME_AH_Close,1,RandomForest,0.02428987358052693,0.01731650898163953,-0.16883061837091184,-0.09226957376370033,0.33138132095336914,False,BASELINE
target_100,US_Stock_SCCO_adj_close - LME_AH_Close,1,ElasticNet,0.02246888636369673,0.01661381496392966,-0.0001477595016734501,0.0,0.005373716354370117,False,BASELINE
target_100,US_Stock_SCCO_adj_close - LME_AH_Close,1,XGBoost,0.02422497003758801,0.018353816550189674,-0.16259263645748256,-0.02077231111751682,0.5383415222167969,False,BASELINE
target_100,US_Stock_SCCO_adj_close - LME_AH_Close,1,LightGBM,0.024345390025267095,0.018179617011935153,-0.1741796355307168,-0.09300368722536834,1.410027027130127,False,BASELINE
target_101,JPX_Platinum_Standard_Futures_Close - FX_AUDUSD,1,Ridge,0.017379764093112152,0.012579630920193274,-0.09643846977409298,0.031035411540754596,0.007765531539916992,False,BASELINE
target_101,JPX_Platinum_Standard_Futures_Close - FX_AUDUSD,1,Lasso,0.016611272350840284,0.012228888817740518,-0.0016184322555994335,0.0,0.0059049129486083984,False,BASELINE
target_101,JPX_Platinum_Standard_Futures_Close - FX_AUDUSD,1,RandomForest,0.01717039196703609,0.012544670684210366,-0.07018024346747809,-0.07385156871824206,0.37670302391052246,False,BASELINE
target_101,JPX_Platinum_Standard_Futures_Close - FX_AUDUSD,1,ElasticNet,0.016611272350840284,0.012228888817740518,-0.0016184322555994335,0.0,0.006421327590942383,False,BASELINE
target_101,JPX_Platinum_Standard_Futures_Close - FX_AUDUSD,1,XGBoost,0.018647344969054597,0.01381859331031379,-0.2622068153398025,-0.02945413386839533,0.5375008583068848,False,BASELINE
target_101,JPX_Platinum_Standard_Futures_Close - FX_AUDUSD,1,LightGBM,0.019284681359918524,0.014214594127222898,-0.3499616940883914,-0.08954934342929947,1.4597201347351074,False,BASELINE
target_102,LME_ZS_Close - US_Stock_IEF_adj_close,1,Ridge,0.015011609527519097,0.011920023257404103,-0.00484172042474218,0.061599333098189116,0.0073451995849609375,False,BASELINE
target_102,LME_ZS_Close - US_Stock_IEF_adj_close,1,Lasso,0.014982093666014393,0.011986609742008469,-0.0008941608469898998,0.0,0.005858182907104492,False,BASELINE
target_102,LME_ZS_Close - US_Stock_IEF_adj_close,1,RandomForest,0.014985363846861898,0.011810033928297744,-0.0013311441155166026,0.11524060394882935,0.3403913974761963,False,BASELINE
target_102,LME_ZS_Close - US_Stock_IEF_adj_close,1,ElasticNet,0.014982093666014393,0.011986609742008469,-0.0008941608469898998,0.0,0.004379749298095703,False,BASELINE
target_102,LME_ZS_Close - US_Stock_IEF_adj_close,1,XGBoost,0.015885208263862863,0.012391540888886327,-0.12519803719334544,0.020213469417612494,0.5368657112121582,False,BASELINE
target_102,LME_ZS_Close - US_Stock_IEF_adj_close,1,LightGBM,0.016232873521523115,0.012573132182127815,-0.17498940227777315,0.034741035971994176,1.4282445907592773,False,BASELINE
target_103,US_Stock_SPYV_adj_close - LME_CA_Close,1,Ridge,0.014374184095052216,0.01034267905690721,-0.06493744483356156,0.03786174244756151,0.007241487503051758,False,BASELINE
target_103,US_Stock_SPYV_adj_close - LME_CA_Close,1,Lasso,0.013929045578727286,0.009989094655577352,-9.470936925826123e-07,0.0,0.005902767181396484,False,BASELINE
target_103,US_Stock_SPYV_adj_close - LME_CA_Close,1,RandomForest,0.01431313640595925,0.010108481258337201,-0.055910996376875355,0.009908358942082824,0.38214111328125,False,BASELINE
target_103,US_Stock_SPYV_adj_close - LME_CA_Close,1,ElasticNet,0.013926761622354903,0.009985138380680603,0.00032696787670116745,0.10230294391813217,0.005477428436279297,False,BASELINE
target_103,US_Stock_SPYV_adj_close - LME_CA_Close,1,XGBoost,0.014568092407368435,0.010538107481409504,-0.09386333994709228,-0.021574505346150866,0.5537829399108887,False,BASELINE
target_103,US_Stock_SPYV_adj_close - LME_CA_Close,1,LightGBM,0.015059968057463638,0.010981466137003477,-0.16897653544574065,-0.005736601306716168,1.4062159061431885,False,BASELINE
target_104,US_Stock_WPM_adj_close - JPX_Gold_Standard_Futures_Close,1,Ridge,0.025840702165505342,0.020067214476547655,-0.4047450398935055,-0.0019330560958960115,0.007634162902832031,False,BASELINE
target_104,US_Stock_WPM_adj_close - JPX_Gold_Standard_Futures_Close,1,Lasso,0.02180574197030124,0.01604252918936698,-0.00030081751400778955,0.0,0.006055116653442383,False,BASELINE
target_104,US_Stock_WPM_adj_close - JPX_Gold_Standard_Futures_Close,1,RandomForest,0.025752744128641224,0.019700492034646248,-0.3951982150954132,0.0020764285429062013,0.3814065456390381,False,BASELINE
target_104,US_Stock_WPM_adj_close - JPX_Gold_Standard_Futures_Close,1,ElasticNet,0.021803512577094054,0.016045807743521392,-9.628883058088178e-05,0.030952476026947943,0.00437617301940918,False,BASELINE
target_104,US_Stock_WPM_adj_close - JPX_Gold_Standard_Futures_Close,1,XGBoost,0.023295715571710545,0.01745716245990815,-0.14167107120337352,0.007869892356575264,0.522897481918335,False,BASELINE
target_104,US_Stock_WPM_adj_close - JPX_Gold_Standard_Futures_Close,1,LightGBM,0.023376867322407485,0.017397592784748585,-0.14963905817594525,-0.01785386278458195,1.4030394554138184,False,BASELINE
target_105,US_Stock_IAU_adj_close - LME_CA_Close,1,Ridge,0.013074690447816884,0.010259898939168153,-0.06034060493090743,0.08316558184068665,0.006433963775634766,False,BASELINE
target_105,US_Stock_IAU_adj_close - LME_CA_Close,1,Lasso,0.012716916255886722,0.009966004222216702,-0.003104513479001758,0.0,0.004363059997558594,False,BASELINE
target_105,US_Stock_IAU_adj_close - LME_CA_Close,1,RandomForest,0.012639951261656034,0.009871296461920875,0.009000670783056108,0.055472643482027045,0.36496615409851074,False,BASELINE
target_105,US_Stock_IAU_adj_close - LME_CA_Close,1,ElasticNet,0.012716916255886722,0.009966004222216702,-0.003104513479001758,0.0,0.0038967132568359375,False,BASELINE
target_105,US_Stock_IAU_adj_close - LME_CA_Close,1,XGBoost,0.013783581583096064,0.010784882454551763,-0.1784379611847473,-0.03077467945909106,0.544365644454956,False,BASELINE
target_105,US_Stock_IAU_adj_close - LME_CA_Close,1,LightGBM,0.0139618147283148,0.01098635423904891,-0.20911136452519785,0.003922176440723018,1.3878889083862305,False,BASELINE
target_106,US_Stock_VXUS_adj_close,2,Ridge,0.014570022156288123,0.009832381832741401,-0.2015463188688189,0.064924368168468,0.007317304611206055,False,BASELINE
target_106,US_Stock_VXUS_adj_close,2,Lasso,0.013337002630608953,0.009205732943461237,-0.006784606181080566,0.0,0.005857229232788086,False,BASELINE
target_106,US_Stock_VXUS_adj_close,2,RandomForest,0.016391257113513382,0.009983518888002217,-0.5207037547316948,-0.05466338639718573,0.28029918670654297,False,BASELINE
target_106,US_Stock_VXUS_adj_close,2,ElasticNet,0.013337002630608953,0.009205732943461237,-0.006784606181080566,0.0,0.004495859146118164,False,BASELINE
target_106,US_Stock_VXUS_adj_close,2,XGBoost,0.018543845080236696,0.011117837200645467,-0.9463443276151409,-0.07011822655487845,0.4995901584625244,False,BASELINE
target_106,US_Stock_VXUS_adj_close,2,LightGBM,0.015938852622227377,0.011046938076951196,-0.43791827318300913,0.028984750187225038,1.3739876747131348,False,BASELINE
target_107,LME_ZS_Close - US_Stock_VXUS_adj_close,2,Ridge,0.019793966220177733,0.01541347313302211,0.0248894034149717,0.13488485095034689,0.006203651428222656,False,BASELINE
target_107,LME_ZS_Close - US_Stock_VXUS_adj_close,2,Lasso,0.020045496431271733,0.015600765036908716,-5.033269224274939e-05,0.0,0.004665374755859375,False,BASELINE
target_107,LME_ZS_Close - US_Stock_VXUS_adj_close,2,RandomForest,0.02022527936896736,0.015692228689020517,-0.01806916714496154,0.08800953499077546,0.3354184627532959,False,BASELINE
target_107,LME_ZS_Close - US_Stock_VXUS_adj_close,2,ElasticNet,0.020045496431271733,0.015600765036908716,-5.033269224274939e-05,0.0,0.004333972930908203,False,BASELINE
target_107,LME_ZS_Close - US_Stock_VXUS_adj_close,2,XGBoost,0.02387911289790705,0.01829999899038875,-0.41913791789615495,-0.01461056533122079,0.5459566116333008,False,BASELINE
target_107,LME_ZS_Close - US_Stock_VXUS_adj_close,2,LightGBM,0.021557984945561916,0.016678450888691004,-0.15665690554196,0.00960189986118595,1.4861087799072266,False,BASELINE
target_108,LME_ZS_Close - LME_PB_Close,2,Ridge,0.016821493197356003,0.013554751543917457,-0.12844092199778,0.16152979575459686,0.007595062255859375,False,BASELINE
target_108,LME_ZS_Close - LME_PB_Close,2,Lasso,0.015874710730958305,0.012787852139704734,-0.004989164083802011,0.0,0.005875587463378906,False,BASELINE
target_108,LME_ZS_Close - LME_PB_Close,2,RandomForest,0.016275043481290868,0.013019907189730926,-0.05631647547540153,0.10991108470487168,0.4206714630126953,False,BASELINE
target_108,LME_ZS_Close - LME_PB_Close,2,ElasticNet,0.015874710730958305,0.012787852139704734,-0.004989164083802011,0.0,0.004822254180908203,False,BASELINE
target_108,LME_ZS_Close - LME_PB_Close,2,XGBoost,0.017193093202841767,0.013571079081610694,-0.17884789807123358,0.09672708379951489,0.5482699871063232,False,BASELINE
target_108,LME_ZS_Close - LME_PB_Close,2,LightGBM,0.017732887379795677,0.013951440754911719,-0.254032090984347,0.0623188964935429,1.503166913986206,False,BASELINE
target_109,LME_AH_Close - JPX_Gold_Standard_Futures_Close,2,Ridge,0.021144948628942027,0.017058057646977383,-0.21699179552159098,0.04050726030638198,0.007669210433959961,False,BASELINE
target_109,LME_AH_Close - JPX_Gold_Standard_Futures_Close,2,Lasso,0.019204584521707747,0.015209125852392317,-0.003885574264358871,0.0,0.005782604217529297,False,BASELINE
target_109,LME_AH_Close - JPX_Gold_Standard_Futures_Close,2,RandomForest,0.019773034665072478,0.015791622020495607,-0.06419456632538756,-0.007077689714319513,0.3882920742034912,False,BASELINE
target_109,LME_AH_Close - JPX_Gold_Standard_Futures_Close,2,ElasticNet,0.019198817779582784,0.015213948786391547,-0.003282772361310249,0.14240477317087596,0.00531458854675293,False,BASELINE
target_109,LME_AH_Close - JPX_Gold_Standard_Futures_Close,2,XGBoost,0.019718226963581817,0.01578109121699663,-0.05830318709746729,0.11576750754125509,0.5353257656097412,False,BASELINE
target_109,LME_AH_Close - JPX_Gold_Standard_Futures_Close,2,LightGBM,0.020972765274445238,0.016790488712055567,-0.19725255966113497,0.01175807357899095,1.4921813011169434,False,BASELINE
target_110,JPX_Platinum_Standard_Futures_Close - LME_AH_Close,2,Ridge,0.02665381493264021,0.020352943911361887,-0.11194818195110412,0.04262509611403561,0.007888317108154297,False,BASELINE
target_110,JPX_Platinum_Standard_Futures_Close - LME_AH_Close,2,Lasso,0.025362919558259256,0.01926101289467086,-0.006848858007492575,0.1106467538839388,0.006169319152832031,False,BASELINE
target_110,JPX_Platinum_Standard_Futures_Close - LME_AH_Close,2,RandomForest,0.025905830663517926,0.01990791097275177,-0.05041481408298143,0.09225062104453777,0.38006067276000977,False,BASELINE
target_110,JPX_Platinum_Standard_Futures_Close - LME_AH_Close,2,ElasticNet,0.02557508218730287,0.019444550851801686,-0.023764036526234378,0.1106467538839388,0.0060596466064453125,False,BASELINE
target_110,JPX_Platinum_Standard_Futures_Close - LME_AH_Close,2,XGBoost,0.027918977295356213,0.021497908732915846,-0.22001397178291815,0.0737335127461998,0.5247056484222412,False,BASELINE
target_110,JPX_Platinum_Standard_Futures_Close - LME_AH_Close,2,LightGBM,0.0266027327814266,0.020538184715476335,-0.10769015915644009,0.0763929141775596,1.4641802310943604,False,BASELINE
target_111,JPX_Gold_Standard_Futures_Close - LME_ZS_Close,2,Ridge,0.022732176599780655,0.018484045107446893,-0.12936772796021123,-0.03468570710356657,0.007741212844848633,False,BASELINE
target_111,JPX_Gold_Standard_Futures_Close - LME_ZS_Close,2,Lasso,0.021390618310897752,0.01709215492433296,-1.742423472173016e-08,0.0,0.005942821502685547,False,BASELINE
target_111,JPX_Gold_Standard_Futures_Close - LME_ZS_Close,2,RandomForest,0.0222837345249352,0.01749900187154106,-0.08524872097941283,0.09415848465132785,0.34752368927001953,False,BASELINE
target_111,JPX_Gold_Standard_Futures_Close - LME_ZS_Close,2,ElasticNet,0.021386796036635725,0.017098380663571576,0.0003573292193591593,0.06594531850712722,0.0066797733306884766,False,BASELINE
target_111,JPX_Gold_Standard_Futures_Close - LME_ZS_Close,2,XGBoost,0.0232886524930399,0.017985307698734892,-0.1853375755956126,0.00294959188501804,0.5457785129547119,False,BASELINE
target_111,JPX_Gold_Standard_Futures_Close - LME_ZS_Close,2,LightGBM,0.02341363674373921,0.018584243164239088,-0.19809452376308423,-0.014650736381380492,1.476710319519043,False,BASELINE
target_112,JPX_Gold_Standard_Futures_Close - LME_CA_Close,2,Ridge,0.019312376625551957,0.015386236359925413,-0.23100557121745613,-0.050352664576802514,0.008666276931762695,False,BASELINE
target_112,JPX_Gold_Standard_Futures_Close - LME_CA_Close,2,Lasso,0.01742549077226673,0.013890565281191059,-0.002209720337642551,0.06859843555923582,0.007378101348876953,False,BASELINE
target_112,JPX_Gold_Standard_Futures_Close - LME_CA_Close,2,RandomForest,0.017707622940974957,0.014278315277810854,-0.03492554126147729,-0.036088972023422254,0.36638808250427246,False,BASELINE
target_112,JPX_Gold_Standard_Futures_Close - LME_CA_Close,2,ElasticNet,0.017487126657310056,0.013906570650785282,-0.009312112030396724,0.05469997634116047,0.011901378631591797,False,BASELINE
target_112,JPX_Gold_Standard_Futures_Close - LME_CA_Close,2,XGBoost,0.018434217385425167,0.0147557869597467,-0.12159995434999016,0.021485922990477316,0.5380551815032959,False,BASELINE
target_112,JPX_Gold_Standard_Futures_Close - LME_CA_Close,2,LightGBM,0.018446209550396084,0.015154276192284651,-0.12305971653102477,-0.03508605902880464,1.486297845840454,False,BASELINE
target_113,JPX_Gold_Standard_Futures_Close - FX_AUDCAD,2,Ridge,0.015130190753216697,0.011580655812294232,-0.13191321091414143,0.04021050426768602,0.008123636245727539,False,BASELINE
target_113,JPX_Gold_Standard_Futures_Close - FX_AUDCAD,2,Lasso,0.014274916488739778,0.010927170737210863,-0.0075612913391931436,0.0,0.004754781723022461,False,BASELINE
target_113,JPX_Gold_Standard_Futures_Close - FX_AUDCAD,2,RandomForest,0.015844020949704673,0.012632875640609725,-0.24123821439153748,-0.08384224192897562,0.36152124404907227,False,BASELINE
target_113,JPX_Gold_Standard_Futures_Close - FX_AUDCAD,2,ElasticNet,0.014274916488739778,0.010927170737210863,-0.0075612913391931436,0.0,0.004884243011474609,False,BASELINE
target_113,JPX_Gold_Standard_Futures_Close - FX_AUDCAD,2,XGBoost,0.018819929052235475,0.01524071166873487,-0.7512989435396833,-0.026540971942005054,0.5168929100036621,False,BASELINE
target_113,JPX_Gold_Standard_Futures_Close - FX_AUDCAD,2,LightGBM,0.015781945654363343,0.012328803631296854,-0.23153117204009988,-0.011385527138540392,1.455329418182373,False,BASELINE
target_114,JPX_Platinum_Standard_Futures_Close - FX_NZDCHF,2,Ridge,0.024311138476100978,0.01746287139781369,-0.22706809996408484,0.023520787065415265,0.005718708038330078,False,BASELINE
target_114,JPX_Platinum_Standard_Futures_Close - FX_NZDCHF,2,Lasso,0.022035679204094633,0.015935029810763893,-0.008117037071882383,0.0,0.0037393569946289062,False,BASELINE
target_114,JPX_Platinum_Standard_Futures_Close - FX_NZDCHF,2,RandomForest,0.02499517010165479,0.018674986741013505,-0.29709045973690396,-0.07746150457879125,0.3730340003967285,False,BASELINE
target_114,JPX_Platinum_Standard_Futures_Close - FX_NZDCHF,2,ElasticNet,0.022137145289879975,0.016038117420175163,-0.01742241783684495,0.07559487323232167,0.039595603942871094,False,BASELINE
target_114,JPX_Platinum_Standard_Futures_Close - FX_NZDCHF,2,XGBoost,0.02688930271190204,0.01980512540582114,-0.5011260182978505,-0.06870835887373748,0.503730058670044,False,BASELINE
target_114,JPX_Platinum_Standard_Futures_Close - FX_NZDCHF,2,LightGBM,0.028660856160277606,0.02174285850224664,-0.705439787984047,-0.05046619579915539,1.470240831375122,False,BASELINE
target_115,FX_ZARGBP - JPX_Gold_Standard_Futures_Close,2,Ridge,0.015916486880734305,0.012295579747874104,-0.061104986066363054,0.13479142088840565,0.006873607635498047,False,BASELINE
target_115,FX_ZARGBP - JPX_Gold_Standard_Futures_Close,2,Lasso,0.015491187858213086,0.012020028469177428,-0.0051557587295711915,0.0,0.0047647953033447266,False,BASELINE
target_115,FX_ZARGBP - JPX_Gold_Standard_Futures_Close,2,RandomForest,0.01662384058963828,0.012888446339867387,-0.1575150738302098,0.021110183613687397,0.37592291831970215,False,BASELINE
target_115,FX_ZARGBP - JPX_Gold_Standard_Futures_Close,2,ElasticNet,0.015491187858213086,0.012020028469177428,-0.0051557587295711915,0.0,0.005327701568603516,False,BASELINE
target_115,FX_ZARGBP - JPX_Gold_Standard_Futures_Close,2,XGBoost,0.017464713826104695,0.013760541877533563,-0.27757637299856364,0.01868818323789693,0.5213885307312012,False,BASELINE
target_115,FX_ZARGBP - JPX_Gold_Standard_Futures_Close,2,LightGBM,0.017808476165978443,0.013858307051533776,-0.32836505683177797,0.035956679367563124,1.3973073959350586,False,BASELINE
target_116,LME_ZS_Close - FX_USDJPY,2,Ridge,0.022492307067232754,0.01784343417662379,-0.05647377409211907,0.02942126611059241,0.007483959197998047,False,BASELINE
target_116,LME_ZS_Close - FX_USDJPY,2,Lasso,0.021935288459372104,0.017493355658772147,-0.004794878297886607,0.22398706780144909,0.005826711654663086,False,BASELINE
target_116,LME_ZS_Close - FX_USDJPY,2,RandomForest,0.0231569286903093,0.01823403157673723,-0.11983137013556822,0.07821536688811899,0.4062075614929199,False,BASELINE
target_116,LME_ZS_Close - FX_USDJPY,2,ElasticNet,0.021844574058991907,0.017427939829834798,0.0034986883766839894,0.22398706780144909,0.0048177242279052734,False,BASELINE
target_117,LME_CA_Close - FX_ZAREUR,2,Ridge,0.017135644158805047,0.012576608076705496,-0.047863802921588094,-0.050308001347747024,0.007003068923950195,False,BASELINE
target_117,LME_CA_Close - FX_ZAREUR,2,Lasso,0.016736657471265855,0.012154729925031908,0.00036506657503132534,0.17929948019146238,0.007570981979370117,False,BASELINE
target_117,LME_CA_Close - FX_ZAREUR,2,RandomForest,0.017276280222245435,0.012696027347327929,-0.0651344905784188,0.05510021939469698,0.38450098037719727,False,BASELINE
target_117,LME_CA_Close - FX_ZAREUR,2,ElasticNet,0.01674699767382428,0.0121758082457582,-0.0008704992155250668,0.19148784584243192,0.01346898078918457,False,BASELINE
target_117,LME_CA_Close - FX_ZAREUR,2,XGBoost,0.01838928035545649,0.0137337218612182,-0.2067948173824048,0.014587046710751367,0.5871002674102783,False,BASELINE
target_117,LME_CA_Close - FX_ZAREUR,2,LightGBM,0.018372254498355153,0.013743663295912945,-0.20456121127639149,-0.002682376664428995,1.3975844383239746,False,BASELINE
target_118,FX_EURCAD - LME_ZS_Close,2,Ridge,0.02084973809629892,0.01655715616989438,-0.037807165532635745,0.17138223803167205,0.0073947906494140625,False,BASELINE
target_118,FX_EURCAD - LME_ZS_Close,2,Lasso,0.02047525450944833,0.0163098284165646,-0.0008617096841689875,0.0,0.005449533462524414,False,BASELINE
target_118,FX_EURCAD - LME_ZS_Close,2,RandomForest,0.020473995745592374,0.016281845564848463,-0.0007386528676280868,0.13970503887632876,0.3756105899810791,False,BASELINE
target_118,FX_EURCAD - LME_ZS_Close,2,ElasticNet,0.02044381058655189,0.016283921151767192,0.0022099838409104233,0.19316095546004725,0.0046732425689697266,False,BASELINE
target_118,FX_EURCAD - LME_ZS_Close,2,XGBoost,0.021518000590561494,0.01714664220189531,-0.10539955962022929,0.12728956241946313,0.5541386604309082,False,BASELINE
target_118,FX_EURCAD - LME_ZS_Close,2,LightGBM,0.022002771113892865,0.017206689111204324,-0.15576681074261045,0.10968474550986762,1.4649038314819336,False,BASELINE
target_119,LME_CA_Close - FX_CADCHF,2,Ridge,0.01792048150310059,0.013423090589408012,-0.0557391884252294,-0.054008389982432986,0.008224248886108398,False,BASELINE
target_119,LME_CA_Close - FX_CADCHF,2,Lasso,0.017475627320210355,0.012982073902173714,-0.003974870747185388,0.17391856776636397,0.006203889846801758,False,BASELINE
target_119,LME_CA_Close - FX_CADCHF,2,RandomForest,0.018217867745159197,0.013658156028371223,-0.09106941944728097,0.051318811616344766,0.3715691566467285,False,BASELINE
target_119,LME_CA_Close - FX_CADCHF,2,ElasticNet,0.01749411542348267,0.013023932782678714,-0.006100277663328324,0.17391856776636397,0.01386117935180664,False,BASELINE
target_119,LME_CA_Close - FX_CADCHF,2,XGBoost,0.019093567310346476,0.014101939444986805,-0.19848180961173,-0.010553579374326447,0.5327577590942383,False,BASELINE
target_119,LME_CA_Close - FX_CADCHF,2,LightGBM,0.019729813156579474,0.015353227793701867,-0.27968546915288006,0.022841225626740944,1.460561752319336,False,BASELINE
target_120,LME_AH_Close - FX_AUDCHF,2,Ridge,0.017182094309967148,0.013316128638482748,-0.02052338146672894,-0.003866284976478728,0.007635593414306641,False,BASELINE
target_120,LME_AH_Close - FX_AUDCHF,2,Lasso,0.017019282980126074,0.013030247852140213,-0.0012747888300439492,0.0,0.005126237869262695,False,BASELINE
target_120,LME_AH_Close - FX_AUDCHF,2,RandomForest,0.018545669912544555,0.014072933347923653,-0.18892870818291096,-0.015345540217645712,0.42353081703186035,False,BASELINE
target_120,LME_AH_Close - FX_AUDCHF,2,ElasticNet,0.017019282980126074,0.013030247852140213,-0.0012747888300439492,0.0,0.0029914379119873047,False,BASELINE
target_120,LME_AH_Close - FX_AUDCHF,2,XGBoost,0.020970075402391437,0.016135741802301994,-0.520095056211056,-0.04425239906686522,0.5258240699768066,False,BASELINE
target_120,LME_AH_Close - FX_AUDCHF,2,LightGBM,0.020290366777118016,0.015189582490494442,-0.4231496083416204,-0.08206519083223378,1.4061872959136963,False,BASELINE
target_121,US_Stock_EOG_adj_close - JPX_Gold_Standard_Futures_Close,2,Ridge,0.027676135376028737,0.021095515543524467,-0.13851455169138238,0.11190791124858399,0.00745701789855957,False,BASELINE
target_121,US_Stock_EOG_adj_close - JPX_Gold_Standard_Futures_Close,2,Lasso,0.026080994989487752,0.020048412634485167,-0.011057848273729798,0.023050289691180184,0.0069811344146728516,False,BASELINE
target_121,US_Stock_EOG_adj_close - JPX_Gold_Standard_Futures_Close,2,RandomForest,0.031483269959055454,0.02282687449190783,-0.4732870109452729,0.07863223513291684,0.3822660446166992,False,BASELINE
target_121,US_Stock_EOG_adj_close - JPX_Gold_Standard_Futures_Close,2,ElasticNet,0.02627061720452545,0.020234484931181074,-0.025813111763549612,0.023050289691180184,0.008475780487060547,False,BASELINE
target_121,US_Stock_EOG_adj_close - JPX_Gold_Standard_Futures_Close,2,XGBoost,0.03667250596133099,0.025686496892887444,-0.9989819332883993,0.06634029774381008,0.5493042469024658,False,BASELINE
target_121,US_Stock_EOG_adj_close - JPX_Gold_Standard_Futures_Close,2,LightGBM,0.03086424909296803,0.023838490166748542,-0.41592132929498526,0.013856143788379597,1.4903991222381592,False,BASELINE
target_122,US_Stock_EWJ_adj_close - JPX_Gold_Standard_Futures_Close,2,Ridge,0.021265311220140436,0.016258889549798625,-0.11027481625888225,0.010065302855437365,0.00849008560180664,False,BASELINE
target_122,US_Stock_EWJ_adj_close - JPX_Gold_Standard_Futures_Close,2,Lasso,0.02021280490771902,0.015262923464953991,-0.003090625009320336,0.0,0.00611424446105957,False,BASELINE
target_122,US_Stock_EWJ_adj_close - JPX_Gold_Standard_Futures_Close,2,RandomForest,0.02206486586741632,0.016812388451268846,-0.19533486335444672,-0.1262076764528892,0.36041951179504395,False,BASELINE
target_122,US_Stock_EWJ_adj_close - JPX_Gold_Standard_Futures_Close,2,ElasticNet,0.02029749230036924,0.015380675004919896,-0.011513710225595553,0.025489916770110498,0.01214742660522461,False,BASELINE
target_122,US_Stock_EWJ_adj_close - JPX_Gold_Standard_Futures_Close,2,XGBoost,0.024289345383450567,0.01903920080117051,-0.4485004143311646,-0.12809495707686624,0.548652172088623,False,BASELINE
target_122,US_Stock_EWJ_adj_close - JPX_Gold_Standard_Futures_Close,2,LightGBM,0.023472002993945307,0.01830413835630379,-0.3526558240409934,-0.07504837876625181,1.4542291164398193,False,BASELINE
target_123,JPX_Platinum_Standard_Futures_Close - US_Stock_XOM_adj_close,2,Ridge,0.02892476648369323,0.022101602176822357,-0.17142059959009814,0.07876944962067364,0.007871389389038086,False,BASELINE
target_123,JPX_Platinum_Standard_Futures_Close - US_Stock_XOM_adj_close,2,Lasso,0.026772988197674152,0.021019453870616295,-0.0036142683108844054,0.0,0.006043910980224609,False,BASELINE
target_123,JPX_Platinum_Standard_Futures_Close - US_Stock_XOM_adj_close,2,RandomForest,0.028544323823887035,0.021880072708533455,-0.14080824988778962,0.019621090331902076,0.37525057792663574,False,BASELINE
target_123,JPX_Platinum_Standard_Futures_Close - US_Stock_XOM_adj_close,2,ElasticNet,0.02687194120056924,0.021064070856150165,-0.011046697668984029,0.07994933917076323,0.008340120315551758,False,BASELINE
target_123,JPX_Platinum_Standard_Futures_Close - US_Stock_XOM_adj_close,2,XGBoost,0.029932419406172556,0.023664152412253378,-0.25445988367348593,-0.04138315304551237,0.5776493549346924,False,BASELINE
target_123,JPX_Platinum_Standard_Futures_Close - US_Stock_XOM_adj_close,2,LightGBM,0.02960509372174204,0.022963288218145972,-0.2271736302187195,0.00664075483472728,1.3927083015441895,False,BASELINE
target_124,LME_ZS_Close - US_Stock_AMP_adj_close,2,Ridge,0.028801246373737883,0.021946839213595172,-0.028143540842627157,0.12260064018613215,0.0074231624603271484,False,BASELINE
target_124,LME_ZS_Close - US_Stock_AMP_adj_close,2,Lasso,0.0284103369017791,0.021848144720448846,-0.0004236607493000033,0.0,0.00571894645690918,False,BASELINE
target_124,LME_ZS_Close - US_Stock_AMP_adj_close,2,RandomForest,0.029149230732324588,0.022041915776319056,-0.053138240715401075,0.07436781322075954,0.3841240406036377,False,BASELINE
target_124,LME_ZS_Close - US_Stock_AMP_adj_close,2,ElasticNet,0.0284103369017791,0.021848144720448846,-0.0004236607493000033,0.0,0.004025697708129883,False,BASELINE
target_124,LME_ZS_Close - US_Stock_AMP_adj_close,2,XGBoost,0.03125576567942766,0.023267784681051482,-0.21085313828469254,-0.0034584562973641983,0.5262250900268555,False,BASELINE
target_124,LME_ZS_Close - US_Stock_AMP_adj_close,2,LightGBM,0.03005268348808058,0.02277417070057992,-0.11943195973129295,0.0253754937890526,1.4038329124450684,False,BASELINE
target_125,FX_GBPNZD - LME_CA_Close,2,Ridge,0.019516388153084204,0.014598495390147787,-0.044277726408089135,-0.10748076759851541,0.0077342987060546875,False,BASELINE
target_125,FX_GBPNZD - LME_CA_Close,2,Lasso,0.01908926143889197,0.014164231035007524,0.000931254786802338,0.12728467555048006,0.0072367191314697266,False,BASELINE
target_125,FX_GBPNZD - LME_CA_Close,2,RandomForest,0.019510554385910105,0.014616960087393065,-0.04365351637874304,-0.005295822755834021,0.3518855571746826,False,BASELINE
target_125,FX_GBPNZD - LME_CA_Close,2,ElasticNet,0.01909322961930218,0.014178725700965556,0.0005158487644604248,0.12728467555048006,0.009029626846313477,False,BASELINE
target_125,FX_GBPNZD - LME_CA_Close,2,XGBoost,0.021371860245144703,0.01613502289607797,-0.25228094433149084,-0.002806863221681237,0.5382566452026367,False,BASELINE
target_125,FX_GBPNZD - LME_CA_Close,2,LightGBM,0.021534661098709912,0.01681510088091494,-0.27143219337575797,0.002331036504911303,1.424543857574463,False,BASELINE
target_126,LME_AH_Close - US_Stock_WMB_adj_close,2,Ridge,0.05364363742801919,0.044198531316201474,-3.4894937385597915,0.054831847059509234,0.00659489631652832,False,BASELINE
target_126,LME_AH_Close - US_Stock_WMB_adj_close,2,Lasso,0.025389796623367593,0.01952920766324754,-0.005725304770975992,0.0,0.004224061965942383,False,BASELINE
target_126,LME_AH_Close - US_Stock_WMB_adj_close,2,RandomForest,0.02623512347816572,0.020098467251838552,-0.07380929360457222,-0.05214329130848002,0.307919979095459,False,BASELINE
target_126,LME_AH_Close - US_Stock_WMB_adj_close,2,ElasticNet,0.02532692654069911,0.019476121124101763,-0.0007507278533553929,0.1482743998106324,0.004854917526245117,False,BASELINE
target_126,LME_AH_Close - US_Stock_WMB_adj_close,2,XGBoost,0.02656730731200675,0.02060354147788786,-0.10117416064271989,0.01487582268438062,0.48414063453674316,False,BASELINE
target_126,LME_AH_Close - US_Stock_WMB_adj_close,2,LightGBM,0.028683391478056628,0.022301292229734832,-0.2835770216117126,-0.05725217172023556,1.4275929927825928,False,BASELINE
target_127,LME_ZS_Close - FX_EURCHF,2,Ridge,0.020087120351567737,0.015969098599292228,-0.0493554151843707,0.1535652281267602,0.007752418518066406,False,BASELINE
target_127,LME_ZS_Close - FX_EURCHF,2,Lasso,0.019640258632046603,0.015859844219723373,-0.00318643193198187,0.0,0.0054585933685302734,False,BASELINE
target_127,LME_ZS_Close - FX_EURCHF,2,RandomForest,0.02039827905401883,0.01613390284962202,-0.08211720537001876,0.08961900426186417,0.3937828540802002,False,BASELINE
target_127,LME_ZS_Close - FX_EURCHF,2,ElasticNet,0.019605205097957674,0.015836313602881857,0.00039130595366387855,0.19250251416548994,0.013383865356445312,False,BASELINE
target_127,LME_ZS_Close - FX_EURCHF,2,XGBoost,0.022963785173781674,0.017887902152269153,-0.3714317371565239,0.06858026167897385,0.5417861938476562,False,BASELINE
target_127,LME_ZS_Close - FX_EURCHF,2,LightGBM,0.02273248901742946,0.017710999400416823,-0.3439441605837923,0.05091680234158186,1.3963334560394287,False,BASELINE
target_128,JPX_Platinum_Standard_Futures_Close - US_Stock_EWY_adj_close,2,Ridge,0.026492274128397972,0.02059501114695332,-0.06704853909566633,0.11690887543230799,0.007882118225097656,False,BASELINE
target_128,JPX_Platinum_Standard_Futures_Close - US_Stock_EWY_adj_close,2,Lasso,0.025680636205628892,0.020097454396519183,-0.002668225297863147,0.0,0.00581812858581543,False,BASELINE
target_128,JPX_Platinum_Standard_Futures_Close - US_Stock_EWY_adj_close,2,RandomForest,0.02791683896906302,0.021635870703391596,-0.18489039215547165,-0.03229017375656638,0.3574681282043457,False,BASELINE
target_128,JPX_Platinum_Standard_Futures_Close - US_Stock_EWY_adj_close,2,ElasticNet,0.025680636205628892,0.020097454396519183,-0.002668225297863147,0.0,0.004903316497802734,False,BASELINE
target_128,JPX_Platinum_Standard_Futures_Close - US_Stock_EWY_adj_close,2,XGBoost,0.03139860706707647,0.024888510812453603,-0.49887859947793833,-0.09204708317465485,0.5368876457214355,False,BASELINE
target_128,JPX_Platinum_Standard_Futures_Close - US_Stock_EWY_adj_close,2,LightGBM,0.030121567805322547,0.023585543592946134,-0.37943372843559176,-0.030510649142748605,1.428645133972168,False,BASELINE
target_129,FX_ZARJPY - LME_PB_Close,2,Ridge,0.018352278779006928,0.01454731707562278,-0.12547975152583546,-0.02702052742176508,0.006334781646728516,False,BASELINE
target_129,FX_ZARJPY - LME_PB_Close,2,Lasso,0.01729986936297487,0.013641702088795792,-9.979407337401547e-05,0.0,0.005442619323730469,False,BASELINE
target_129,FX_ZARJPY - LME_PB_Close,2,RandomForest,0.017873332330926403,0.01409860895786063,-0.06750213359407198,0.04209085975457629,0.4397623538970947,False,BASELINE
target_129,FX_ZARJPY - LME_PB_Close,2,ElasticNet,0.01729986936297487,0.013641702088795792,-9.979407337401547e-05,0.0,0.00466156005859375,False,BASELINE
target_129,FX_ZARJPY - LME_PB_Close,2,XGBoost,0.018697353055947472,0.014619331985634055,-0.16820200711982913,0.02218304153581432,0.5626542568206787,False,BASELINE
target_129,FX_ZARJPY - LME_PB_Close,2,LightGBM,0.01912826044602064,0.015037718798729182,-0.2226682744794377,0.029443900030092826,1.4243454933166504,False,BASELINE
target_130,JPX_Platinum_Standard_Futures_Close - US_Stock_BKR_adj_close,2,Ridge,0.03572058071430038,0.026464902336371915,-0.15141291726428574,0.001845612382638491,0.007442951202392578,False,BASELINE
target_130,JPX_Platinum_Standard_Futures_Close - US_Stock_BKR_adj_close,2,Lasso,0.03329136239123936,0.02477075677019919,-0.00013174544795147014,0.0,0.005987882614135742,False,BASELINE
target_130,JPX_Platinum_Standard_Futures_Close - US_Stock_BKR_adj_close,2,RandomForest,0.03558771444770629,0.02682666131540994,-0.14286325692507784,-0.11146138274605338,0.3243069648742676,False,BASELINE
target_130,JPX_Platinum_Standard_Futures_Close - US_Stock_BKR_adj_close,2,ElasticNet,0.03329136239123936,0.02477075677019919,-0.00013174544795147014,0.0,0.004236698150634766,False,BASELINE
target_130,JPX_Platinum_Standard_Futures_Close - US_Stock_BKR_adj_close,2,XGBoost,0.0381856069637251,0.02902570855555486,-0.3158108775517803,-0.07463247157596072,0.5587270259857178,False,BASELINE
target_130,JPX_Platinum_Standard_Futures_Close - US_Stock_BKR_adj_close,2,LightGBM,0.03906788800885396,0.030419463631716794,-0.3773171150885106,-0.19949339170763236,1.4724311828613281,False,BASELINE
target_131,LME_ZS_Close - US_Stock_VGIT_adj_close,2,Ridge,0.020910323460744572,0.016613580871011408,0.001047327066646342,0.10929792445042362,0.007184267044067383,False,BASELINE
target_131,LME_ZS_Close - US_Stock_VGIT_adj_close,2,Lasso,0.020928479204976848,0.016692410746652023,-0.0006881413517074719,0.0,0.004424095153808594,False,BASELINE
target_131,LME_ZS_Close - US_Stock_VGIT_adj_close,2,RandomForest,0.02121554619172187,0.016858269974795104,-0.028328436553446856,-0.0035869217419438487,0.3504822254180908,False,BASELINE
target_131,LME_ZS_Close - US_Stock_VGIT_adj_close,2,ElasticNet,0.020904459867479352,0.01667393463920734,0.0016074935235709242,0.17784345771881055,0.009819507598876953,False,BASELINE
target_131,LME_ZS_Close - US_Stock_VGIT_adj_close,2,XGBoost,0.022757520945791816,0.017553671354205994,-0.18324128285669206,0.11514786015822659,0.5859401226043701,False,BASELINE
target_131,LME_ZS_Close - US_Stock_VGIT_adj_close,2,LightGBM,0.022118190342403667,0.01767631243477795,-0.1176931613113057,0.07533844102425022,1.4050309658050537,False,BASELINE
target_132,US_Stock_EWZ_adj_close - LME_ZS_Close,2,Ridge,0.025160427461135722,0.020354854649627264,-0.016450153290298974,0.1680607546393273,0.007308483123779297,False,BASELINE
target_132,US_Stock_EWZ_adj_close - LME_ZS_Close,2,Lasso,0.02501693687647973,0.020212676752418165,-0.004889528506931251,0.0,0.00510096549987793,False,BASELINE
target_132,US_Stock_EWZ_adj_close - LME_ZS_Close,2,RandomForest,0.024691859503755593,0.01983338397171835,0.021056449393493493,0.13105943548953064,0.4210634231567383,False,BASELINE
target_132,US_Stock_EWZ_adj_close - LME_ZS_Close,2,ElasticNet,0.025008288191392575,0.02020848080708114,-0.004194841477074496,0.05563713507784649,0.007242441177368164,False,BASELINE
target_132,US_Stock_EWZ_adj_close - LME_ZS_Close,2,XGBoost,0.026832341042620698,0.021126946234331315,-0.1560248922251355,0.1925203373883213,0.5288128852844238,False,BASELINE
target_132,US_Stock_EWZ_adj_close - LME_ZS_Close,2,LightGBM,0.0262484403971082,0.0210162921420512,-0.1062596275300951,0.14657550378080939,1.4464762210845947,False,BASELINE
target_133,LME_PB_Close - FX_NOKCHF,2,Ridge,0.015814267638491714,0.01248847110083293,0.02149809402951519,0.1800258232445209,0.006928682327270508,False,BASELINE
target_133,LME_PB_Close - FX_NOKCHF,2,Lasso,0.015987509309342427,0.012622733008269006,-5.786045343003643e-05,0.0,0.005767345428466797,False,BASELINE
target_133,LME_PB_Close - FX_NOKCHF,2,RandomForest,0.016000900217430895,0.012661273606248018,-0.0017338302338185674,0.10621326810649258,0.38109350204467773,False,BASELINE
target_133,LME_PB_Close - FX_NOKCHF,2,ElasticNet,0.015987509309342427,0.012622733008269006,-5.786045343003643e-05,0.0,0.0043582916259765625,False,BASELINE
target_133,LME_PB_Close - FX_NOKCHF,2,XGBoost,0.016910081203371938,0.01331508632193899,-0.11880627427950818,0.10464098231210632,0.5177249908447266,False,BASELINE
target_133,LME_PB_Close - FX_NOKCHF,2,LightGBM,0.016602291024013473,0.013006494671391321,-0.07844885034564664,0.19449018382343483,1.4385340213775635,False,BASELINE
target_134,US_Stock_JNK_adj_close - LME_ZS_Close,2,Ridge,0.020253544640531147,0.0161068935656657,-0.0079743640539367,0.07424142939218002,0.007597208023071289,False,BASELINE
target_134,US_Stock_JNK_adj_close - LME_ZS_Close,2,Lasso,0.020179413755440988,0.016022341336241492,-0.0006092053728223856,0.0,0.006074190139770508,False,BASELINE
target_134,US_Stock_JNK_adj_close - LME_ZS_Close,2,RandomForest,0.02024664321078482,0.016044045146658897,-0.007287543137444619,0.0806635121263053,0.3912496566772461,False,BASELINE
target_134,US_Stock_JNK_adj_close - LME_ZS_Close,2,ElasticNet,0.02016986363670414,0.01601485130828102,0.00033766807085156003,0.17170506950813197,0.005715608596801758,False,BASELINE
target_134,US_Stock_JNK_adj_close - LME_ZS_Close,2,XGBoost,0.021093212454384835,0.01688847540319625,-0.09328366093676577,0.14632422299222186,0.522057294845581,False,BASELINE
target_134,US_Stock_JNK_adj_close - LME_ZS_Close,2,LightGBM,0.0214098887469933,0.01698345674563159,-0.12635742125291793,0.09653702362217835,1.41395902633667,False,BASELINE
target_135,US_Stock_MS_adj_close - LME_PB_Close,2,Ridge,0.030548904110370975,0.023209409752774413,-0.07990135902068873,0.09493685566550451,0.0076770782470703125,False,BASELINE
target_135,US_Stock_MS_adj_close - LME_PB_Close,2,Lasso,0.029499992063976088,0.02159840689998497,-0.007016566996015827,0.0,0.0051343441009521484,False,BASELINE
target_135,US_Stock_MS_adj_close - LME_PB_Close,2,RandomForest,0.04528304169907897,0.03800397962057865,-1.3728156565461944,0.024510731027854397,0.33061790466308594,False,BASELINE
target_135,US_Stock_MS_adj_close - LME_PB_Close,2,ElasticNet,0.029499992063976088,0.02159840689998497,-0.007016566996015827,0.0,0.00406956672668457,False,BASELINE
target_135,US_Stock_MS_adj_close - LME_PB_Close,2,XGBoost,0.04205309441919903,0.03422152888120943,-1.0463915492897575,0.00026406785830261463,0.5320563316345215,False,BASELINE
target_135,US_Stock_MS_adj_close - LME_PB_Close,2,LightGBM,0.03808983788096046,0.03049499209209328,-0.6788467935824716,0.0036520465853765874,1.4695277214050293,False,BASELINE
target_136,LME_ZS_Close - US_Stock_TIP_adj_close,2,Ridge,0.020536324364701385,0.016330874481741402,0.008249682147193793,0.10653502527081822,0.00800180435180664,False,BASELINE
target_136,LME_ZS_Close - US_Stock_TIP_adj_close,2,Lasso,0.020630337279049345,0.016464325119941624,-0.0008513381613770576,0.0,0.005753517150878906,False,BASELINE
target_136,LME_ZS_Close - US_Stock_TIP_adj_close,2,RandomForest,0.020913099836093733,0.016555561183052944,-0.02847499965398237,0.09095888748924992,0.3599860668182373,False,BASELINE
target_136,LME_ZS_Close - US_Stock_TIP_adj_close,2,ElasticNet,0.02060700106707764,0.01644861303864635,0.001411627192296705,0.17157928042698106,0.004870891571044922,False,BASELINE
target_136,LME_ZS_Close - US_Stock_TIP_adj_close,2,XGBoost,0.02234287354687164,0.017714020163404603,-0.1739104615594198,0.08658124904096977,0.5442183017730713,False,BASELINE
target_136,LME_ZS_Close - US_Stock_TIP_adj_close,2,LightGBM,0.02162005334062284,0.017262919826413713,-0.09918410619611939,0.10935977818299902,1.430706262588501,False,BASELINE
target_137,LME_AH_Close - US_Stock_EFA_adj_close,2,Ridge,0.020113703240269575,0.01525988438991002,-0.12263079344802619,0.013160571100270845,0.005807161331176758,False,BASELINE
target_137,LME_AH_Close - US_Stock_EFA_adj_close,2,Lasso,0.018989718318661208,0.014330379471111293,-0.0006677875919112175,0.0,0.004469394683837891,False,BASELINE
target_137,LME_AH_Close - US_Stock_EFA_adj_close,2,RandomForest,0.02256512606764873,0.017345365730486024,-0.41295523422904745,-0.042138450064411144,0.3592045307159424,False,BASELINE
target_137,LME_AH_Close - US_Stock_EFA_adj_close,2,ElasticNet,0.018989718318661208,0.014330379471111293,-0.0006677875919112175,0.0,0.004117250442504883,False,BASELINE
target_137,LME_AH_Close - US_Stock_EFA_adj_close,2,XGBoost,0.030713307980166662,0.0255630526917537,-1.6176167654439735,-0.03969165914311169,0.5495736598968506,False,BASELINE
target_137,LME_AH_Close - US_Stock_EFA_adj_close,2,LightGBM,0.02129945450143944,0.016101714248160648,-0.25889594891210255,-0.10377450508092727,1.4176597595214844,False,BASELINE
target_138,FX_EURUSD - JPX_Gold_Standard_Futures_Close,2,Ridge,0.015864771309216066,0.012067916346230384,-0.09155170676863067,0.042211126478134846,0.007915973663330078,False,BASELINE
target_138,FX_EURUSD - JPX_Gold_Standard_Futures_Close,2,Lasso,0.015206225610668915,0.011367806907431721,-0.0028120415178305436,0.0,0.005476474761962891,False,BASELINE
target_138,FX_EURUSD - JPX_Gold_Standard_Futures_Close,2,RandomForest,0.017070297935541063,0.013471850661850889,-0.26374334926924803,0.009805975068458551,0.35787081718444824,False,BASELINE
target_138,FX_EURUSD - JPX_Gold_Standard_Futures_Close,2,ElasticNet,0.015206225610668915,0.011367806907431721,-0.0028120415178305436,0.0,0.004561662673950195,False,BASELINE
target_138,FX_EURUSD - JPX_Gold_Standard_Futures_Close,2,XGBoost,0.017660260331712002,0.013743415457029609,-0.3526046724944836,-0.06479921392026465,0.5084798336029053,False,BASELINE
target_138,FX_EURUSD - JPX_Gold_Standard_Futures_Close,2,LightGBM,0.016465669702525026,0.012595147158850531,-0.17580547861750495,-0.020773820341353274,1.408510446548462,False,BASELINE
target_139,US_Stock_DVN_adj_close - LME_ZS_Close,2,Ridge,0.046287934247122194,0.03560994257497863,-0.7433394804124787,0.06272830866915746,0.00676727294921875,False,BASELINE
target_139,US_Stock_DVN_adj_close - LME_ZS_Close,2,Lasso,0.03530152522435985,0.02621623294508357,-0.013989146040048972,-0.03627424041832154,0.004717588424682617,False,BASELINE
target_139,US_Stock_DVN_adj_close - LME_ZS_Close,2,RandomForest,0.0357233519076943,0.026665399580861913,-0.03836674376431404,-0.0028164264481802506,0.35338592529296875,False,BASELINE
target_139,US_Stock_DVN_adj_close - LME_ZS_Close,2,ElasticNet,0.0353491307571468,0.026249706315722113,-0.016725800689382897,-0.03627424041832154,0.004907131195068359,False,BASELINE
target_139,US_Stock_DVN_adj_close - LME_ZS_Close,2,XGBoost,0.03809647049828878,0.0283786603875105,-0.18090741654428966,0.010952868645272411,0.5617761611938477,False,BASELINE
target_139,US_Stock_DVN_adj_close - LME_ZS_Close,2,LightGBM,0.03829756989996465,0.02892020436959864,-0.19340760685949165,-0.003900056263106746,1.4698569774627686,False,BASELINE
target_140,JPX_Platinum_Standard_Futures_Close - US_Stock_CCJ_adj_close,2,Ridge,0.0430356637994756,0.033818605155588814,-0.03585688882660132,0.11734803931543923,0.007460355758666992,False,BASELINE
target_140,JPX_Platinum_Standard_Futures_Close - US_Stock_CCJ_adj_close,2,Lasso,0.04237602904658996,0.033106810993297,-0.0043457858883027,0.027085480754401838,0.008216142654418945,False,BASELINE
target_140,JPX_Platinum_Standard_Futures_Close - US_Stock_CCJ_adj_close,2,RandomForest,0.04656151054882134,0.03625156896600009,-0.21254221868746814,0.007025653101231538,0.3385798931121826,False,BASELINE
target_140,JPX_Platinum_Standard_Futures_Close - US_Stock_CCJ_adj_close,2,ElasticNet,0.042507169903506295,0.03319690985812375,-0.010571691064020783,0.029257501010212593,0.006821870803833008,False,BASELINE
target_140,JPX_Platinum_Standard_Futures_Close - US_Stock_CCJ_adj_close,2,XGBoost,0.04962201188252471,0.03876912720054357,-0.3771824612576844,-0.06885318340518681,0.5809910297393799,False,BASELINE
target_140,JPX_Platinum_Standard_Futures_Close - US_Stock_CCJ_adj_close,2,LightGBM,0.048193228868712225,0.037852751424382776,-0.2990168815649177,-0.012193677861857181,1.4005167484283447,False,BASELINE
target_141,LME_PB_Close - FX_NOKGBP,2,Ridge,0.015746056390156516,0.012686047825346068,0.02160754054951064,0.16000972229723995,0.008024930953979492,False,BASELINE
target_141,LME_PB_Close - FX_NOKGBP,2,Lasso,0.015919357703627814,0.01277904935105753,-4.737618228478624e-05,0.0,0.0060884952545166016,False,BASELINE
target_141,LME_PB_Close - FX_NOKGBP,2,RandomForest,0.016079895294532565,0.012891854685579712,-0.02031888495483858,0.036264168705005435,0.3721580505371094,False,BASELINE
target_141,LME_PB_Close - FX_NOKGBP,2,ElasticNet,0.015919357703627814,0.01277904935105753,-4.737618228478624e-05,0.0,0.008668184280395508,False,BASELINE
target_141,LME_PB_Close - FX_NOKGBP,2,XGBoost,0.017481318129413934,0.013849332181821048,-0.2059181859751138,-0.03203522660925881,0.5461554527282715,False,BASELINE
target_141,LME_PB_Close - FX_NOKGBP,2,LightGBM,0.017047759727691708,0.013532901046780427,-0.1468434106188874,0.0506426232712701,1.434034824371338,False,BASELINE
target_142,LME_ZS_Close - US_Stock_OXY_adj_close,2,Ridge,0.03187116628978915,0.02409989675495191,-0.10449557686702948,0.08543398125118204,0.006152629852294922,False,BASELINE
target_142,LME_ZS_Close - US_Stock_OXY_adj_close,2,Lasso,0.030520993925899534,0.023390833457227297,-0.01289729968870379,0.03416526603647228,0.006779193878173828,False,BASELINE
target_142,LME_ZS_Close - US_Stock_OXY_adj_close,2,RandomForest,0.030414080098659653,0.023321419649281853,-0.005813450806422038,0.12841370155336132,0.3771326541900635,False,BASELINE
target_142,LME_ZS_Close - US_Stock_OXY_adj_close,2,ElasticNet,0.030544484743427712,0.02340119978477278,-0.014457074725750418,0.0392408405922257,0.014112710952758789,False,BASELINE
target_142,LME_ZS_Close - US_Stock_OXY_adj_close,2,XGBoost,0.03187772837846846,0.024236908387707784,-0.10495044218292149,0.1040198383952287,0.52264404296875,False,BASELINE
target_142,LME_ZS_Close - US_Stock_OXY_adj_close,2,LightGBM,0.03257865065135597,0.025298127766696526,-0.15407558585025738,0.06449530327955626,1.4299941062927246,False,BASELINE
target_143,LME_ZS_Close - US_Stock_STLD_adj_close,2,Ridge,0.033751882126042416,0.025746690875740105,0.0008280459287516306,0.11575479990912257,0.007954120635986328,False,BASELINE
target_143,LME_ZS_Close - US_Stock_STLD_adj_close,2,Lasso,0.03383449899284849,0.026075543448837456,-0.004069428279166898,0.0,0.005560636520385742,False,BASELINE
target_143,LME_ZS_Close - US_Stock_STLD_adj_close,2,RandomForest,0.04964255991154497,0.039742658056592765,-1.1614867675114273,0.11701358284177456,0.33072853088378906,False,BASELINE
target_143,LME_ZS_Close - US_Stock_STLD_adj_close,2,ElasticNet,0.03383353099321736,0.026063600888028275,-0.00401197656794805,0.01998991605285186,0.00622105598449707,False,BASELINE
target_143,LME_ZS_Close - US_Stock_STLD_adj_close,2,XGBoost,0.041268702247833515,0.03189384714080216,-0.4937773435640329,-0.012113518252203834,0.5333676338195801,False,BASELINE
target_143,LME_ZS_Close - US_Stock_STLD_adj_close,2,LightGBM,0.035814804585756047,0.027670898256161588,-0.12504376127157557,-0.018243579998881872,1.4372596740722656,False,BASELINE
target_144,LME_PB_Close - US_Stock_HES_adj_close,2,Ridge,0.02672560251145099,0.019753192899523552,-0.0463227028580111,0.056772861946136684,0.006956338882446289,False,BASELINE
target_144,LME_PB_Close - US_Stock_HES_adj_close,2,Lasso,0.026156732932911427,0.01935391112872173,-0.0022536237700709894,0.0,0.004730224609375,False,BASELINE
target_144,LME_PB_Close - US_Stock_HES_adj_close,2,RandomForest,0.026638713838617833,0.020395797384168253,-0.039530279408190205,0.1384085537286376,0.40799832344055176,False,BASELINE
target_144,LME_PB_Close - US_Stock_HES_adj_close,2,ElasticNet,0.026156732932911427,0.01935391112872173,-0.0022536237700709894,0.0,0.0063359737396240234,False,BASELINE
target_144,LME_PB_Close - US_Stock_HES_adj_close,2,XGBoost,0.028877037741307704,0.021841082879975555,-0.22156314048276626,0.10820024876751132,0.5068397521972656,False,BASELINE
target_144,LME_PB_Close - US_Stock_HES_adj_close,2,LightGBM,0.030292202958570366,0.023598415194493027,-0.3442261965736324,0.09522166637916164,1.3757531642913818,False,BASELINE
target_145,FX_ZARCHF - JPX_Gold_Standard_Futures_Close,2,Ridge,0.016424140493395877,0.01250637143225854,-0.09188418269371579,0.10636287190165379,0.008023500442504883,False,BASELINE
target_145,FX_ZARCHF - JPX_Gold_Standard_Futures_Close,2,Lasso,0.01574741659933542,0.012037720448997468,-0.0037600482987474315,0.0,0.005812406539916992,False,BASELINE
target_145,FX_ZARCHF - JPX_Gold_Standard_Futures_Close,2,RandomForest,0.016275450651397967,0.012337609678834302,-0.07220373858404239,-0.0661985713801675,0.3539726734161377,False,BASELINE
target_145,FX_ZARCHF - JPX_Gold_Standard_Futures_Close,2,ElasticNet,0.01574741659933542,0.012037720448997468,-0.0037600482987474315,0.0,0.0037508010864257812,False,BASELINE
target_145,FX_ZARCHF - JPX_Gold_Standard_Futures_Close,2,XGBoost,0.017117354690180223,0.01303749411675099,-0.1859996794031944,-0.01028741810385986,0.5148830413818359,False,BASELINE
target_145,FX_ZARCHF - JPX_Gold_Standard_Futures_Close,2,LightGBM,0.017833750430967292,0.013583054281700561,-0.2873500122818766,-0.03392710280949579,1.4542126655578613,False,BASELINE
target_146,US_Stock_XLE_adj_close - LME_PB_Close,2,Ridge,0.023564014128151622,0.018289991261083594,-0.06695876838723347,0.07816676242100266,0.006400346755981445,False,BASELINE
target_146,US_Stock_XLE_adj_close - LME_PB_Close,2,Lasso,0.02281348864594452,0.017260997618625942,-7.482197827646253e-05,0.0,0.004313468933105469,False,BASELINE
target_146,US_Stock_XLE_adj_close - LME_PB_Close,2,RandomForest,0.023824265283059805,0.01859704242326639,-0.09065682288465027,0.15726846779977943,0.332261323928833,False,BASELINE
target_146,US_Stock_XLE_adj_close - LME_PB_Close,2,ElasticNet,0.022808545532382644,0.017257732062837226,0.0003585135739834211,0.04506133630231249,0.004142045974731445,False,BASELINE
target_146,US_Stock_XLE_adj_close - LME_PB_Close,2,XGBoost,0.027011596235727357,0.021524478899588643,-0.40200507801755925,0.14870172583808833,0.5223510265350342,False,BASELINE
target_146,US_Stock_XLE_adj_close - LME_PB_Close,2,LightGBM,0.025992837457057362,0.021023620095105187,-0.29824443586502336,0.13932910111063132,1.469933032989502,False,BASELINE
target_147,JPX_Platinum_Standard_Futures_Close - US_Stock_ALB_adj_close,2,Ridge,0.05247508526193292,0.039661400828285835,-0.05819359668031976,0.07687945571586521,0.007904291152954102,False,BASELINE
target_147,JPX_Platinum_Standard_Futures_Close - US_Stock_ALB_adj_close,2,Lasso,0.05122659703391738,0.03853894414909158,-0.008439473513792928,0.0,0.005202054977416992,False,BASELINE
target_147,JPX_Platinum_Standard_Futures_Close - US_Stock_ALB_adj_close,2,RandomForest,0.05165532535858618,0.038721971785572525,-0.02538987818379601,0.1617516553435643,0.3856630325317383,False,BASELINE
target_147,JPX_Platinum_Standard_Futures_Close - US_Stock_ALB_adj_close,2,ElasticNet,0.05120277087360085,0.038542227470244474,-0.007501614890952135,0.007140970304486968,0.008786201477050781,False,BASELINE
target_147,JPX_Platinum_Standard_Futures_Close - US_Stock_ALB_adj_close,2,XGBoost,0.0533012838035228,0.0402808325998333,-0.09177755657040598,0.14848526252445585,0.5414514541625977,False,BASELINE
target_147,JPX_Platinum_Standard_Futures_Close - US_Stock_ALB_adj_close,2,LightGBM,0.053154654894297354,0.040663379130712544,-0.08577897842311732,0.08315372383258669,1.4243013858795166,False,BASELINE
target_148,US_Stock_IEMG_adj_close - JPX_Platinum_Standard_Futures_Close,2,Ridge,0.023453264470459718,0.01779794458199997,-0.10036870526351804,0.12182340224097614,0.0075795650482177734,False,BASELINE
target_148,US_Stock_IEMG_adj_close - JPX_Platinum_Standard_Futures_Close,2,Lasso,0.022362708576163737,0.01677388156537106,-0.00041555818642824427,0.0,0.005898714065551758,False,BASELINE
target_148,US_Stock_IEMG_adj_close - JPX_Platinum_Standard_Futures_Close,2,RandomForest,0.024978739618397187,0.018968173726491074,-0.2481669259548862,-0.11316028415802534,0.3940298557281494,False,BASELINE
target_148,US_Stock_IEMG_adj_close - JPX_Platinum_Standard_Futures_Close,2,ElasticNet,0.022362708576163737,0.01677388156537106,-0.00041555818642824427,0.0,0.004448890686035156,False,BASELINE
target_148,US_Stock_IEMG_adj_close - JPX_Platinum_Standard_Futures_Close,2,XGBoost,0.02664358548266832,0.019924819471836774,-0.4200935841813247,-0.09177071614140456,0.5345447063446045,False,BASELINE
target_148,US_Stock_IEMG_adj_close - JPX_Platinum_Standard_Futures_Close,2,LightGBM,0.02579850871202882,0.019587970569515657,-0.3314376482550543,-0.07127342990675034,1.5087435245513916,False,BASELINE
target_149,JPX_Platinum_Standard_Futures_Close - US_Stock_KMI_adj_close,2,Ridge,0.034399066778070225,0.026735803879627845,-0.34009811050666094,0.10986713645186202,0.007216691970825195,False,BASELINE
target_149,JPX_Platinum_Standard_Futures_Close - US_Stock_KMI_adj_close,2,Lasso,0.029717861801290154,0.02221140542723368,-0.0001805184093408574,0.0,0.004387855529785156,False,BASELINE
target_149,JPX_Platinum_Standard_Futures_Close - US_Stock_KMI_adj_close,2,RandomForest,0.03277152050687817,0.02508855992406782,-0.2162880991490841,-0.005754674837518083,0.3427417278289795,False,BASELINE
target_149,JPX_Platinum_Standard_Futures_Close - US_Stock_KMI_adj_close,2,ElasticNet,0.02971002276120077,0.022200622827921863,0.00034707143860790435,0.09733759318423853,0.0062830448150634766,False,BASELINE
target_149,JPX_Platinum_Standard_Futures_Close - US_Stock_KMI_adj_close,2,XGBoost,0.0412796809068888,0.029937660168813142,-0.9298161503514646,-0.02683027750079702,0.5318765640258789,False,BASELINE
target_149,JPX_Platinum_Standard_Futures_Close - US_Stock_KMI_adj_close,2,LightGBM,0.03447595383575173,0.026053599674488174,-0.3460954447974025,-0.0069620848074684995,1.4157702922821045,False,BASELINE
target_150,LME_AH_Close - US_Stock_WPM_adj_close,2,Ridge,0.03303466676041795,0.02608767638617946,-0.2076913486641141,-0.03927593069051366,0.007665872573852539,False,BASELINE
target_150,LME_AH_Close - US_Stock_WPM_adj_close,2,Lasso,0.03019871232224095,0.023676832359996354,-0.009236490664738195,0.0,0.005204439163208008,False,BASELINE
target_150,LME_AH_Close - US_Stock_WPM_adj_close,2,RandomForest,0.03240215990771036,0.02549574939054115,-0.16188733240062114,-0.004415107536282567,0.35686445236206055,False,BASELINE
target_150,LME_AH_Close - US_Stock_WPM_adj_close,2,ElasticNet,0.03019871232224095,0.023676832359996354,-0.009236490664738195,0.0,0.009469985961914062,False,BASELINE
target_150,LME_AH_Close - US_Stock_WPM_adj_close,2,XGBoost,0.03374662705181459,0.026837916259702832,-0.2603084229251025,-0.01322539856998928,0.5438451766967773,False,BASELINE
target_150,LME_AH_Close - US_Stock_WPM_adj_close,2,LightGBM,0.03287078645182274,0.025977854685277045,-0.1957386982173206,0.0279192285412154,1.7117159366607666,False,BASELINE
target_151,LME_CA_Close - US_Stock_VALE_adj_close,2,Ridge,0.02705437772704678,0.022229270218524538,-0.5313831665859892,0.13542577373666723,0.006776571273803711,False,BASELINE
target_151,LME_CA_Close - US_Stock_VALE_adj_close,2,Lasso,0.021950786679617775,0.01718329539676839,-0.008112381869969543,0.0,0.004421710968017578,False,BASELINE
target_151,LME_CA_Close - US_Stock_VALE_adj_close,2,RandomForest,0.02260567244822007,0.017855518881835966,-0.0691622870362858,0.01995139724013403,0.36649346351623535,False,BASELINE
target_151,LME_CA_Close - US_Stock_VALE_adj_close,2,ElasticNet,0.021950786679617775,0.01718329539676839,-0.008112381869969543,0.0,0.004068851470947266,False,BASELINE
target_151,LME_CA_Close - US_Stock_VALE_adj_close,2,XGBoost,0.026564946382335017,0.021156488793684123,-0.4764769036985024,0.04503992539488255,0.8022401332855225,False,BASELINE
target_151,LME_CA_Close - US_Stock_VALE_adj_close,2,LightGBM,0.025547692340382892,0.020459039408794063,-0.3655642085252797,0.053977789752026,1.5808210372924805,False,BASELINE
target_152,US_Stock_ENB_adj_close - LME_PB_Close,2,Ridge,0.02200719882226634,0.017741284255241685,-0.25331042220095146,0.11438093334903465,0.008103609085083008,False,BASELINE
target_152,US_Stock_ENB_adj_close - LME_PB_Close,2,Lasso,0.01973712351481345,0.015796533454321943,-0.00808426251951766,0.0,0.005942106246948242,False,BASELINE
target_152,US_Stock_ENB_adj_close - LME_PB_Close,2,RandomForest,0.020733934874547676,0.01678831161600808,-0.11248093535109027,0.12111020313003676,0.3693721294403076,False,BASELINE
target_152,US_Stock_ENB_adj_close - LME_PB_Close,2,ElasticNet,0.019721687447846963,0.01578160436236346,-0.00650806817360805,0.12458903878920748,0.0061109066009521484,False,BASELINE
target_152,US_Stock_ENB_adj_close - LME_PB_Close,2,XGBoost,0.023382095923199127,0.018834277368176996,-0.4148030673336811,0.10417982545352464,0.5141441822052002,False,BASELINE
target_152,US_Stock_ENB_adj_close - LME_PB_Close,2,LightGBM,0.022044931325486197,0.01791132368394202,-0.2576118402038239,0.131007097715813,1.4828169345855713,False,BASELINE
target_153,FX_EURJPY - JPX_Gold_Standard_Futures_Close,2,Ridge,0.015947701430484323,0.012543169620413002,-0.215490598180631,0.06177964509362419,0.006613254547119141,False,BASELINE
target_153,FX_EURJPY - JPX_Gold_Standard_Futures_Close,2,Lasso,0.014540961422724048,0.011209825300757792,-0.01051242032291655,0.0,0.005651950836181641,False,BASELINE
target_153,FX_EURJPY - JPX_Gold_Standard_Futures_Close,2,RandomForest,0.01681302865169318,0.013282161152094631,-0.3509750157644824,-0.013514903788399162,0.3774704933166504,False,BASELINE
target_153,FX_EURJPY - JPX_Gold_Standard_Futures_Close,2,ElasticNet,0.014540961422724048,0.011209825300757792,-0.01051242032291655,0.0,0.004317522048950195,False,BASELINE
target_153,FX_EURJPY - JPX_Gold_Standard_Futures_Close,2,XGBoost,0.017130848374863852,0.013449119192299089,-0.40253321040946366,-0.05311397848137527,0.5677223205566406,False,BASELINE
target_153,FX_EURJPY - JPX_Gold_Standard_Futures_Close,2,LightGBM,0.015850544612240523,0.01235379306828791,-0.2007256522620775,0.007696928066927666,1.4472277164459229,False,BASELINE
target_154,US_Stock_OKE_adj_close - JPX_Gold_Standard_Futures_Close,2,Ridge,0.043784254426961274,0.03207769498504377,-1.4427948493439762,0.07368669940046182,0.006646871566772461,False,BASELINE
target_154,US_Stock_OKE_adj_close - JPX_Gold_Standard_Futures_Close,2,Lasso,0.028050992122758002,0.019972610958147664,-0.0026457804880379854,-0.008077243229153038,0.005621671676635742,False,BASELINE
target_154,US_Stock_OKE_adj_close - JPX_Gold_Standard_Futures_Close,2,RandomForest,0.03660409897624746,0.024489232051520135,-0.7073026720054973,0.028426074241177712,0.38158512115478516,False,BASELINE
target_154,US_Stock_OKE_adj_close - JPX_Gold_Standard_Futures_Close,2,ElasticNet,0.02817103705483778,0.020053203082721276,-0.011245839364513177,-0.008077243229153038,0.0050966739654541016,False,BASELINE
target_154,US_Stock_OKE_adj_close - JPX_Gold_Standard_Futures_Close,2,XGBoost,0.04823077858122272,0.026145078328583763,-1.9641462205193347,0.03477553899808229,0.5165700912475586,False,BASELINE
target_154,US_Stock_OKE_adj_close - JPX_Gold_Standard_Futures_Close,2,LightGBM,0.0321173629501387,0.023846946196308564,-0.3144099475533262,0.024589107534102546,1.4328348636627197,False,BASELINE
target_155,FX_CADUSD - LME_AH_Close,2,Ridge,0.01714022757361463,0.013282594419003636,-0.03354474827599496,-0.02046749331913569,0.006201744079589844,False,BASELINE
target_155,FX_CADUSD - LME_AH_Close,2,Lasso,0.016864293546038158,0.013012392872156218,-0.000535317138983693,0.0,0.005448102951049805,False,BASELINE
target_155,FX_CADUSD - LME_AH_Close,2,RandomForest,0.018794058636907054,0.014539563146150743,-0.242616945927832,0.13796711394378042,0.35975122451782227,False,BASELINE
target_155,FX_CADUSD - LME_AH_Close,2,ElasticNet,0.016864293546038158,0.013012392872156218,-0.000535317138983693,0.0,0.009559154510498047,False,BASELINE
target_155,FX_CADUSD - LME_AH_Close,2,XGBoost,0.021438484662445745,0.016962942605611757,-0.6169041905075008,0.10975007523206196,0.5337810516357422,False,BASELINE
target_155,FX_CADUSD - LME_AH_Close,2,LightGBM,0.02136837786629758,0.016998615894363727,-0.6063464827740093,-0.036599819443051254,1.4623985290527344,False,BASELINE
target_156,LME_CA_Close - US_Stock_RY_adj_close,2,Ridge,0.02320111786585032,0.018167573941588463,-0.2874087977791975,0.0641036620978169,0.0077397823333740234,False,BASELINE
target_156,LME_CA_Close - US_Stock_RY_adj_close,2,Lasso,0.020448709703245666,0.015184534219224506,-7.016466798592802e-05,0.15935394965819866,0.006186962127685547,False,BASELINE
target_156,LME_CA_Close - US_Stock_RY_adj_close,2,RandomForest,0.023415300756163965,0.01826134267107497,-0.3112881384798605,0.04288545283474467,0.3602466583251953,False,BASELINE
target_156,LME_CA_Close - US_Stock_RY_adj_close,2,ElasticNet,0.02041879511416558,0.01518124048008637,0.002853717158702529,0.15935394965819866,0.004733562469482422,False,BASELINE
target_156,LME_CA_Close - US_Stock_RY_adj_close,2,XGBoost,0.024227825660473424,0.018797331681028193,-0.4038720629735393,-0.012296700460215559,0.539360523223877,False,BASELINE
target_156,LME_CA_Close - US_Stock_RY_adj_close,2,LightGBM,0.022574613408294652,0.017131250365629503,-0.2188192233615489,-0.015188659831829215,1.4116859436035156,False,BASELINE
target_157,US_Stock_TECK_adj_close - LME_CA_Close,2,Ridge,0.03005646711204002,0.02194989723145086,-0.0311925633126815,0.13553580201096,0.007590532302856445,False,BASELINE
target_157,US_Stock_TECK_adj_close - LME_CA_Close,2,Lasso,0.029826966362010834,0.02211624685387253,-0.015505028177212887,-0.04749652964875406,0.005518198013305664,False,BASELINE
target_157,US_Stock_TECK_adj_close - LME_CA_Close,2,RandomForest,0.030451660023609717,0.022750217945477467,-0.05848779381594427,-0.020803372931617128,0.33931660652160645,False,BASELINE
target_157,US_Stock_TECK_adj_close - LME_CA_Close,2,ElasticNet,0.02988483007278712,0.022172417996149864,-0.01944896843557342,-0.04749652964875406,0.011467456817626953,False,BASELINE
target_157,US_Stock_TECK_adj_close - LME_CA_Close,2,XGBoost,0.03416670906707516,0.026193370406687004,-0.3325091764090109,-0.04578633341778746,0.5486559867858887,False,BASELINE
target_157,US_Stock_TECK_adj_close - LME_CA_Close,2,LightGBM,0.032950855723117706,0.025189389620228403,-0.23935951223044682,0.00018585857144046635,1.4652493000030518,False,BASELINE
target_158,LME_PB_Close - US_Stock_SLB_adj_close,2,Ridge,0.02976812713682754,0.02209561371933466,-0.028616577102349883,0.03900442848935342,0.006621599197387695,False,BASELINE
target_158,LME_PB_Close - US_Stock_SLB_adj_close,2,Lasso,0.02937169555660899,0.02187389163778054,-0.0014021775190093955,0.0,0.006178855895996094,False,BASELINE
target_158,LME_PB_Close - US_Stock_SLB_adj_close,2,RandomForest,0.030000980837792807,0.02273381307900137,-0.04477170552132903,-0.00214346973270861,0.36794424057006836,False,BASELINE
target_158,LME_PB_Close - US_Stock_SLB_adj_close,2,ElasticNet,0.02937169555660899,0.02187389163778054,-0.0014021775190093955,0.0,0.005131244659423828,False,BASELINE
target_158,LME_PB_Close - US_Stock_SLB_adj_close,2,XGBoost,0.03115828591768217,0.023969976326043335,-0.12693174226179527,0.0779116157741292,0.5535678863525391,False,BASELINE
target_158,LME_PB_Close - US_Stock_SLB_adj_close,2,LightGBM,0.0316985793264238,0.024443323992686002,-0.16635321847237505,0.01648788558962665,1.417747974395752,False,BASELINE
target_159,US_Stock_SPYV_adj_close - JPX_Platinum_Standard_Futures_Close,2,Ridge,0.024448899907520482,0.01905597857863576,-0.04804869591031835,0.12328237210514736,0.007822036743164062,False,BASELINE
target_159,US_Stock_SPYV_adj_close - JPX_Platinum_Standard_Futures_Close,2,Lasso,0.02396316277586115,0.018194957712174952,-0.006818280769990803,0.0,0.006512641906738281,False,BASELINE
target_159,US_Stock_SPYV_adj_close - JPX_Platinum_Standard_Futures_Close,2,RandomForest,0.026012285809426505,0.019525110604963848,-0.1863691669678349,-0.08199243963676921,0.3462505340576172,False,BASELINE
target_159,US_Stock_SPYV_adj_close - JPX_Platinum_Standard_Futures_Close,2,ElasticNet,0.023999596641658037,0.01819026003646323,-0.009882164160234685,0.13462737448411324,0.0068395137786865234,False,BASELINE
target_159,US_Stock_SPYV_adj_close - JPX_Platinum_Standard_Futures_Close,2,XGBoost,0.02849288552699777,0.021902716761108762,-0.42342858608376255,-0.04617752027450649,0.5407679080963135,False,BASELINE
target_159,US_Stock_SPYV_adj_close - JPX_Platinum_Standard_Futures_Close,2,LightGBM,0.028829213665379192,0.022613149095988667,-0.4572310304374321,-0.01861833925894486,1.4561545848846436,False,BASELINE
target_160,LME_AH_Close - US_Stock_EEM_adj_close,2,Ridge,0.019675046401289323,0.015135875816182953,-0.15946994700091266,-0.005826145810658587,0.007767200469970703,False,BASELINE
target_160,LME_AH_Close - US_Stock_EEM_adj_close,2,Lasso,0.018318585287480094,0.013666280377410914,-0.005105911966755583,0.0,0.005778312683105469,False,BASELINE
target_160,LME_AH_Close - US_Stock_EEM_adj_close,2,RandomForest,0.01884800070994277,0.013811502387359764,-0.06404144618445473,-0.005576798365812383,0.3546292781829834,False,BASELINE
target_160,LME_AH_Close - US_Stock_EEM_adj_close,2,ElasticNet,0.018318585287480094,0.013666280377410914,-0.005105911966755583,0.0,0.004205226898193359,False,BASELINE
target_160,LME_AH_Close - US_Stock_EEM_adj_close,2,XGBoost,0.02064454411568835,0.015238241159792984,-0.276552145351203,0.030917647702550153,0.5445089340209961,False,BASELINE
target_160,LME_AH_Close - US_Stock_EEM_adj_close,2,LightGBM,0.02060396768148437,0.015403610581843592,-0.27153900193205094,-0.04991685430948039,1.4422950744628906,False,BASELINE
target_161,LME_PB_Close - FX_AUDUSD,2,Ridge,0.015139735746573199,0.011682614566396684,0.0037793928337934712,0.11923651674267034,0.007630825042724609,False,BASELINE
target_161,LME_PB_Close - FX_AUDUSD,2,Lasso,0.015168932380588555,0.011811126767238151,-6.668943267018612e-05,0.0,0.0063588619232177734,False,BASELINE
target_161,LME_PB_Close - FX_AUDUSD,2,RandomForest,0.015407253424018653,0.011811321782467325,-0.03173789766284285,0.07510989025121079,0.38970208168029785,False,BASELINE
target_161,LME_PB_Close - FX_AUDUSD,2,ElasticNet,0.015168932380588555,0.011811126767238151,-6.668943267018612e-05,0.0,0.006011486053466797,False,BASELINE
target_161,LME_PB_Close - FX_AUDUSD,2,XGBoost,0.016707664227659492,0.013100633850152693,-0.2132503033662394,0.0630100026491974,0.5490672588348389,False,BASELINE
target_161,LME_PB_Close - FX_AUDUSD,2,LightGBM,0.01648015606130025,0.012938174456818746,-0.18043362269522034,0.07629637059956737,1.4555692672729492,False,BASELINE
target_162,FX_NOKEUR - LME_PB_Close,2,Ridge,0.015441885756233025,0.012318949679339273,0.02046568177551611,0.1702309945807195,0.007693290710449219,False,BASELINE
target_162,FX_NOKEUR - LME_PB_Close,2,Lasso,0.015605326879023105,0.0123490743509402,-0.00037936812917349627,0.0,0.005393028259277344,False,BASELINE
target_162,FX_NOKEUR - LME_PB_Close,2,RandomForest,0.015731548265217016,0.012460268918219093,-0.01662765651674203,0.09462701615496004,0.35382533073425293,False,BASELINE
target_162,FX_NOKEUR - LME_PB_Close,2,ElasticNet,0.015605326879023105,0.0123490743509402,-0.00037936812917349627,0.0,0.00820302963256836,False,BASELINE
target_162,FX_NOKEUR - LME_PB_Close,2,XGBoost,0.016798474037109552,0.013544994564449705,-0.15920074343640422,0.07168445229772863,0.5207104682922363,False,BASELINE
target_162,FX_NOKEUR - LME_PB_Close,2,LightGBM,0.017217120273962248,0.013754318797719297,-0.21769917754807566,0.0772809460978351,1.402484655380249,False,BASELINE
target_163,LME_PB_Close - US_Stock_URA_adj_close,2,Ridge,0.03342823755030083,0.025610652733515597,-0.027811978774360258,0.08360602502935079,0.007018327713012695,False,BASELINE
target_163,LME_PB_Close - US_Stock_URA_adj_close,2,Lasso,0.03297286986092873,0.02538406269843599,-4.892171772130638e-07,0.0,0.005236148834228516,False,BASELINE
target_163,LME_PB_Close - US_Stock_URA_adj_close,2,RandomForest,0.0336775792934107,0.026202014374127086,-0.043202094087925635,-0.08089724786574885,0.40537118911743164,False,BASELINE
target_163,LME_PB_Close - US_Stock_URA_adj_close,2,ElasticNet,0.03297286986092873,0.02538406269843599,-4.892171772130638e-07,0.0,0.009111642837524414,False,BASELINE
target_163,LME_PB_Close - US_Stock_URA_adj_close,2,XGBoost,0.03790470893520987,0.02962748873132653,-0.3215178928342719,-0.059926156159263846,0.5364181995391846,False,BASELINE
target_163,LME_PB_Close - US_Stock_URA_adj_close,2,LightGBM,0.03629837374700916,0.028423215534753167,-0.2118839996616515,-0.024452743153564972,1.4737114906311035,False,BASELINE
target_164,LME_AH_Close - US_Stock_VWO_adj_close,2,Ridge,0.019392242883404104,0.014892587348497018,-0.15343257918049358,0.0048822816414553225,0.0061817169189453125,False,BASELINE
target_164,LME_AH_Close - US_Stock_VWO_adj_close,2,Lasso,0.018084623545249968,0.013446060674560457,-0.0031250500219581756,0.0,0.004978656768798828,False,BASELINE
target_164,LME_AH_Close - US_Stock_VWO_adj_close,2,RandomForest,0.018783074222710434,0.014050111926777667,-0.08210518864939087,0.012686854773383386,0.37493252754211426,False,BASELINE
target_164,LME_AH_Close - US_Stock_VWO_adj_close,2,ElasticNet,0.018084623545249968,0.013446060674560457,-0.0031250500219581756,0.0,0.003857135772705078,False,BASELINE
target_164,LME_AH_Close - US_Stock_VWO_adj_close,2,XGBoost,0.019215982923294714,0.01440821148002556,-0.13256031119007816,0.0686204714443917,0.5592999458312988,False,BASELINE
target_164,LME_AH_Close - US_Stock_VWO_adj_close,2,LightGBM,0.02013192136684768,0.014806220918898742,-0.2431014727993066,0.01693632515079821,1.4243009090423584,False,BASELINE
target_165,LME_CA_Close - US_Stock_TRGP_adj_close,2,Ridge,0.0622245202811977,0.04829742745866982,-3.235518066581357,0.0890771066251295,0.007775068283081055,False,BASELINE
target_165,LME_CA_Close - US_Stock_TRGP_adj_close,2,Lasso,0.030239419103122715,0.02211789167586714,-0.00030010095963017847,0.020857494947620594,0.008919954299926758,False,BASELINE
target_165,LME_CA_Close - US_Stock_TRGP_adj_close,2,RandomForest,0.030672881753449677,0.02239574143136286,-0.029182955359813967,0.08655418803296802,0.30697059631347656,False,BASELINE
target_165,LME_CA_Close - US_Stock_TRGP_adj_close,2,ElasticNet,0.03025111654746328,0.022128485154727703,-0.0010741381751944168,0.0210148056424878,0.008233308792114258,False,BASELINE
target_165,LME_CA_Close - US_Stock_TRGP_adj_close,2,XGBoost,0.031859442177060764,0.023814053855470342,-0.11034964843636419,0.004044579888258853,0.5331101417541504,False,BASELINE
target_165,LME_CA_Close - US_Stock_TRGP_adj_close,2,LightGBM,0.03172315534741045,0.023615040347749087,-0.10087036346707334,0.03914924948821984,1.414658546447754,False,BASELINE
target_166,US_Stock_IAU_adj_close - LME_ZS_Close,2,Ridge,0.023043161489283384,0.018210199558187375,-0.10179112379763633,0.0666414493756936,0.007917165756225586,False,BASELINE
target_166,US_Stock_IAU_adj_close - LME_ZS_Close,2,Lasso,0.02199110710199651,0.017334060588727752,-0.0034814063399117856,0.0,0.0055959224700927734,False,BASELINE
target_166,US_Stock_IAU_adj_close - LME_ZS_Close,2,RandomForest,0.022019376671845302,0.01742234702125858,-0.006063015451450271,0.0777873135615498,0.32831501960754395,False,BASELINE
target_166,US_Stock_IAU_adj_close - LME_ZS_Close,2,ElasticNet,0.02198979722174852,0.0173331103564223,-0.0033618669897035325,0.10820507605035369,0.005372047424316406,False,BASELINE
target_166,US_Stock_IAU_adj_close - LME_ZS_Close,2,XGBoost,0.023324921176026026,0.018410286595990293,-0.12890010124574114,0.01403603931518402,0.5184047222137451,False,BASELINE
target_166,US_Stock_IAU_adj_close - LME_ZS_Close,2,LightGBM,0.02399932681862193,0.01880146236228484,-0.19512481034229423,0.046257373381246185,1.413623332977295,False,BASELINE
target_167,LME_ZS_Close - US_Stock_VTV_adj_close,2,Ridge,0.022092679284058062,0.017329173057385464,-0.0039626333099136435,0.1277104127190306,0.008058786392211914,False,BASELINE
target_167,LME_ZS_Close - US_Stock_VTV_adj_close,2,Lasso,0.022053572005367363,0.017223567884205558,-0.0004114572820888007,0.0,0.0063745975494384766,False,BASELINE
target_167,LME_ZS_Close - US_Stock_VTV_adj_close,2,RandomForest,0.02249543709907893,0.01736607768580138,-0.040901526221933215,0.0020593129715603675,0.34870314598083496,False,BASELINE
target_167,LME_ZS_Close - US_Stock_VTV_adj_close,2,ElasticNet,0.022036145462621747,0.017209267695185132,0.0011689511011259146,0.12786564179789767,0.008658647537231445,False,BASELINE
target_167,LME_ZS_Close - US_Stock_VTV_adj_close,2,XGBoost,0.02742913955258076,0.021533295511651878,-0.5475516089682284,-0.022604565519160975,0.5427558422088623,False,BASELINE
target_167,LME_ZS_Close - US_Stock_VTV_adj_close,2,LightGBM,0.023895413733332004,0.018638389525209284,-0.1744915102968092,0.023728638159232915,1.481851577758789,False,BASELINE
target_168,US_Stock_IEF_adj_close - LME_PB_Close,2,Ridge,0.01742111541017983,0.013728673830201227,-0.018234245191085074,0.0902106952240592,0.0072002410888671875,False,BASELINE
target_168,US_Stock_IEF_adj_close - LME_PB_Close,2,Lasso,0.017276296830804866,0.013520560469423105,-0.0013758142091120362,0.0,0.0061533451080322266,False,BASELINE
target_168,US_Stock_IEF_adj_close - LME_PB_Close,2,RandomForest,0.01757806782722254,0.013641994761925895,-0.03666409097100232,0.12597761608577684,0.3618474006652832,False,BASELINE
target_168,US_Stock_IEF_adj_close - LME_PB_Close,2,ElasticNet,0.017276296830804866,0.013520560469423105,-0.0013758142091120362,0.0,0.007172107696533203,False,BASELINE
target_168,US_Stock_IEF_adj_close - LME_PB_Close,2,XGBoost,0.018230504419513415,0.014515792941022817,-0.11504694981485852,0.06025594360842781,0.5491690635681152,False,BASELINE
target_168,US_Stock_IEF_adj_close - LME_PB_Close,2,LightGBM,0.018402278492992752,0.014411914468113714,-0.13615865489833312,0.11484543109077867,1.439096212387085,False,BASELINE
target_169,LME_CA_Close - FX_NZDUSD,2,Ridge,0.01545380786987101,0.011523778170351247,-0.026809939064859956,0.018754002731502555,0.006970643997192383,False,BASELINE
target_169,LME_CA_Close - FX_NZDUSD,2,Lasso,0.015256973128038039,0.011282339288270037,-0.0008196169133798392,0.0,0.005385637283325195,False,BASELINE
target_169,LME_CA_Close - FX_NZDUSD,2,RandomForest,0.01591489152405929,0.012064909162839883,-0.08899632036816407,0.03340020627731181,0.38616299629211426,False,BASELINE
target_169,LME_CA_Close - FX_NZDUSD,2,ElasticNet,0.015254444526097708,0.011284270878567947,-0.0004879043653684967,0.18654053400617804,0.03129911422729492,False,BASELINE
target_169,LME_CA_Close - FX_NZDUSD,2,XGBoost,0.01864145944798736,0.014518815433167154,-0.4940972540981634,0.03677111706108843,0.5693378448486328,False,BASELINE
target_169,LME_CA_Close - FX_NZDUSD,2,LightGBM,0.01802149022137346,0.014102367902790666,-0.3963698006330454,0.027530819425047006,1.4175019264221191,False,BASELINE
target_170,LME_PB_Close - FX_NOKJPY,2,Ridge,0.016995604190763302,0.013586497090651552,-0.07137828896177112,0.018328073519085795,0.008017778396606445,False,BASELINE
target_170,LME_PB_Close - FX_NOKJPY,2,Lasso,0.016420127196321074,0.013155297621593674,-5.2175074737315086e-05,0.0,0.006172657012939453,False,BASELINE
target_170,LME_PB_Close - FX_NOKJPY,2,RandomForest,0.01696922560566528,0.013702911077102864,-0.06805513422124232,0.05348266576130989,0.3930692672729492,False,BASELINE
target_170,LME_PB_Close - FX_NOKJPY,2,ElasticNet,0.016420127196321074,0.013155297621593674,-5.2175074737315086e-05,0.0,0.005159139633178711,False,BASELINE
target_170,LME_PB_Close - FX_NOKJPY,2,XGBoost,0.017824634153850712,0.014385235149831694,-0.17844922306615718,0.08907964824831466,0.5253987312316895,False,BASELINE
target_170,LME_PB_Close - FX_NOKJPY,2,LightGBM,0.018965762050323923,0.015476722988900278,-0.33416707783178756,0.01955159119026124,1.458451509475708,False,BASELINE
target_171,JPX_Platinum_Standard_Futures_Close - FX_EURGBP,2,Ridge,0.02549320607498451,0.018248903876548823,-0.12621145446420612,0.0798123511854341,0.00818181037902832,False,BASELINE
target_171,JPX_Platinum_Standard_Futures_Close - FX_EURGBP,2,Lasso,0.024079434806664496,0.017049854929105504,-0.004762932452238022,0.0,0.0054378509521484375,False,BASELINE
target_171,JPX_Platinum_Standard_Futures_Close - FX_EURGBP,2,RandomForest,0.029138540714091547,0.021821749324888156,-0.4713182539858183,-0.01852369790142585,0.38109660148620605,False,BASELINE
target_171,JPX_Platinum_Standard_Futures_Close - FX_EURGBP,2,ElasticNet,0.02417258306023883,0.01719802227165782,-0.01255156515194722,0.13886320302850153,0.009053945541381836,False,BASELINE
target_171,JPX_Platinum_Standard_Futures_Close - FX_EURGBP,2,XGBoost,0.03270538888834975,0.02518324950402604,-0.8535728604331945,-0.03309019895333114,0.5700743198394775,False,BASELINE
target_171,JPX_Platinum_Standard_Futures_Close - FX_EURGBP,2,LightGBM,0.029925550112977588,0.022078151619850828,-0.551869909236387,-0.15265563731907383,1.4162871837615967,False,BASELINE
target_172,LME_ZS_Close - US_Stock_TD_adj_close,2,Ridge,0.025712007149232295,0.01923070694272953,-0.04609794447740012,0.10279257707629301,0.006967782974243164,False,BASELINE
target_172,LME_ZS_Close - US_Stock_TD_adj_close,2,Lasso,0.025139746322480245,0.01873091252997692,-5.1050674153563236e-05,0.0,0.004762887954711914,False,BASELINE
target_172,LME_ZS_Close - US_Stock_TD_adj_close,2,RandomForest,0.027356060067702855,0.020522735743273755,-0.1841520897091562,0.043912879017667564,0.34394121170043945,False,BASELINE
target_172,LME_ZS_Close - US_Stock_TD_adj_close,2,ElasticNet,0.025129935359429242,0.018712961223947513,0.0007293509484409544,0.09400458907115913,0.006517171859741211,False,BASELINE
target_172,LME_ZS_Close - US_Stock_TD_adj_close,2,XGBoost,0.029488406747369415,0.02227430103819887,-0.3759511168226035,-0.024672799702150486,0.5401999950408936,False,BASELINE
target_172,LME_ZS_Close - US_Stock_TD_adj_close,2,LightGBM,0.027491495644043247,0.020927669333902686,-0.19590621800038832,0.060505737528443786,1.5450623035430908,False,BASELINE
target_173,US_Stock_X_adj_close - LME_PB_Close,2,Ridge,0.043805575064183006,0.030929838345293423,-0.05365302738140376,0.12433680372062729,0.0074160099029541016,False,BASELINE
target_173,US_Stock_X_adj_close - LME_PB_Close,2,Lasso,0.0426814418008572,0.029431152437490487,-0.0002694635101996301,0.0,0.006567478179931641,False,BASELINE
target_173,US_Stock_X_adj_close - LME_PB_Close,2,RandomForest,0.049070955052071055,0.03546364795636265,-0.3221717345746833,-0.05974480743242876,0.3587794303894043,False,BASELINE
target_173,US_Stock_X_adj_close - LME_PB_Close,2,ElasticNet,0.0426814418008572,0.029431152437490487,-0.0002694635101996301,0.0,0.0072553157806396484,False,BASELINE
target_173,US_Stock_X_adj_close - LME_PB_Close,2,XGBoost,0.049546821057632216,0.03645654482376005,-0.3479396171832372,-0.04183281696800452,0.5997154712677002,False,BASELINE
target_173,US_Stock_X_adj_close - LME_PB_Close,2,LightGBM,0.04757795140112575,0.03349144805283468,-0.24294045648903428,0.003948139818440575,1.471670389175415,False,BASELINE
target_174,US_Stock_COP_adj_close - LME_PB_Close,2,Ridge,0.03025040850984726,0.022604540590931223,-0.14932383715395048,0.07185768169831316,0.006667613983154297,False,BASELINE
target_174,US_Stock_COP_adj_close - LME_PB_Close,2,Lasso,0.02827457305183777,0.020753954657703855,-0.004088603785952882,0.0,0.005128622055053711,False,BASELINE
target_174,US_Stock_COP_adj_close - LME_PB_Close,2,RandomForest,0.02790974405938819,0.02078659310268949,0.021655891193036902,0.21193586719527813,0.33789825439453125,False,BASELINE
target_174,US_Stock_COP_adj_close - LME_PB_Close,2,ElasticNet,0.028265854089477425,0.020757518482101927,-0.003469442470403372,0.003948528178538419,0.006893634796142578,False,BASELINE
target_174,US_Stock_COP_adj_close - LME_PB_Close,2,XGBoost,0.028482778650252845,0.021186418573738604,-0.01893067299927198,0.1650727435579932,0.5324878692626953,False,BASELINE
target_174,US_Stock_COP_adj_close - LME_PB_Close,2,LightGBM,0.028623575906271,0.021630770583538347,-0.029029212179617625,0.19917288475103276,1.455730676651001,False,BASELINE
target_175,JPX_Platinum_Standard_Futures_Close - US_Stock_ACWI_adj_close,2,Ridge,0.024176862326827652,0.01860570243806748,-0.07054734880760916,0.09308549450996695,0.007295846939086914,False,BASELINE
target_175,JPX_Platinum_Standard_Futures_Close - US_Stock_ACWI_adj_close,2,Lasso,0.023397866049113984,0.01759443453407518,-0.0026711199533147045,0.0,0.0043125152587890625,False,BASELINE
target_175,JPX_Platinum_Standard_Futures_Close - US_Stock_ACWI_adj_close,2,RandomForest,0.025943326411407067,0.01944412939146361,-0.23269979884648961,-0.04658645045694556,0.36481618881225586,False,BASELINE
target_175,JPX_Platinum_Standard_Futures_Close - US_Stock_ACWI_adj_close,2,ElasticNet,0.02340557354906567,0.017582124636699448,-0.0033318093040883845,0.10059585585114164,0.006620883941650391,False,BASELINE
target_175,JPX_Platinum_Standard_Futures_Close - US_Stock_ACWI_adj_close,2,XGBoost,0.030762249026530793,0.02389881719999549,-0.73317402827237,-0.03151998961201053,0.5645365715026855,False,BASELINE
target_175,JPX_Platinum_Standard_Futures_Close - US_Stock_ACWI_adj_close,2,LightGBM,0.028824749225872817,0.022129094019403977,-0.5217281713883433,-0.09089122554050007,1.4422798156738281,False,BASELINE
target_176,LME_AH_Close - US_Stock_OIH_adj_close,2,Ridge,0.032697389053566076,0.023730737080666683,-0.05182391250205032,-0.03668223715434766,0.007601022720336914,False,BASELINE
target_176,LME_AH_Close - US_Stock_OIH_adj_close,2,Lasso,0.03188794195485119,0.022902348516800217,-0.0003912211155721046,0.057366957973957196,0.006079673767089844,False,BASELINE
target_176,LME_AH_Close - US_Stock_OIH_adj_close,2,RandomForest,0.033465603172138134,0.024141761293371086,-0.1018290139685365,-0.05327212192798084,0.3684384822845459,False,BASELINE
target_176,LME_AH_Close - US_Stock_OIH_adj_close,2,ElasticNet,0.03191530213468607,0.02291131339063081,-0.002108649352402292,0.057366957973957196,0.006215333938598633,False,BASELINE
target_176,LME_AH_Close - US_Stock_OIH_adj_close,2,XGBoost,0.03572474364469492,0.02578401566504581,-0.2556110596721599,0.0012816807086534561,0.529646635055542,False,BASELINE
target_176,LME_AH_Close - US_Stock_OIH_adj_close,2,LightGBM,0.03645702691445871,0.02713346385464832,-0.3076134771042105,-0.08519429803745243,1.4264585971832275,False,BASELINE
target_177,FX_NOKUSD - LME_AH_Close,2,Ridge,0.016455102216221883,0.013000492844242312,-0.0372458307332586,0.0055489111284294885,0.00787806510925293,False,BASELINE
target_177,FX_NOKUSD - LME_AH_Close,2,Lasso,0.016157806972931902,0.012706792240129067,-0.00010445118520840957,0.0,0.0061452388763427734,False,BASELINE
target_177,FX_NOKUSD - LME_AH_Close,2,RandomForest,0.019629423818683996,0.014508894515933029,-0.4760315241279929,-0.05651689699251793,0.41802263259887695,False,BASELINE
target_177,FX_NOKUSD - LME_AH_Close,2,ElasticNet,0.016157806972931902,0.012706792240129067,-0.00010445118520840957,0.0,0.0036013126373291016,False,BASELINE
target_177,FX_NOKUSD - LME_AH_Close,2,XGBoost,0.02031465055976507,0.015760137846652558,-0.5808812245183905,-0.06373711731314799,0.5539531707763672,False,BASELINE
target_177,FX_NOKUSD - LME_AH_Close,2,LightGBM,0.019416457838882222,0.015198455528066295,-0.4441773759907426,-0.08651018397775703,1.4526824951171875,False,BASELINE
target_178,FX_CHFJPY - LME_ZS_Close,2,Ridge,0.020935577702853345,0.016635701325456893,-0.010954525281839933,0.08887388534376552,0.007899999618530273,False,BASELINE
target_178,FX_CHFJPY - LME_ZS_Close,2,Lasso,0.020861528860121815,0.016454531303285717,-0.003815708831863107,0.0,0.005823612213134766,False,BASELINE
target_178,FX_CHFJPY - LME_ZS_Close,2,RandomForest,0.02292589529713943,0.01785728657671074,-0.21231179618655482,0.09233558900917445,0.3749408721923828,False,BASELINE
target_178,FX_CHFJPY - LME_ZS_Close,2,ElasticNet,0.020785437813244094,0.016391156820118106,0.003493639455843578,0.21373467387865647,0.004078388214111328,False,BASELINE
target_178,FX_CHFJPY - LME_ZS_Close,2,XGBoost,0.024651390170289344,0.019376707642905253,-0.40166604505922776,0.006941411584965933,0.545677661895752,False,BASELINE
target_178,FX_CHFJPY - LME_ZS_Close,2,LightGBM,0.022993873592555322,0.018056340378402227,-0.2195117827442623,0.05455571930853376,1.436863660812378,False,BASELINE
target_179,JPX_Platinum_Standard_Futures_Close - US_Stock_SLV_adj_close,2,Ridge,0.027222536125967808,0.021523580249264387,-0.10268648255335067,0.03485151086136007,0.0073261260986328125,False,BASELINE
target_179,JPX_Platinum_Standard_Futures_Close - US_Stock_SLV_adj_close,2,Lasso,0.02595100979204251,0.020389844061887027,-0.00208233935792701,0.0,0.0058100223541259766,False,BASELINE
target_179,JPX_Platinum_Standard_Futures_Close - US_Stock_SLV_adj_close,2,RandomForest,0.030241935474268185,0.024114442776352486,-0.36086188323285917,-0.12109895625900591,0.3189237117767334,False,BASELINE
target_179,JPX_Platinum_Standard_Futures_Close - US_Stock_SLV_adj_close,2,ElasticNet,0.02595100979204251,0.020389844061887027,-0.00208233935792701,0.0,0.004567146301269531,False,BASELINE
target_179,JPX_Platinum_Standard_Futures_Close - US_Stock_SLV_adj_close,2,XGBoost,0.0306882097697087,0.024485341328334666,-0.4013221713935162,-0.02375651793042566,0.5539073944091797,False,BASELINE
target_179,JPX_Platinum_Standard_Futures_Close - US_Stock_SLV_adj_close,2,LightGBM,0.02808135398469625,0.02235946158356258,-0.173359174305443,-0.0014087741687912622,1.415633201599121,False,BASELINE
target_180,US_Stock_CVX_adj_close - JPX_Platinum_Standard_Futures_Close,2,Ridge,0.02916363359524537,0.02196778291751188,-0.06695049319005042,0.1138304645233686,0.007982015609741211,False,BASELINE
target_180,US_Stock_CVX_adj_close - JPX_Platinum_Standard_Futures_Close,2,Lasso,0.028300822272731705,0.02171577281065272,-0.004752533808549231,0.0,0.0046939849853515625,False,BASELINE
target_180,US_Stock_CVX_adj_close - JPX_Platinum_Standard_Futures_Close,2,RandomForest,0.028947458310894746,0.021937095665983525,-0.05119158676053348,0.08680657505467744,0.36101531982421875,False,BASELINE
target_180,US_Stock_CVX_adj_close - JPX_Platinum_Standard_Futures_Close,2,ElasticNet,0.02831057663860604,0.021715769923674882,-0.005445263703646175,0.12666350763255588,0.006896018981933594,False,BASELINE
target_180,US_Stock_CVX_adj_close - JPX_Platinum_Standard_Futures_Close,2,XGBoost,0.030470654567263486,0.023019439063856062,-0.16472814378244816,0.04114205866306962,0.5326194763183594,False,BASELINE
target_180,US_Stock_CVX_adj_close - JPX_Platinum_Standard_Futures_Close,2,LightGBM,0.0317540330264029,0.024168697244553946,-0.26490755445063696,-0.019600934531440625,1.4879882335662842,False,BASELINE
target_181,US_Stock_CVE_adj_close - LME_AH_Close,2,Ridge,0.041118790134493044,0.03145357293268226,-0.5415719319375492,0.014921618236383553,0.006028413772583008,False,BASELINE
target_181,US_Stock_CVE_adj_close - LME_AH_Close,2,Lasso,0.03319315116299664,0.024045254555924104,-0.0045697734791443345,-0.01680875182736147,0.00538182258605957,False,BASELINE
target_181,US_Stock_CVE_adj_close - LME_AH_Close,2,RandomForest,0.03411500976098,0.025202099905177053,-0.06114355045558817,-0.058687594639184576,0.3758695125579834,False,BASELINE
target_181,US_Stock_CVE_adj_close - LME_AH_Close,2,ElasticNet,0.033279837275050766,0.024066005798904347,-0.00982362588080643,-0.01680875182736147,0.009653568267822266,False,BASELINE
target_181,US_Stock_CVE_adj_close - LME_AH_Close,2,XGBoost,0.03701226605379375,0.027871112651799205,-0.2490346592648509,-0.05872774009061571,0.5551333427429199,False,BASELINE
target_181,US_Stock_CVE_adj_close - LME_AH_Close,2,LightGBM,0.03787682686696654,0.028890970050368094,-0.3080679857795152,0.03082397498254416,1.4298782348632812,False,BASELINE
target_182,FX_AUDJPY - LME_ZS_Close,2,Ridge,0.020119368332591966,0.015998340633249244,-0.01597207477568352,0.13745656473686782,0.0078122615814208984,False,BASELINE
target_182,FX_AUDJPY - LME_ZS_Close,2,Lasso,0.020016919816007627,0.015930791625568465,-0.00565168812528416,0.0,0.005656242370605469,False,BASELINE
target_182,FX_AUDJPY - LME_ZS_Close,2,RandomForest,0.020931612966151834,0.01654321117044681,-0.09966013118347417,0.14236401001036528,0.3686254024505615,False,BASELINE
target_182,FX_AUDJPY - LME_ZS_Close,2,ElasticNet,0.01997583267529781,0.015909007675131204,-0.0015274825713029738,0.16113113012703287,0.013283491134643555,False,BASELINE
target_182,FX_AUDJPY - LME_ZS_Close,2,XGBoost,0.022021305047542638,0.0174642918127354,-0.2171362408504216,0.0676777341388951,0.5205514430999756,False,BASELINE
target_182,FX_AUDJPY - LME_ZS_Close,2,LightGBM,0.02205030434594209,0.017437801527112256,-0.2203439832828249,0.048770952450764786,1.4814198017120361,False,BASELINE
target_183,JPX_Gold_Standard_Futures_Close - US_Stock_NUE_adj_close,2,Ridge,0.045002620718753814,0.033539630882584014,-0.749357168894627,0.1110981907261999,0.007720232009887695,False,BASELINE
target_183,JPX_Gold_Standard_Futures_Close - US_Stock_NUE_adj_close,2,Lasso,0.03488980630593347,0.02556665396895749,-0.05147752645929948,0.11882096319531454,0.006730794906616211,False,BASELINE
target_183,JPX_Gold_Standard_Futures_Close - US_Stock_NUE_adj_close,2,RandomForest,0.03505774529825988,0.025732706132419313,-0.061624275948274576,0.009672652357986396,0.30794239044189453,False,BASELINE
target_183,JPX_Gold_Standard_Futures_Close - US_Stock_NUE_adj_close,2,ElasticNet,0.03522119425804409,0.025732226515166153,-0.07154652762664448,0.11882096319531454,0.006346464157104492,False,BASELINE
target_183,JPX_Gold_Standard_Futures_Close - US_Stock_NUE_adj_close,2,XGBoost,0.038780013710845204,0.028902458275147962,-0.2990288444900606,-0.06086257135686328,0.5497665405273438,False,BASELINE
target_183,JPX_Gold_Standard_Futures_Close - US_Stock_NUE_adj_close,2,LightGBM,0.0383332248553286,0.02815774180142387,-0.2692687605028248,-0.013703812450276702,1.4393863677978516,False,BASELINE
target_184,JPX_Gold_Standard_Futures_Close - US_Stock_VT_adj_close,2,Ridge,0.019952166405823164,0.01530094970185289,-0.23349586585011406,-0.005168218566399311,0.007454872131347656,False,BASELINE
target_184,JPX_Gold_Standard_Futures_Close - US_Stock_VT_adj_close,2,Lasso,0.017989881378372322,0.01336177044827151,-0.0027996671423697883,0.0,0.004660367965698242,False,BASELINE
target_184,JPX_Gold_Standard_Futures_Close - US_Stock_VT_adj_close,2,RandomForest,0.01945344676071829,0.014593948273566325,-0.17260219613681071,-0.045071276918410674,0.32389116287231445,False,BASELINE
target_184,JPX_Gold_Standard_Futures_Close - US_Stock_VT_adj_close,2,ElasticNet,0.017989881378372322,0.01336177044827151,-0.0027996671423697883,0.0,0.003209829330444336,False,BASELINE
target_184,JPX_Gold_Standard_Futures_Close - US_Stock_VT_adj_close,2,XGBoost,0.022099531458655296,0.016811088491240498,-0.5132954070733586,-0.02719850847076585,0.5467050075531006,False,BASELINE
target_184,JPX_Gold_Standard_Futures_Close - US_Stock_VT_adj_close,2,LightGBM,0.020782677145588315,0.016160427658421628,-0.33832183524587145,-0.03262507013346434,1.448585033416748,False,BASELINE
target_185,US_Stock_NEM_adj_close - JPX_Gold_Standard_Futures_Close,2,Ridge,0.031512381168870236,0.02313796607539696,0.04810861000204636,0.1826222114983027,0.0067729949951171875,False,BASELINE
target_185,US_Stock_NEM_adj_close - JPX_Gold_Standard_Futures_Close,2,Lasso,0.03307576428541406,0.023729593196067135,-0.04868422021920393,-0.014915891103520125,0.0047168731689453125,False,BASELINE
target_185,US_Stock_NEM_adj_close - JPX_Gold_Standard_Futures_Close,2,RandomForest,0.033102583177585486,0.023972811089065432,-0.05038552338033675,0.12108577746639648,0.30840635299682617,False,BASELINE
target_185,US_Stock_NEM_adj_close - JPX_Gold_Standard_Futures_Close,2,ElasticNet,0.033411340401163385,0.02411087271053484,-0.07007139509744764,-0.014915891103520125,0.004555940628051758,False,BASELINE
target_185,US_Stock_NEM_adj_close - JPX_Gold_Standard_Futures_Close,2,XGBoost,0.036914653545981044,0.02769024128913623,-0.30623871121304913,0.05363051510667553,0.5370404720306396,False,BASELINE
target_185,US_Stock_NEM_adj_close - JPX_Gold_Standard_Futures_Close,2,LightGBM,0.033123367499079834,0.02453463373382578,-0.05170496144644621,0.13912676932558493,1.5343027114868164,False,BASELINE
target_186,US_Stock_XLB_adj_close - LME_ZS_Close,2,Ridge,0.02098150136811295,0.016167397676504745,0.035002800694412195,0.16627829659578464,0.006053924560546875,False,BASELINE
target_186,US_Stock_XLB_adj_close - LME_ZS_Close,2,Lasso,0.021376474766292404,0.01658749614124097,-0.0016710048048118598,0.0,0.004595518112182617,False,BASELINE
target_186,US_Stock_XLB_adj_close - LME_ZS_Close,2,RandomForest,0.02140925477168181,0.016570134251576437,-0.004745408487805358,0.042996670603894636,0.3508925437927246,False,BASELINE
target_186,US_Stock_XLB_adj_close - LME_ZS_Close,2,ElasticNet,0.021376474766292404,0.01658749614124097,-0.0016710048048118598,0.0,0.010299921035766602,False,BASELINE
target_186,US_Stock_XLB_adj_close - LME_ZS_Close,2,XGBoost,0.02301062112292753,0.018161075551971845,-0.16067228131262312,0.05091721948440155,0.578176736831665,False,BASELINE
target_186,US_Stock_XLB_adj_close - LME_ZS_Close,2,LightGBM,0.022113664095622352,0.01717362148453732,-0.07194955022492233,0.09418658178431365,1.423875331878662,False,BASELINE
target_187,FX_CADJPY - JPX_Platinum_Standard_Futures_Close,2,Ridge,0.02490079294754331,0.018123948160535305,-0.21149137160727904,0.09823347677029654,0.007264852523803711,False,BASELINE
target_187,FX_CADJPY - JPX_Platinum_Standard_Futures_Close,2,Lasso,0.022746406543624302,0.016503569420311386,-0.010926462769847545,0.0,0.004925251007080078,False,BASELINE
target_187,FX_CADJPY - JPX_Platinum_Standard_Futures_Close,2,RandomForest,0.025889905009839797,0.019108501052957028,-0.30964890810859447,-0.02526143619724687,0.34619784355163574,False,BASELINE
target_187,FX_CADJPY - JPX_Platinum_Standard_Futures_Close,2,ElasticNet,0.022919555002540486,0.01668163430610931,-0.026375634769542078,0.13377093414734068,0.01169586181640625,False,BASELINE
target_187,FX_CADJPY - JPX_Platinum_Standard_Futures_Close,2,XGBoost,0.027625912639477092,0.02026508334404648,-0.4911702803276723,-0.0157939805759451,0.5646815299987793,False,BASELINE
target_187,FX_CADJPY - JPX_Platinum_Standard_Futures_Close,2,LightGBM,0.029059555057841427,0.021504463004949664,-0.6499542106765623,-0.05472864539856891,1.492600679397583,False,BASELINE
target_188,FX_USDCHF - LME_PB_Close,2,Ridge,0.01778291213852655,0.014273231611275012,0.029649293192324233,0.16055988086327827,0.007791996002197266,False,BASELINE
target_188,FX_USDCHF - LME_PB_Close,2,Lasso,0.018065335738263064,0.014479230891390664,-0.001417174719536396,0.0,0.006224870681762695,False,BASELINE
target_188,FX_USDCHF - LME_PB_Close,2,RandomForest,0.01914948537763726,0.015332180075968172,-0.1252193075081358,0.05133964511043037,0.4250519275665283,False,BASELINE
target_188,FX_USDCHF - LME_PB_Close,2,ElasticNet,0.018050970758576153,0.01446916967223493,0.0001747821862436716,0.17526807048408294,0.005493640899658203,False,BASELINE
target_189,FX_GBPJPY - LME_CA_Close,2,Ridge,0.018014440460664555,0.01357816404441912,-0.08866419651523572,-0.07923183563659184,0.005921125411987305,False,BASELINE
target_189,FX_GBPJPY - LME_CA_Close,2,Lasso,0.01727743127994374,0.012911854736844664,-0.001407257092128189,0.12738009809746473,0.010629892349243164,False,BASELINE
target_189,FX_GBPJPY - LME_CA_Close,2,RandomForest,0.0181176886694743,0.013835384371783062,-0.10117912769026671,0.11060347687867962,0.35027575492858887,False,BASELINE
target_189,FX_GBPJPY - LME_CA_Close,2,ElasticNet,0.017290911152944465,0.012952531066318131,-0.002970464994456412,0.13936604449108403,0.006201744079589844,False,BASELINE
target_189,FX_GBPJPY - LME_CA_Close,2,XGBoost,0.017500000582921293,0.013173433696645405,-0.027373861397825605,0.17876964071224827,0.512216329574585,False,BASELINE
target_189,FX_GBPJPY - LME_CA_Close,2,LightGBM,0.01830961530698159,0.013927069289517507,-0.12463300615415651,0.08344251627455972,1.4480736255645752,False,BASELINE
target_190,LME_AH_Close - US_Stock_VGK_adj_close,2,Ridge,0.020323321332496713,0.015494435376912561,-0.13679937284490395,-0.003060272893910143,0.005861043930053711,False,BASELINE
target_190,LME_AH_Close - US_Stock_VGK_adj_close,2,Lasso,0.019071382926574856,0.014483532733359143,-0.0010570537299807725,0.0,0.004075050354003906,False,BASELINE
target_190,LME_AH_Close - US_Stock_VGK_adj_close,2,RandomForest,0.02445613605314234,0.019309071370954913,-0.6461527852819613,-0.007401334375330827,0.4017782211303711,False,BASELINE
target_190,LME_AH_Close - US_Stock_VGK_adj_close,2,ElasticNet,0.019071382926574856,0.014483532733359143,-0.0010570537299807725,0.0,0.008195638656616211,False,BASELINE
target_190,LME_AH_Close - US_Stock_VGK_adj_close,2,XGBoost,0.027991123171907252,0.022534573222066496,-1.1564287249069798,-0.022689019654023524,0.529273271560669,False,BASELINE
target_190,LME_AH_Close - US_Stock_VGK_adj_close,2,LightGBM,0.021302420491116896,0.0163082903736842,-0.24897102620886535,-0.0946100419534836,1.4513452053070068,False,BASELINE
target_191,US_Stock_EWT_adj_close - LME_AH_Close,2,Ridge,0.023681838754973785,0.018047982661783687,-0.030018220250334737,0.06140440089307273,0.0067331790924072266,False,BASELINE
target_191,US_Stock_EWT_adj_close - LME_AH_Close,2,Lasso,0.023346034943574723,0.017518743272255482,-0.0010144115598778036,0.0,0.0059125423431396484,False,BASELINE
target_191,US_Stock_EWT_adj_close - LME_AH_Close,2,RandomForest,0.029604104859118116,0.024307916969246137,-0.6095998957748936,0.10409061333923321,0.3665492534637451,False,BASELINE
target_191,US_Stock_EWT_adj_close - LME_AH_Close,2,ElasticNet,0.023346034943574723,0.017518743272255482,-0.0010144115598778036,0.0,0.007245063781738281,False,BASELINE
target_191,US_Stock_EWT_adj_close - LME_AH_Close,2,XGBoost,0.026283543542028772,0.020777830019490948,-0.2687670757056264,0.11105272673853593,0.5541155338287354,False,BASELINE
target_191,US_Stock_EWT_adj_close - LME_AH_Close,2,LightGBM,0.026317795597709703,0.02053967625659875,-0.272076081362677,0.1187749273516016,1.4278554916381836,False,BASELINE
target_192,US_Stock_MPC_adj_close - LME_CA_Close,2,Ridge,0.03119609537498778,0.023918424729981187,-0.016861657748854064,0.1900414301058769,0.007727146148681641,False,BASELINE
target_192,US_Stock_MPC_adj_close - LME_CA_Close,2,Lasso,0.031230640920069334,0.02430120288310347,-0.019114983983672174,0.00021648806401385523,0.006705045700073242,False,BASELINE
target_192,US_Stock_MPC_adj_close - LME_CA_Close,2,RandomForest,0.032068015033822866,0.02447471246324934,-0.07449784827074146,0.14909693550439934,0.4149045944213867,False,BASELINE
target_192,US_Stock_MPC_adj_close - LME_CA_Close,2,ElasticNet,0.03128989776202056,0.02432789366746682,-0.02298597895126342,0.00021648806401385523,0.0049016475677490234,False,BASELINE
target_192,US_Stock_MPC_adj_close - LME_CA_Close,2,XGBoost,0.032878798719966296,0.025040581742882817,-0.129518311748412,0.07645121346317858,0.5343918800354004,False,BASELINE
target_192,US_Stock_MPC_adj_close - LME_CA_Close,2,LightGBM,0.031809036986195215,0.024232731792501693,-0.05721285517296981,0.11369429744270498,1.4556488990783691,False,BASELINE
target_193,LME_PB_Close - US_Stock_CLF_adj_close,2,Ridge,0.0538392282025476,0.03912609758486642,-0.02994953441949888,0.054506817589774145,0.007765769958496094,False,BASELINE
target_193,LME_PB_Close - US_Stock_CLF_adj_close,2,Lasso,0.053245888137600166,0.03835072505629699,-0.00737332202769414,0.0,0.006048679351806641,False,BASELINE
target_193,LME_PB_Close - US_Stock_CLF_adj_close,2,RandomForest,0.05348311182655265,0.03900563847990523,-0.01636951556217281,0.07696358837292566,0.3471841812133789,False,BASELINE
target_193,LME_PB_Close - US_Stock_CLF_adj_close,2,ElasticNet,0.053245888137600166,0.03835072505629699,-0.00737332202769414,0.0,0.005091667175292969,False,BASELINE
target_193,LME_PB_Close - US_Stock_CLF_adj_close,2,XGBoost,0.05585796213221178,0.04094985938107773,-0.10863470327316582,0.041126784688346386,0.5185012817382812,False,BASELINE
target_193,LME_PB_Close - US_Stock_CLF_adj_close,2,LightGBM,0.05728214489570304,0.04305150867104543,-0.16588801397873842,0.032189515078631555,1.4378926753997803,False,BASELINE
target_194,JPX_Platinum_Standard_Futures_Close - US_Stock_BNDX_adj_close,2,Ridge,0.024282708687693305,0.01773067636141344,-0.07268903208118727,0.06384020326349542,0.008160591125488281,False,BASELINE
target_194,JPX_Platinum_Standard_Futures_Close - US_Stock_BNDX_adj_close,2,Lasso,0.023483066219630457,0.016870713428775795,-0.0032038405125700553,0.0,0.004614591598510742,False,BASELINE
target_194,JPX_Platinum_Standard_Futures_Close - US_Stock_BNDX_adj_close,2,RandomForest,0.025029750253723393,0.01837142864767523,-0.13970541848388307,-0.08954427541350883,0.36228322982788086,False,BASELINE
target_194,JPX_Platinum_Standard_Futures_Close - US_Stock_BNDX_adj_close,2,ElasticNet,0.023534497928851383,0.016930348473892815,-0.0076030096887180765,0.1882728126353612,0.003612041473388672,False,BASELINE
target_194,JPX_Platinum_Standard_Futures_Close - US_Stock_BNDX_adj_close,2,XGBoost,0.026642015480524157,0.0196533033669994,-0.29126010492765997,-0.0706416230845933,0.5173916816711426,False,BASELINE
target_194,JPX_Platinum_Standard_Futures_Close - US_Stock_BNDX_adj_close,2,LightGBM,0.029354611153834483,0.02238507241441352,-0.5675891334128638,-0.11481189696122235,1.428187608718872,False,BASELINE
target_195,US_Stock_HL_adj_close - LME_AH_Close,2,Ridge,0.04810200374310652,0.03641159793326671,-0.04056876535115972,-0.01547651758727621,0.008235692977905273,False,BASELINE
target_195,US_Stock_HL_adj_close - LME_AH_Close,2,Lasso,0.0472882166883215,0.03573144695819153,-0.005658023351597485,0.0,0.006124258041381836,False,BASELINE
target_195,US_Stock_HL_adj_close - LME_AH_Close,2,RandomForest,0.04884170995164318,0.037278750570469664,-0.07281829362551284,-0.03142466988543975,0.3929593563079834,False,BASELINE
target_195,US_Stock_HL_adj_close - LME_AH_Close,2,ElasticNet,0.04734211431800819,0.03576748304109283,-0.007951764868472821,0.006949326329587613,0.004586935043334961,False,BASELINE
target_195,US_Stock_HL_adj_close - LME_AH_Close,2,XGBoost,0.05409522676567144,0.04099540951993322,-0.3160195513674997,-0.04185594503582163,0.5232264995574951,False,BASELINE
target_195,US_Stock_HL_adj_close - LME_AH_Close,2,LightGBM,0.05203738710479897,0.039606612629931856,-0.21779844007912375,-0.011460188201876307,1.4703071117401123,False,BASELINE
target_196,FX_EURAUD - LME_AH_Close,2,Ridge,0.01943734932035818,0.014935973911075363,-0.05194788847645926,0.012260125463931048,0.007250070571899414,False,BASELINE
target_196,FX_EURAUD - LME_AH_Close,2,Lasso,0.01895134052386109,0.014625672923833686,-3.975943596579157e-08,0.0,0.005129575729370117,False,BASELINE
target_196,FX_EURAUD - LME_AH_Close,2,RandomForest,0.020165179790310624,0.015261360709399261,-0.13220311070575974,-0.1465759766664866,0.3696322441101074,False,BASELINE
target_196,FX_EURAUD - LME_AH_Close,2,ElasticNet,0.01895134052386109,0.014625672923833686,-3.975943596579157e-08,0.0,0.00478363037109375,False,BASELINE
target_196,FX_EURAUD - LME_AH_Close,2,XGBoost,0.022297885257066503,0.01726167067428382,-0.3843550821149435,-0.049770445759612335,0.4890716075897217,False,BASELINE
target_196,FX_EURAUD - LME_AH_Close,2,LightGBM,0.022822240163098816,0.01768246262180235,-0.4502293468411691,-0.07714771461713954,1.501117467880249,False,BASELINE
target_197,JPX_Platinum_Standard_Futures_Close - FX_ZARUSD,2,Ridge,0.0244235452870789,0.0181322967426779,-0.10057483271707324,0.0399533034138408,0.006952762603759766,False,BASELINE
target_197,JPX_Platinum_Standard_Futures_Close - FX_ZARUSD,2,Lasso,0.0232979568755535,0.017358517007111156,-0.0014697599193520539,0.0,0.005100727081298828,False,BASELINE
target_197,JPX_Platinum_Standard_Futures_Close - FX_ZARUSD,2,RandomForest,0.024892603487278543,0.018799982104495398,-0.14325420789621068,-0.04380946807167124,0.34673047065734863,False,BASELINE
target_197,JPX_Platinum_Standard_Futures_Close - FX_ZARUSD,2,ElasticNet,0.023357292004606386,0.017378415039569724,-0.006577332744950315,0.07915625798939777,0.003925800323486328,False,BASELINE
target_197,JPX_Platinum_Standard_Futures_Close - FX_ZARUSD,2,XGBoost,0.025502321666169253,0.019358595448856344,-0.19994572957710255,-0.03286780492162304,0.5545742511749268,False,BASELINE
target_197,JPX_Platinum_Standard_Futures_Close - FX_ZARUSD,2,LightGBM,0.027377036184741337,0.02027772240128772,-0.3828498466151842,-0.06368570363685089,1.4310524463653564,False,BASELINE
target_198,LME_AH_Close - FX_GBPUSD,2,Ridge,0.017313351010048352,0.013625053128385583,-0.05467098637861478,-0.006333124998392476,0.007448673248291016,False,BASELINE
target_198,LME_AH_Close - FX_GBPUSD,2,Lasso,0.01685896471952213,0.013132761879516343,-3.807295706081959e-05,0.0,0.0053865909576416016,False,BASELINE
target_198,LME_AH_Close - FX_GBPUSD,2,RandomForest,0.017147743358585356,0.013240955582154493,-0.03459096391469352,0.03604888926612088,0.3598504066467285,False,BASELINE
target_198,LME_AH_Close - FX_GBPUSD,2,ElasticNet,0.01685896471952213,0.013132761879516343,-3.807295706081959e-05,0.0,0.0043239593505859375,False,BASELINE
target_198,LME_AH_Close - FX_GBPUSD,2,XGBoost,0.019655575534826195,0.015036478673381919,-0.3593342536571005,-0.009281707420581948,0.5325992107391357,False,BASELINE
target_198,LME_AH_Close - FX_GBPUSD,2,LightGBM,0.019819218702948248,0.015159972575846671,-0.3820628431432447,-0.08015776870706305,1.4155898094177246,False,BASELINE
target_199,LME_CA_Close - US_Stock_LYB_adj_close,2,Ridge,0.03091789888889301,0.02348320882508763,-0.3506491050889382,0.033961267668459236,0.009126901626586914,False,BASELINE
target_199,LME_CA_Close - US_Stock_LYB_adj_close,2,Lasso,0.026774733833597672,0.020371180795639432,-0.01291479461311984,0.0,0.006552219390869141,False,BASELINE
target_199,LME_CA_Close - US_Stock_LYB_adj_close,2,RandomForest,0.026827585221784998,0.020337614410987394,-0.016917582421925204,0.07227638388805424,0.4200401306152344,False,BASELINE
target_199,LME_CA_Close - US_Stock_LYB_adj_close,2,ElasticNet,0.026816928464156717,0.020428518032688203,-0.016109839816137894,0.03370760789015728,0.008392333984375,False,BASELINE
target_199,LME_CA_Close - US_Stock_LYB_adj_close,2,XGBoost,0.029176873934718288,0.022529870817238663,-0.20281852410943468,0.07656927082775757,0.5212860107421875,False,BASELINE
target_199,LME_CA_Close - US_Stock_LYB_adj_close,2,LightGBM,0.02778364739254865,0.021005587224650964,-0.09068943733943358,0.08011991297655624,1.3887591361999512,False,BASELINE
target_200,FX_NZDJPY - LME_CA_Close,2,Ridge,0.017240794636933274,0.01305391308608311,-0.11556274584567072,-0.00630534700627834,0.006796598434448242,False,BASELINE
target_200,FX_NZDJPY - LME_CA_Close,2,Lasso,0.01635533663378241,0.012558324225439123,-0.003918413177776747,0.22568306854219553,0.005409717559814453,False,BASELINE
target_200,FX_NZDJPY - LME_CA_Close,2,RandomForest,0.01747090055289698,0.013645511189578147,-0.14553939278694483,0.01889957998647109,0.37793517112731934,False,BASELINE
target_200,FX_NZDJPY - LME_CA_Close,2,ElasticNet,0.016370792394083615,0.012584218746125557,-0.005816711470301161,0.22568306854219553,0.010950803756713867,False,BASELINE
target_200,FX_NZDJPY - LME_CA_Close,2,XGBoost,0.01940894134578985,0.015422233743387801,-0.4137842532278839,-0.006607046865073547,0.5682973861694336,False,BASELINE
target_200,FX_NZDJPY - LME_CA_Close,2,LightGBM,0.01830694369527664,0.014422196205105186,-0.25779868586675114,0.06686651388771003,1.40883207321167,False,BASELINE
target_201,US_Stock_SCCO_adj_close - LME_AH_Close,2,Ridge,0.030306654929214992,0.022742305293753273,0.0035050166464782873,0.1425145683382638,0.0069446563720703125,False,BASELINE
target_201,US_Stock_SCCO_adj_close - LME_AH_Close,2,Lasso,0.03036503366731186,0.02276966404189967,-0.00033771355619016674,0.0,0.005024909973144531,False,BASELINE
target_201,US_Stock_SCCO_adj_close - LME_AH_Close,2,RandomForest,0.031123846618430123,0.023296048536278348,-0.05095867945238508,-0.01638321004219138,0.3683037757873535,False,BASELINE
target_201,US_Stock_SCCO_adj_close - LME_AH_Close,2,ElasticNet,0.03036503366731186,0.02276966404189967,-0.00033771355619016674,0.0,0.005335807800292969,False,BASELINE
target_201,US_Stock_SCCO_adj_close - LME_AH_Close,2,XGBoost,0.033336774027409824,0.02475138982654524,-0.20571940569003733,-0.058378920723736245,0.5300514698028564,False,BASELINE
target_201,US_Stock_SCCO_adj_close - LME_AH_Close,2,LightGBM,0.03214469816254599,0.024152612977692903,-0.12103149112830036,0.005584678354643133,1.4425885677337646,False,BASELINE
target_202,LME_ZS_Close - US_Stock_VYM_adj_close,2,Ridge,0.022364180649393467,0.017676881387521833,-0.02460841924732038,0.09348448244484014,0.007173299789428711,False,BASELINE
target_202,LME_ZS_Close - US_Stock_VYM_adj_close,2,Lasso,0.022095463292153367,0.01722399746380898,-0.00013393003118045144,0.0,0.00567173957824707,False,BASELINE
target_202,LME_ZS_Close - US_Stock_VYM_adj_close,2,RandomForest,0.022415719677427892,0.01725729190527868,-0.02933635191992945,0.05387043784116199,0.4310572147369385,False,BASELINE
target_202,LME_ZS_Close - US_Stock_VYM_adj_close,2,ElasticNet,0.022075662302946487,0.017210227067145898,0.001657819461744925,0.12549735753717467,0.007863283157348633,False,BASELINE
target_202,LME_ZS_Close - US_Stock_VYM_adj_close,2,XGBoost,0.024916775813035336,0.019324337227741274,-0.27184921478646284,-0.02015628772929,0.5479104518890381,False,BASELINE
target_202,LME_ZS_Close - US_Stock_VYM_adj_close,2,LightGBM,0.02328102402566946,0.018344791925548304,-0.11034027951169212,0.035277443727972035,1.4165728092193604,False,BASELINE
target_203,LME_ZS_Close - US_Stock_CAT_adj_close,2,Ridge,0.02864352074464842,0.021945581494905924,-0.03339365465969313,0.07996438652397485,0.007878780364990234,False,BASELINE
target_203,LME_ZS_Close - US_Stock_CAT_adj_close,2,Lasso,0.028182248761603537,0.021430274305674096,-0.0003783434229105431,0.0,0.006039619445800781,False,BASELINE
target_203,LME_ZS_Close - US_Stock_CAT_adj_close,2,RandomForest,0.03213949830154799,0.02488875062775811,-0.3010415893971723,0.003629743556803732,0.36066246032714844,False,BASELINE
target_203,LME_ZS_Close - US_Stock_CAT_adj_close,2,ElasticNet,0.028182248761603537,0.021430274305674096,-0.0003783434229105431,0.0,0.005517005920410156,False,BASELINE
target_203,LME_ZS_Close - US_Stock_CAT_adj_close,2,XGBoost,0.03482921000429051,0.027289842785216692,-0.5279186820291621,0.02243179139114992,0.5379881858825684,False,BASELINE
target_203,LME_ZS_Close - US_Stock_CAT_adj_close,2,LightGBM,0.030423580502555184,0.02358701099900451,-0.16582574482435497,-0.016707942138212164,1.4207892417907715,False,BASELINE
target_204,JPX_Platinum_Standard_Futures_Close - US_Stock_DE_adj_close,2,Ridge,0.03527015877964582,0.027184725966831545,-0.21432801900353105,0.0718106595113575,0.007409334182739258,False,BASELINE
target_204,JPX_Platinum_Standard_Futures_Close - US_Stock_DE_adj_close,2,Lasso,0.03204944255448403,0.02484959406574516,-0.0026795248379183345,0.0,0.005949258804321289,False,BASELINE
target_204,JPX_Platinum_Standard_Futures_Close - US_Stock_DE_adj_close,2,RandomForest,0.0325833318908699,0.025202447317723805,-0.03636364685654625,0.08650850177477636,0.36719298362731934,False,BASELINE
target_204,JPX_Platinum_Standard_Futures_Close - US_Stock_DE_adj_close,2,ElasticNet,0.03204944255448403,0.02484959406574516,-0.0026795248379183345,0.0,0.003317594528198242,False,BASELINE
target_204,JPX_Platinum_Standard_Futures_Close - US_Stock_DE_adj_close,2,XGBoost,0.03330708872098451,0.026126636786410178,-0.08291541074216369,0.17791621970210114,0.5746207237243652,False,BASELINE
target_204,JPX_Platinum_Standard_Futures_Close - US_Stock_DE_adj_close,2,LightGBM,0.03291814085570588,0.025662124406264204,-0.05777131329986629,0.15296605201165545,1.4081995487213135,False,BASELINE
target_205,US_Stock_GLD_adj_close - LME_PB_Close,2,Ridge,0.020648424737633397,0.01655205881347916,-0.19237634840250784,0.14421257224694387,0.00839686393737793,False,BASELINE
target_205,US_Stock_GLD_adj_close - LME_PB_Close,2,Lasso,0.019071768312286706,0.015358787560073134,-0.017235310745358445,0.0,0.004523754119873047,False,BASELINE
target_205,US_Stock_GLD_adj_close - LME_PB_Close,2,RandomForest,0.03694684878752775,0.03207226316394584,-2.8176341692577522,0.043208995435908226,0.3749563694000244,False,BASELINE
target_205,US_Stock_GLD_adj_close - LME_PB_Close,2,ElasticNet,0.019071768312286706,0.015358787560073134,-0.017235310745358445,0.0,0.004766702651977539,False,BASELINE
target_205,US_Stock_GLD_adj_close - LME_PB_Close,2,XGBoost,0.02221037908873176,0.01753857065802271,-0.3795944710267858,0.029844723341338635,0.5253398418426514,False,BASELINE
target_205,US_Stock_GLD_adj_close - LME_PB_Close,2,LightGBM,0.0208589825528208,0.016845226131262284,-0.21681833349850899,0.0018681016732624155,1.4609241485595703,False,BASELINE
target_206,US_Stock_RIO_adj_close - LME_PB_Close,2,Ridge,0.020924279177743754,0.01614738402295274,0.001821036151463007,0.07501519579680095,0.00747370719909668,False,BASELINE
target_206,US_Stock_RIO_adj_close - LME_PB_Close,2,Lasso,0.020958580634833586,0.016168206711911427,-0.0014543031641762738,0.0,0.00530242919921875,False,BASELINE
target_206,US_Stock_RIO_adj_close - LME_PB_Close,2,RandomForest,0.02101621119708292,0.016162389843617318,-0.006969344970686686,0.10634054286166293,0.36742711067199707,False,BASELINE
target_206,US_Stock_RIO_adj_close - LME_PB_Close,2,ElasticNet,0.020958580634833586,0.016168206711911427,-0.0014543031641762738,0.0,0.008911609649658203,False,BASELINE
target_206,US_Stock_RIO_adj_close - LME_PB_Close,2,XGBoost,0.02258419920913897,0.01737159146922215,-0.16283151430260845,0.08640847491295871,0.5255181789398193,False,BASELINE
target_206,US_Stock_RIO_adj_close - LME_PB_Close,2,LightGBM,0.022608349467513097,0.017642213183586223,-0.16531977578729773,0.09774792938682728,1.4273359775543213,False,BASELINE
target_207,JPX_Gold_Standard_Futures_Close - US_Stock_RSP_adj_close,2,Ridge,0.021684675515384763,0.016880389755168916,-0.38919198842070646,0.05396114775655281,0.007379770278930664,False,BASELINE
target_207,JPX_Gold_Standard_Futures_Close - US_Stock_RSP_adj_close,2,Lasso,0.0184642744647843,0.01377871873091814,-0.007212040122268615,0.0,0.005961179733276367,False,BASELINE
target_207,JPX_Gold_Standard_Futures_Close - US_Stock_RSP_adj_close,2,RandomForest,0.020766344603924156,0.01606651906835828,-0.2740208264517472,-0.0044030733719588235,0.32110595703125,False,BASELINE
target_207,JPX_Gold_Standard_Futures_Close - US_Stock_RSP_adj_close,2,ElasticNet,0.0184642744647843,0.01377871873091814,-0.007212040122268615,0.0,0.00892186164855957,False,BASELINE
target_207,JPX_Gold_Standard_Futures_Close - US_Stock_RSP_adj_close,2,XGBoost,0.020219820391025014,0.01559428428876473,-0.20784443132854857,0.01115720458428177,0.5827667713165283,False,BASELINE
target_207,JPX_Gold_Standard_Futures_Close - US_Stock_RSP_adj_close,2,LightGBM,0.0217216497993346,0.016754824227209482,-0.3939334169380082,0.026582981333596902,1.4310963153839111,False,BASELINE
target_208,US_Stock_HAL_adj_close - LME_CA_Close,2,Ridge,0.034277557562087765,0.0252718420062174,-0.11079573828398881,0.07040203736679143,0.006960153579711914,False,BASELINE
target_208,US_Stock_HAL_adj_close - LME_CA_Close,2,Lasso,0.03275579477310148,0.024062582341469626,-0.014356811995378083,0.06409533563381639,0.007171154022216797,False,BASELINE
target_208,US_Stock_HAL_adj_close - LME_CA_Close,2,RandomForest,0.03241335478986466,0.024051733523932924,0.00674117342889069,0.18305255307228677,0.3896965980529785,False,BASELINE
target_208,US_Stock_HAL_adj_close - LME_CA_Close,2,ElasticNet,0.03280513219929877,0.02412556791053613,-0.01741480186551736,0.06409533563381639,0.008039236068725586,False,BASELINE
target_208,US_Stock_HAL_adj_close - LME_CA_Close,2,XGBoost,0.03603328461273512,0.02701402557002047,-0.2275018950240224,0.07134887527313774,0.5515689849853516,False,BASELINE
target_208,US_Stock_HAL_adj_close - LME_CA_Close,2,LightGBM,0.035771490949388585,0.026652321978773475,-0.2097302787792239,0.09427014379803328,1.4720003604888916,False,BASELINE
target_209,LME_PB_Close - US_Stock_FCX_adj_close,2,Ridge,0.0332765669064598,0.024705200656158107,-0.04064097172950554,0.027713743304630823,0.007790565490722656,False,BASELINE
target_209,LME_PB_Close - US_Stock_FCX_adj_close,2,Lasso,0.03263039460772974,0.0241341870979693,-0.0006185358152632769,0.0,0.0059757232666015625,False,BASELINE
target_209,LME_PB_Close - US_Stock_FCX_adj_close,2,RandomForest,0.03597417663818192,0.02678028251390324,-0.21620173179658075,0.08803064852449109,0.37157106399536133,False,BASELINE
target_209,LME_PB_Close - US_Stock_FCX_adj_close,2,ElasticNet,0.03263039460772974,0.0241341870979693,-0.0006185358152632769,0.0,0.007194995880126953,False,BASELINE
target_209,LME_PB_Close - US_Stock_FCX_adj_close,2,XGBoost,0.03624513213245661,0.027026034151268457,-0.23459145452124153,0.0564028723921812,0.5291004180908203,False,BASELINE
target_209,LME_PB_Close - US_Stock_FCX_adj_close,2,LightGBM,0.03615485451468511,0.027086703845419207,-0.22844899266133756,0.05309875305254117,1.418558120727539,False,BASELINE
target_210,US_Stock_VEA_adj_close - JPX_Platinum_Standard_Futures_Close,2,Ridge,0.023856049622428727,0.01831387439883795,-0.0628761278275265,0.12777401471567237,0.006196498870849609,False,BASELINE
target_210,US_Stock_VEA_adj_close - JPX_Platinum_Standard_Futures_Close,2,Lasso,0.023160861677566237,0.017273921438307832,-0.0018322770703966818,0.0,0.004107236862182617,False,BASELINE
target_210,US_Stock_VEA_adj_close - JPX_Platinum_Standard_Futures_Close,2,RandomForest,0.02867395167270691,0.02201085915638125,-0.5355384364520752,-0.08871284864447396,0.3548734188079834,False,BASELINE
target_210,US_Stock_VEA_adj_close - JPX_Platinum_Standard_Futures_Close,2,ElasticNet,0.023187173770067883,0.017244557572467137,-0.004109850101601031,0.07332583304989237,0.004916667938232422,False,BASELINE
target_210,US_Stock_VEA_adj_close - JPX_Platinum_Standard_Futures_Close,2,XGBoost,0.031221271159120753,0.023626992862602125,-0.8204835388802454,-0.15024153044543348,0.5282678604125977,False,BASELINE
target_210,US_Stock_VEA_adj_close - JPX_Platinum_Standard_Futures_Close,2,LightGBM,0.02965964355666972,0.0229341190783686,-0.642923905496007,-0.0984639923407958,1.4218416213989258,False,BASELINE
target_211,FX_EURNZD - LME_PB_Close,2,Ridge,0.018344963380439575,0.014402474840398957,0.012218512757332323,0.13014735196002028,0.008086442947387695,False,BASELINE
target_211,FX_EURNZD - LME_PB_Close,2,Lasso,0.018464502251925616,0.014465355635863233,-0.0006965300037791167,0.0,0.006006956100463867,False,BASELINE
target_211,FX_EURNZD - LME_PB_Close,2,RandomForest,0.01869507669823611,0.01457640966101055,-0.025844859562078604,0.021820898823807798,0.3576340675354004,False,BASELINE
target_211,FX_EURNZD - LME_PB_Close,2,ElasticNet,0.018464502251925616,0.014465355635863233,-0.0006965300037791167,0.0,0.005991697311401367,False,BASELINE
target_211,FX_EURNZD - LME_PB_Close,2,XGBoost,0.019951475496283236,0.015815388595812413,-0.1683614590382565,-0.008431906624793914,0.5530807971954346,False,BASELINE
target_211,FX_EURNZD - LME_PB_Close,2,LightGBM,0.019924598598603082,0.015886108404048953,-0.1652157487959851,-0.03247144396690303,1.4353859424591064,False,BASELINE
target_212,FX_ZARUSD,3,Ridge,0.012049009724010469,0.009551114051479367,-0.02753139467273491,0.0281663265576551,0.007704257965087891,False,BASELINE
target_212,FX_ZARUSD,3,Lasso,0.011954095582122352,0.009442643635369662,-0.011406727976332354,0.0,0.005934238433837891,False,BASELINE
target_212,FX_ZARUSD,3,RandomForest,0.01331338411922462,0.010544768974819292,-0.2544960991586189,0.09053878567831873,0.2588386535644531,False,BASELINE
target_212,FX_ZARUSD,3,ElasticNet,0.011954095582122352,0.009442643635369662,-0.011406727976332354,0.0,0.003067493438720703,False,BASELINE
target_212,FX_ZARUSD,3,XGBoost,0.015638327193636295,0.012402260763957588,-0.7309039981664511,0.0406018808266178,0.5374057292938232,False,BASELINE
target_212,FX_ZARUSD,3,LightGBM,0.01500005644047038,0.012096201285209726,-0.5924953634595691,0.07558635676993614,1.3805568218231201,False,BASELINE
target_213,LME_PB_Close - FX_ZARUSD,3,Ridge,0.018333748219466126,0.014274986845590698,-0.042388167976862956,0.04893659158892686,0.00639653205871582,False,BASELINE
target_213,LME_PB_Close - FX_ZARUSD,3,Lasso,0.01799166576977599,0.014128240700915291,-0.0038520188830981628,0.0,0.005161285400390625,False,BASELINE
target_213,LME_PB_Close - FX_ZARUSD,3,RandomForest,0.01848375311055798,0.014312556339834229,-0.059515380182173505,0.019794648621259934,0.3877387046813965,False,BASELINE
target_213,LME_PB_Close - FX_ZARUSD,3,ElasticNet,0.01799166576977599,0.014128240700915291,-0.0038520188830981628,0.0,0.009985685348510742,False,BASELINE
target_213,LME_PB_Close - FX_ZARUSD,3,XGBoost,0.019567553096730736,0.015412130236062567,-0.18740805137747052,0.08021049545135378,0.5330822467803955,False,BASELINE
target_213,LME_PB_Close - FX_ZARUSD,3,LightGBM,0.019762087186988474,0.015625985265844054,-0.21113504098816294,0.0636229189011232,1.43656587600708,False,BASELINE
target_214,LME_CA_Close - JPX_Gold_Standard_Futures_Close,3,Ridge,0.024298213944995286,0.01969736631531245,-0.3869899202456861,0.015388966108712368,0.005898237228393555,False,BASELINE
target_214,LME_CA_Close - JPX_Gold_Standard_Futures_Close,3,Lasso,0.020860221877483726,0.016779004471400988,-0.022262544004063134,0.10246458567457266,0.005654096603393555,False,BASELINE
target_214,LME_CA_Close - JPX_Gold_Standard_Futures_Close,3,RandomForest,0.02082154597361231,0.016756256762196747,-0.018475405364247077,0.07123676583663573,0.35314464569091797,False,BASELINE
target_214,LME_CA_Close - JPX_Gold_Standard_Futures_Close,3,ElasticNet,0.02098367076082866,0.01686403691438889,-0.034397657612548205,0.09478987993138936,0.004915475845336914,False,BASELINE
target_214,LME_CA_Close - JPX_Gold_Standard_Futures_Close,3,XGBoost,0.02331509636772378,0.018515251945063534,-0.277023917361245,-0.020505190157922754,0.5472536087036133,False,BASELINE
target_214,LME_CA_Close - JPX_Gold_Standard_Futures_Close,3,LightGBM,0.022607813085512615,0.01811767375943813,-0.2007199025246773,-0.023335378837168037,1.4198508262634277,False,BASELINE
target_215,LME_PB_Close - JPX_Gold_Standard_Futures_Close,3,Ridge,0.02398962326978656,0.019304416841816205,-0.2242205707251863,0.1170994262731413,0.0072672367095947266,False,BASELINE
target_215,LME_PB_Close - JPX_Gold_Standard_Futures_Close,3,Lasso,0.021891044646264672,0.01731263069480885,-0.019402725314698444,0.0,0.0061452388763427734,False,BASELINE
target_215,LME_PB_Close - JPX_Gold_Standard_Futures_Close,3,RandomForest,0.022797991458158078,0.01840741041648077,-0.10562026446044537,0.19469524457325368,0.31912922859191895,False,BASELINE
target_215,LME_PB_Close - JPX_Gold_Standard_Futures_Close,3,ElasticNet,0.022096417365453216,0.017522606924321997,-0.03861967597114102,0.10199177855326197,0.0065631866455078125,False,BASELINE
target_215,LME_PB_Close - JPX_Gold_Standard_Futures_Close,3,XGBoost,0.024379978065233572,0.019517581015736016,-0.26438529998109583,0.17354239368308985,0.5498659610748291,False,BASELINE
target_215,LME_PB_Close - JPX_Gold_Standard_Futures_Close,3,LightGBM,0.025641646974558736,0.020529858940118516,-0.3986358316902918,0.13462397231915774,1.3978290557861328,False,BASELINE
target_216,LME_AH_Close - JPX_Platinum_Standard_Futures_Close,3,Ridge,0.03217525237366919,0.024197535701549127,-0.16768360440242058,0.0534955935411368,0.007675647735595703,False,BASELINE
target_216,LME_AH_Close - JPX_Platinum_Standard_Futures_Close,3,Lasso,0.030085969301678134,0.022882439846965346,-0.020961285705529464,0.08431832806946359,0.006498575210571289,False,BASELINE
target_216,LME_AH_Close - JPX_Platinum_Standard_Futures_Close,3,RandomForest,0.03019970936230962,0.022484012607700242,-0.028695369406928073,0.13964334299402614,0.3216550350189209,False,BASELINE
target_216,LME_AH_Close - JPX_Platinum_Standard_Futures_Close,3,ElasticNet,0.03044301598203643,0.02322502499997943,-0.04533769038369262,0.08431832806946359,0.004927158355712891,False,BASELINE
target_216,LME_AH_Close - JPX_Platinum_Standard_Futures_Close,3,XGBoost,0.031041388051916977,0.023167805620723667,-0.08683477054558342,0.07014513219376589,0.525794506072998,False,BASELINE
target_216,LME_AH_Close - JPX_Platinum_Standard_Futures_Close,3,LightGBM,0.0337762071006553,0.02568381132305012,-0.2867761887299092,0.061083057313538774,1.4612135887145996,False,BASELINE
target_217,JPX_Gold_Standard_Futures_Close - LME_AH_Close,3,Ridge,0.025726305959305563,0.021170175400557958,-0.2517967692998262,0.09068063523984149,0.0075113773345947266,False,BASELINE
target_217,JPX_Gold_Standard_Futures_Close - LME_AH_Close,3,Lasso,0.023117710591348952,0.01873664847396777,-0.010807861052479772,0.0,0.005703449249267578,False,BASELINE
target_217,JPX_Gold_Standard_Futures_Close - LME_AH_Close,3,RandomForest,0.02551058912184621,0.021040352044782187,-0.23089197905464554,0.009553735139291418,0.33010077476501465,False,BASELINE
target_217,JPX_Gold_Standard_Futures_Close - LME_AH_Close,3,ElasticNet,0.023067292070024493,0.01872246694538463,-0.006403630521417014,0.18917571124386348,0.005975246429443359,False,BASELINE
target_217,JPX_Gold_Standard_Futures_Close - LME_AH_Close,3,XGBoost,0.025247017869251744,0.020642471574736376,-0.20558862193552208,0.0011393209913053764,0.5484507083892822,False,BASELINE
target_217,JPX_Gold_Standard_Futures_Close - LME_AH_Close,3,LightGBM,0.027428357612995963,0.02196084714278303,-0.42291373686582845,0.014312119240551252,1.366157054901123,False,BASELINE
target_218,LME_ZS_Close - LME_PB_Close,3,Ridge,0.0197894797965752,0.0160735693241194,-0.2289167769216236,0.1566025458015365,0.007843971252441406,False,BASELINE
target_218,LME_ZS_Close - LME_PB_Close,3,Lasso,0.017905501530577288,0.01459982107253262,-0.006066520668105424,0.0,0.00641632080078125,False,BASELINE
target_218,LME_ZS_Close - LME_PB_Close,3,RandomForest,0.0197550500363984,0.015887558422350827,-0.22464435503808788,0.13010697099000249,0.3466925621032715,False,BASELINE
target_218,LME_ZS_Close - LME_PB_Close,3,ElasticNet,0.01790161919156513,0.014596152027320881,-0.005630289619203088,0.17452775138528032,0.0064351558685302734,False,BASELINE
target_218,LME_ZS_Close - LME_PB_Close,3,XGBoost,0.021780120354801837,0.017691849300987408,-0.48858715628343785,0.134152269693439,0.5753781795501709,False,BASELINE
target_218,LME_ZS_Close - LME_PB_Close,3,LightGBM,0.021139414371968583,0.016895660449735114,-0.40229575895359004,0.0514700473511884,1.3747122287750244,False,BASELINE
target_219,LME_ZS_Close - FX_NOKUSD,3,Ridge,0.022853035239642043,0.018176059183619708,-0.0004925451148540816,0.12998479926542644,0.007540225982666016,False,BASELINE
target_219,LME_ZS_Close - FX_NOKUSD,3,Lasso,0.02286233571807932,0.018119131982434426,-0.0013070498561769117,0.0,0.0057220458984375,False,BASELINE
target_219,LME_ZS_Close - FX_NOKUSD,3,RandomForest,0.024141611356420734,0.01878913022466829,-0.11649963809666075,0.0835438545050502,0.3713414669036865,False,BASELINE
target_219,LME_ZS_Close - FX_NOKUSD,3,ElasticNet,0.02284188760358827,0.018096894603290427,0.00048329082300690995,0.2170762634485348,0.008040428161621094,False,BASELINE
target_219,LME_ZS_Close - FX_NOKUSD,3,XGBoost,0.02665907946806088,0.02080771483923056,-0.3614960221725596,0.05739781942761903,0.5722970962524414,False,BASELINE
target_219,LME_ZS_Close - FX_NOKUSD,3,LightGBM,0.025816022639256742,0.020239707464599015,-0.27674670238108945,0.11335915657785423,1.4148902893066406,False,BASELINE
target_220,LME_AH_Close - US_Stock_BNDX_adj_close,3,Ridge,0.02184768440782593,0.017046527158950595,-0.08722939613045866,-0.032137177304913916,0.007506847381591797,False,BASELINE
target_220,LME_AH_Close - US_Stock_BNDX_adj_close,3,Lasso,0.020954935618201092,0.01622540211436621,-0.00019117978833893545,0.0,0.006539106369018555,False,BASELINE
target_220,LME_AH_Close - US_Stock_BNDX_adj_close,3,RandomForest,0.02214204562609359,0.01727608832226544,-0.1167239782242877,0.07133222234513668,0.3258976936340332,False,BASELINE
target_220,LME_AH_Close - US_Stock_BNDX_adj_close,3,ElasticNet,0.020954935618201092,0.01622540211436621,-0.00019117978833893545,0.0,0.003509521484375,False,BASELINE
target_220,LME_AH_Close - US_Stock_BNDX_adj_close,3,XGBoost,0.025138015648554425,0.019603659914590957,-0.4393696569958192,0.0024711755658724404,0.5504026412963867,False,BASELINE
target_220,LME_AH_Close - US_Stock_BNDX_adj_close,3,LightGBM,0.025286541796957517,0.019560630282049147,-0.45642872784910016,-0.008864710423424483,1.452500343322754,False,BASELINE
target_221,FX_ZARCHF - JPX_Platinum_Standard_Futures_Close,3,Ridge,0.029935621031809672,0.022461826780368305,-0.20009228001456192,0.00788182896967209,0.007841110229492188,False,BASELINE
target_221,FX_ZARCHF - JPX_Platinum_Standard_Futures_Close,3,Lasso,0.027482006067911666,0.020555112144563348,-0.011427970908898466,0.04603656267417522,0.00574493408203125,False,BASELINE
target_221,FX_ZARCHF - JPX_Platinum_Standard_Futures_Close,3,RandomForest,0.031018315534243824,0.023433294747491895,-0.2884706093932241,-0.06562762743818105,0.3473055362701416,False,BASELINE
target_221,FX_ZARCHF - JPX_Platinum_Standard_Futures_Close,3,ElasticNet,0.027754578086527443,0.0207621832980868,-0.03159055454141568,0.04603656267417522,0.004017829895019531,False,BASELINE
target_221,FX_ZARCHF - JPX_Platinum_Standard_Futures_Close,3,XGBoost,0.03250442087443205,0.02426131904974131,-0.4148909308969233,-0.06055186942687878,0.5437967777252197,False,BASELINE
target_221,FX_ZARCHF - JPX_Platinum_Standard_Futures_Close,3,LightGBM,0.035487052685551926,0.02648010289100449,-0.6864674369242227,-0.16294556806582794,1.389488935470581,False,BASELINE
target_222,JPX_Gold_Standard_Futures_Close - FX_ZARGBP,3,Ridge,0.020097319485520668,0.01593282192901121,-0.21586422350960155,0.1294986442011104,0.00746464729309082,False,BASELINE
target_222,JPX_Gold_Standard_Futures_Close - FX_ZARGBP,3,Lasso,0.018347243980600836,0.014518031106566541,-0.013329017182980518,0.0,0.005734682083129883,False,BASELINE
target_222,JPX_Gold_Standard_Futures_Close - FX_ZARGBP,3,RandomForest,0.02017466713345477,0.015794862735249257,-0.2252411167688233,0.05874910984666911,0.36708927154541016,False,BASELINE
target_222,JPX_Gold_Standard_Futures_Close - FX_ZARGBP,3,ElasticNet,0.018347243980600836,0.014518031106566541,-0.013329017182980518,0.0,0.0058498382568359375,False,BASELINE
target_222,JPX_Gold_Standard_Futures_Close - FX_ZARGBP,3,XGBoost,0.02106138711538682,0.016709323397940897,-0.3353119880415729,0.0708022093671711,0.5289843082427979,False,BASELINE
target_222,JPX_Gold_Standard_Futures_Close - FX_ZARGBP,3,LightGBM,0.022598450174142044,0.017923474437062794,-0.5373265166748789,0.041691107199244716,1.4342412948608398,False,BASELINE
target_223,LME_CA_Close - FX_NZDJPY,3,Ridge,0.020312783163824163,0.01579532152720627,-0.1645901185750993,-0.011140518059552929,0.007442474365234375,False,BASELINE
target_223,LME_CA_Close - FX_NZDJPY,3,Lasso,0.018912187947940903,0.014701145267057915,-0.00952664555866134,0.29317304403068956,0.021942853927612305,False,BASELINE
target_223,LME_CA_Close - FX_NZDJPY,3,RandomForest,0.020522298136373875,0.016080362567839988,-0.18873820518144746,0.03385880035082575,0.3763723373413086,False,BASELINE
target_223,LME_CA_Close - FX_NZDJPY,3,ElasticNet,0.0189402601338551,0.014767033258093469,-0.012525838737647454,0.2945143609647194,0.026168346405029297,False,BASELINE
target_223,LME_CA_Close - FX_NZDJPY,3,XGBoost,0.021356213038697253,0.01705084290010902,-0.28730876075403766,0.10508311535325632,0.5375638008117676,False,BASELINE
target_223,LME_CA_Close - FX_NZDJPY,3,LightGBM,0.022461464019295035,0.01792193168586511,-0.42400120046710743,-0.04344246483383359,1.4277055263519287,False,BASELINE
target_224,US_Stock_OXY_adj_close - LME_AH_Close,3,Ridge,0.037789828823910875,0.028359128864915324,-0.15199623067936718,-0.0486203049151117,0.007398843765258789,False,BASELINE
target_224,US_Stock_OXY_adj_close - LME_AH_Close,3,Lasso,0.036071468366731606,0.026943083117058123,-0.04961215601539526,0.10309143765916925,0.005326271057128906,False,BASELINE
target_224,US_Stock_OXY_adj_close - LME_AH_Close,3,RandomForest,0.04032846998324777,0.029272836187729717,-0.31197240349641775,-0.13379289467141986,0.37066030502319336,False,BASELINE
target_224,US_Stock_OXY_adj_close - LME_AH_Close,3,ElasticNet,0.0362741922939299,0.027079881410675893,-0.061443081158406576,0.10309143765916925,0.004426002502441406,False,BASELINE
target_224,US_Stock_OXY_adj_close - LME_AH_Close,3,XGBoost,0.03830731950387903,0.029280931391866105,-0.18376293227826146,-0.004623566510010194,0.5462634563446045,False,BASELINE
target_224,US_Stock_OXY_adj_close - LME_AH_Close,3,LightGBM,0.04489675111318119,0.03422581796072226,-0.6260393033204705,-0.11671174852175524,1.4158475399017334,False,BASELINE
target_225,US_Stock_XOM_adj_close - JPX_Gold_Standard_Futures_Close,3,Ridge,0.02940531749693859,0.02341014627752588,-0.1322728452009745,0.08424189107325387,0.0072174072265625,False,BASELINE
target_225,US_Stock_XOM_adj_close - JPX_Gold_Standard_Futures_Close,3,Lasso,0.028145907901306267,0.022307023321736535,-0.037360890187274176,0.055893324233406844,0.005791664123535156,False,BASELINE
target_225,US_Stock_XOM_adj_close - JPX_Gold_Standard_Futures_Close,3,RandomForest,0.02934958648531294,0.023346538457629195,-0.12798498721249807,0.018162806242006908,0.3512449264526367,False,BASELINE
target_225,US_Stock_XOM_adj_close - JPX_Gold_Standard_Futures_Close,3,ElasticNet,0.028445055993104675,0.022473949889399176,-0.05952920468840528,0.055893324233406844,0.005433082580566406,False,BASELINE
target_225,US_Stock_XOM_adj_close - JPX_Gold_Standard_Futures_Close,3,XGBoost,0.03180530178150251,0.025242391679082547,-0.3246415926815318,-0.036012541618858133,0.5476064682006836,False,BASELINE
target_225,US_Stock_XOM_adj_close - JPX_Gold_Standard_Futures_Close,3,LightGBM,0.0339952038635158,0.02721291122347098,-0.5133334996074166,-0.018315036950188854,1.4210078716278076,False,BASELINE
target_226,LME_AH_Close - US_Stock_EWZ_adj_close,3,Ridge,0.027185090610240232,0.021414850919169497,-0.030749448298346804,0.09850890872173312,0.007937908172607422,False,BASELINE
target_226,LME_AH_Close - US_Stock_EWZ_adj_close,3,Lasso,0.02684913268180391,0.021030980984651008,-0.005430518239911475,0.0,0.005677223205566406,False,BASELINE
target_226,LME_AH_Close - US_Stock_EWZ_adj_close,3,RandomForest,0.026760537094443163,0.021000764862193894,0.0011938850633121945,0.10189450845909266,0.33162856101989746,False,BASELINE
target_226,LME_AH_Close - US_Stock_EWZ_adj_close,3,ElasticNet,0.026866431981664933,0.021043525651588058,-0.0067265636351179214,0.08753373704788787,0.007081031799316406,False,BASELINE
target_226,LME_AH_Close - US_Stock_EWZ_adj_close,3,XGBoost,0.03160264114889477,0.02440228824786777,-0.39295889416336705,0.03397613635417447,0.5468857288360596,False,BASELINE
target_226,LME_AH_Close - US_Stock_EWZ_adj_close,3,LightGBM,0.03080012327204058,0.02364553978566265,-0.3231115196706207,0.0037079528436658802,1.43760347366333,False,BASELINE
target_227,FX_EURAUD - LME_PB_Close,3,Ridge,0.022420397004428497,0.016775699809188204,0.03490272636168612,0.15131701119092997,0.0077936649322509766,False,BASELINE
target_227,FX_EURAUD - LME_PB_Close,3,Lasso,0.0228246537441897,0.017179251334860975,-0.0002139043538174068,0.0,0.0056302547454833984,False,BASELINE
target_227,FX_EURAUD - LME_PB_Close,3,RandomForest,0.024763760181874317,0.01959264804118471,-0.17738275606503273,0.03910266797326111,0.38425350189208984,False,BASELINE
target_227,FX_EURAUD - LME_PB_Close,3,ElasticNet,0.02275348441474946,0.017107690477938902,0.0060138854507898465,0.21097179247782258,0.00487208366394043,False,BASELINE
target_227,FX_EURAUD - LME_PB_Close,3,XGBoost,0.02560378684324955,0.020251572500694624,-0.2586149836047509,0.017525083784082695,0.5440492630004883,False,BASELINE
target_227,FX_EURAUD - LME_PB_Close,3,LightGBM,0.02444751264721954,0.0191127278222011,-0.147503055676814,0.09469054545173959,1.4908514022827148,False,BASELINE
target_228,LME_ZS_Close - FX_GBPUSD,3,Ridge,0.023084575640850428,0.018428821014492277,0.004781787898233136,0.14127089457994788,0.008527040481567383,False,BASELINE
target_228,LME_ZS_Close - FX_GBPUSD,3,Lasso,0.023159141229807723,0.018388661548947683,-0.001657913202862904,0.0,0.006239652633666992,False,BASELINE
target_228,LME_ZS_Close - FX_GBPUSD,3,RandomForest,0.023628537693492404,0.018842591150921725,-0.042673208091739134,0.1778069275225889,0.3567216396331787,False,BASELINE
target_228,LME_ZS_Close - FX_GBPUSD,3,ElasticNet,0.02312560337989329,0.018358231280141076,0.0012410827737187047,0.23515664987126958,0.005863189697265625,False,BASELINE
target_228,LME_ZS_Close - FX_GBPUSD,3,XGBoost,0.025924147262968603,0.020851713524882597,-0.25511489519673725,0.14847954073719705,0.5173375606536865,False,BASELINE
target_228,LME_ZS_Close - FX_GBPUSD,3,LightGBM,0.02686812380655884,0.021601834840859868,-0.3481841147715785,0.15202097752811877,1.433685064315796,False,BASELINE
target_229,LME_CA_Close - FX_GBPJPY,3,Ridge,0.02182165172661029,0.01667160085299087,-0.13403983565464594,-0.09646062083812373,0.007931709289550781,False,BASELINE
target_229,LME_CA_Close - FX_GBPJPY,3,Lasso,0.02054366498259996,0.01571410911286781,-0.005099179309925539,0.15504157696690046,0.008142471313476562,False,BASELINE
target_229,LME_CA_Close - FX_GBPJPY,3,RandomForest,0.023111869672830018,0.017600331131681232,-0.27210579141706126,0.042872501588232415,0.35892534255981445,False,BASELINE
target_229,LME_CA_Close - FX_GBPJPY,3,ElasticNet,0.020571971265604335,0.015740353888561445,-0.007870858299067862,0.15504157696690046,0.005125999450683594,False,BASELINE
target_229,LME_CA_Close - FX_GBPJPY,3,XGBoost,0.021942659387377706,0.016887656584899415,-0.1466518957752354,0.08764856724717526,0.5479121208190918,False,BASELINE
target_229,LME_CA_Close - FX_GBPJPY,3,LightGBM,0.023496990525753277,0.01801450556039863,-0.3148540657119965,0.08975069252077562,1.4422266483306885,False,BASELINE
target_230,LME_AH_Close - US_Stock_ALB_adj_close,3,Ridge,0.05923392075173171,0.04582223716789725,-0.05090228007567443,-0.09228993223447797,0.007983922958374023,False,BASELINE
target_230,LME_AH_Close - US_Stock_ALB_adj_close,3,Lasso,0.05806655380447254,0.044859141316222914,-0.009888619205991489,0.0,0.004832744598388672,False,BASELINE
target_230,LME_AH_Close - US_Stock_ALB_adj_close,3,RandomForest,0.059764060973879526,0.04639435252185603,-0.06979749019140047,-0.08941730215429412,0.3867366313934326,False,BASELINE
target_230,LME_AH_Close - US_Stock_ALB_adj_close,3,ElasticNet,0.058096558951225986,0.0448916847397295,-0.010932582840331273,-0.061622673199372424,0.004662990570068359,False,BASELINE
target_230,LME_AH_Close - US_Stock_ALB_adj_close,3,XGBoost,0.06353995551572211,0.04969022201766542,-0.20924746947375428,-0.07785392527355407,0.5325655937194824,False,BASELINE
target_230,LME_AH_Close - US_Stock_ALB_adj_close,3,LightGBM,0.06229185948374657,0.04839785333006641,-0.1622082791480186,-0.03589211519543995,1.4121356010437012,False,BASELINE
target_231,LME_PB_Close - FX_USDJPY,3,Ridge,0.021725496317099774,0.017068922812432545,0.025766155123543966,0.14825397315308503,0.0076410770416259766,False,BASELINE
target_231,LME_PB_Close - FX_USDJPY,3,Lasso,0.022031108101463043,0.01762248166368932,-0.0018356514965096604,0.0,0.0051229000091552734,False,BASELINE
target_231,LME_PB_Close - FX_USDJPY,3,RandomForest,0.02599380353122933,0.021102571292247758,-0.39464432432659224,0.15011895667919248,0.3570542335510254,False,BASELINE
target_231,LME_PB_Close - FX_USDJPY,3,ElasticNet,0.02185080062743718,0.017453606344758545,0.01449573431423834,0.2594184111502918,0.00475764274597168,False,BASELINE
target_232,JPX_Gold_Standard_Futures_Close - US_Stock_SPYV_adj_close,3,Ridge,0.027129276890704015,0.021252991982073907,-0.5184623724330779,0.07499495173229935,0.006984710693359375,False,BASELINE
target_232,JPX_Gold_Standard_Futures_Close - US_Stock_SPYV_adj_close,3,Lasso,0.02227877572181629,0.017402980577285322,-0.024024249943415565,0.0,0.005894660949707031,False,BASELINE
target_232,JPX_Gold_Standard_Futures_Close - US_Stock_SPYV_adj_close,3,RandomForest,0.029713445800996642,0.02399709908969143,-0.821518707854346,0.0481456029979666,0.32094907760620117,False,BASELINE
target_232,JPX_Gold_Standard_Futures_Close - US_Stock_SPYV_adj_close,3,ElasticNet,0.022292442919587437,0.01741557373363608,-0.02528103667107673,0.0796788832136098,0.004903316497802734,False,BASELINE
target_232,JPX_Gold_Standard_Futures_Close - US_Stock_SPYV_adj_close,3,XGBoost,0.030318401499525856,0.024247090354482297,-0.896444764787067,-0.09656944772734032,0.5073192119598389,False,BASELINE
target_232,JPX_Gold_Standard_Futures_Close - US_Stock_SPYV_adj_close,3,LightGBM,0.028509887871579258,0.02269852175476803,-0.676944219234801,-0.09000239499211844,1.4444916248321533,False,BASELINE
target_233,US_Stock_EWJ_adj_close - LME_ZS_Close,3,Ridge,0.0272760714577529,0.02134335806122513,0.024967177398906304,0.12630829565608373,0.007942676544189453,False,BASELINE
target_233,US_Stock_EWJ_adj_close - LME_ZS_Close,3,Lasso,0.027633175980414513,0.02154412447921004,-0.0007306518178318289,0.0,0.00490880012512207,False,BASELINE
target_233,US_Stock_EWJ_adj_close - LME_ZS_Close,3,RandomForest,0.028164160121028247,0.022100813913802923,-0.03955915164603252,0.028875582406419464,0.35291218757629395,False,BASELINE
target_233,US_Stock_EWJ_adj_close - LME_ZS_Close,3,ElasticNet,0.027633175980414513,0.02154412447921004,-0.0007306518178318289,0.0,0.003125905990600586,False,BASELINE
target_233,US_Stock_EWJ_adj_close - LME_ZS_Close,3,XGBoost,0.029820704009090693,0.023315336188874897,-0.16544392052406964,0.10242204942826928,0.5513863563537598,False,BASELINE
target_233,US_Stock_EWJ_adj_close - LME_ZS_Close,3,LightGBM,0.029284838567389296,0.023143776389651413,-0.12393518009845605,0.06981859013932552,1.4488520622253418,False,BASELINE
target_234,LME_ZS_Close - FX_NOKGBP,3,Ridge,0.024396526948892758,0.01955898692506942,-0.015486645819427158,0.1610639999794237,0.007983684539794922,False,BASELINE
target_234,LME_ZS_Close - FX_NOKGBP,3,Lasso,0.024227256342690903,0.019529468749570712,-0.0014440142128933076,0.25550737274207364,0.006869077682495117,False,BASELINE
target_234,LME_ZS_Close - FX_NOKGBP,3,RandomForest,0.02492422260442071,0.019623212168782347,-0.05989159658962384,0.15694436942671883,0.41008782386779785,False,BASELINE
target_234,LME_ZS_Close - FX_NOKGBP,3,ElasticNet,0.024127111724078745,0.019430307452566808,0.0068179162417006944,0.25550737274207364,0.004946708679199219,False,BASELINE
target_234,LME_ZS_Close - FX_NOKGBP,3,XGBoost,0.027703851492289173,0.021904402637884218,-0.3094789064313901,-0.08053405761875734,0.5144243240356445,False,BASELINE
target_234,LME_ZS_Close - FX_NOKGBP,3,LightGBM,0.026744058771978385,0.020896926758257595,-0.22031750754181423,0.06235824864903792,1.5185186862945557,False,BASELINE
target_235,JPX_Platinum_Standard_Futures_Close - US_Stock_TRGP_adj_close,3,Ridge,0.08537965518221476,0.06882744777597254,-3.339724189727707,0.14985763102407046,0.008307218551635742,False,BASELINE
target_235,JPX_Platinum_Standard_Futures_Close - US_Stock_TRGP_adj_close,3,Lasso,0.040981648326677875,0.03202616422834733,0.0001561484376334521,0.04275021797558986,0.005677938461303711,False,BASELINE
target_235,JPX_Platinum_Standard_Futures_Close - US_Stock_TRGP_adj_close,3,RandomForest,0.06090330729723431,0.041697305601831006,-1.2081831436272297,-0.07712226826103222,0.3250923156738281,False,BASELINE
target_235,JPX_Platinum_Standard_Futures_Close - US_Stock_TRGP_adj_close,3,ElasticNet,0.04219703992461058,0.03299089470294593,-0.06002793248268867,0.0037134117993278364,0.009800195693969727,False,BASELINE
target_235,JPX_Platinum_Standard_Futures_Close - US_Stock_TRGP_adj_close,3,XGBoost,0.04613855321494703,0.03564198197368716,-0.26730538415379335,-0.1258494003910255,0.5536484718322754,False,BASELINE
target_235,JPX_Platinum_Standard_Futures_Close - US_Stock_TRGP_adj_close,3,LightGBM,0.05647040501820197,0.041519551995260966,-0.8984324167246645,-0.05662043131773092,1.4388315677642822,False,BASELINE
target_236,LME_PB_Close - FX_CHFJPY,3,Ridge,0.02023455304988041,0.015697323136023796,-0.02143016985818713,0.06268103920554942,0.007326364517211914,False,BASELINE
target_236,LME_PB_Close - FX_CHFJPY,3,Lasso,0.020023900598335552,0.01570516027437898,-0.0002736097284206096,0.0,0.005927562713623047,False,BASELINE
target_236,LME_PB_Close - FX_CHFJPY,3,RandomForest,0.020700364821311757,0.016115662420915916,-0.0689993681649479,0.0519427876243901,0.3595759868621826,False,BASELINE
target_236,LME_PB_Close - FX_CHFJPY,3,ElasticNet,0.019952807697343485,0.015636210209543186,0.006816528741414585,0.24330767855194727,0.011716842651367188,False,BASELINE
target_236,LME_PB_Close - FX_CHFJPY,3,XGBoost,0.02182695976051081,0.01742057883490809,-0.18852397048624892,0.07955796984030226,0.5350360870361328,False,BASELINE
target_236,LME_PB_Close - FX_CHFJPY,3,LightGBM,0.022120925886594856,0.017294997110106878,-0.22075370473891387,0.1517581154175572,1.4481291770935059,False,BASELINE
target_237,LME_ZS_Close - US_Stock_WPM_adj_close,3,Ridge,0.03943343082257534,0.030760151494125476,-0.16881040819741555,0.009449347145747614,0.008167028427124023,False,BASELINE
target_237,LME_ZS_Close - US_Stock_WPM_adj_close,3,Lasso,0.03661653410502449,0.028381684886511795,-0.007788531146793343,0.0,0.005033969879150391,False,BASELINE
target_237,LME_ZS_Close - US_Stock_WPM_adj_close,3,RandomForest,0.03845818744989322,0.02994762312050456,-0.11171269988267185,-0.006891041081583883,0.3534679412841797,False,BASELINE
target_237,LME_ZS_Close - US_Stock_WPM_adj_close,3,ElasticNet,0.03661653410502449,0.028381684886511795,-0.007788531146793343,0.0,0.004811286926269531,False,BASELINE
target_237,LME_ZS_Close - US_Stock_WPM_adj_close,3,XGBoost,0.03964452611956448,0.030792626044158413,-0.181357669463593,0.04279564597302463,0.5254602432250977,False,BASELINE
target_237,LME_ZS_Close - US_Stock_WPM_adj_close,3,LightGBM,0.03794387210216092,0.02914483397107829,-0.08217684854869978,0.06251211797885792,1.4211127758026123,False,BASELINE
target_238,US_Stock_ENB_adj_close - JPX_Gold_Standard_Futures_Close,3,Ridge,0.029124043631898484,0.0231095542725246,-0.4009043111322841,-0.03155010777464533,0.007498264312744141,False,BASELINE
target_238,US_Stock_ENB_adj_close - JPX_Gold_Standard_Futures_Close,3,Lasso,0.0246261672008781,0.01922746877488966,-0.001610280291374,-0.09257056348945734,0.008151054382324219,False,BASELINE
target_238,US_Stock_ENB_adj_close - JPX_Gold_Standard_Futures_Close,3,RandomForest,0.04429256548474336,0.03714264735685042,-2.240162546357823,0.007799377928190934,0.3197355270385742,False,BASELINE
target_238,US_Stock_ENB_adj_close - JPX_Gold_Standard_Futures_Close,3,ElasticNet,0.02468434912968715,0.019194356168111108,-0.006348691974112697,-0.09257056348945734,0.00799560546875,False,BASELINE
target_238,US_Stock_ENB_adj_close - JPX_Gold_Standard_Futures_Close,3,XGBoost,0.04058466212597542,0.03405627888032152,-1.7203763791824467,-0.009395256663322025,0.5401294231414795,False,BASELINE
target_238,US_Stock_ENB_adj_close - JPX_Gold_Standard_Futures_Close,3,LightGBM,0.030478666163967074,0.02486880186361,-0.5342532075907429,-0.03890218570424508,1.4118194580078125,False,BASELINE
target_239,FX_AUDUSD - JPX_Platinum_Standard_Futures_Close,3,Ridge,0.030846872281862323,0.022537348534347666,-0.23256387879802642,0.06371361325881347,0.007353544235229492,False,BASELINE
target_239,FX_AUDUSD - JPX_Platinum_Standard_Futures_Close,3,Lasso,0.027898557940674838,0.02036574269972729,-0.008209247359015848,0.0,0.005865573883056641,False,BASELINE
target_239,FX_AUDUSD - JPX_Platinum_Standard_Futures_Close,3,RandomForest,0.03186435837585773,0.023929304384067568,-0.3152173260597253,-0.04827159920250964,0.35715293884277344,False,BASELINE
target_239,FX_AUDUSD - JPX_Platinum_Standard_Futures_Close,3,ElasticNet,0.02801278354113996,0.02045428239118559,-0.01648200931225352,0.0722910942402593,0.005617856979370117,False,BASELINE
target_239,FX_AUDUSD - JPX_Platinum_Standard_Futures_Close,3,XGBoost,0.03228815491566878,0.023919228351291223,-0.35043480369103297,-0.06047044846324924,0.5714118480682373,False,BASELINE
target_239,FX_AUDUSD - JPX_Platinum_Standard_Futures_Close,3,LightGBM,0.035498225913707375,0.026177888368072815,-0.6323018150874027,-0.12391820052211971,1.4019248485565186,False,BASELINE
target_240,FX_NOKJPY - LME_PB_Close,3,Ridge,0.01972186807453346,0.015700574829482304,-0.09514506079441598,0.03223018696131914,0.007291316986083984,False,BASELINE
target_240,FX_NOKJPY - LME_PB_Close,3,Lasso,0.01884644647612037,0.014966224258824153,-7.944452759711673e-05,0.0,0.005625724792480469,False,BASELINE
target_240,FX_NOKJPY - LME_PB_Close,3,RandomForest,0.02003076515322614,0.015970518931530443,-0.12971950862457082,0.11760610292774892,0.3873434066772461,False,BASELINE
target_240,FX_NOKJPY - LME_PB_Close,3,ElasticNet,0.01883499700768115,0.014956601166620448,0.001135309661994155,0.13362474504690106,0.008310317993164062,False,BASELINE
target_240,FX_NOKJPY - LME_PB_Close,3,XGBoost,0.023090497879944986,0.01868464673142975,-0.5012124059453231,0.08974709166994602,0.5426850318908691,False,BASELINE
target_240,FX_NOKJPY - LME_PB_Close,3,LightGBM,0.02203030409687443,0.017817878201183277,-0.36652170485736457,0.06244621229073269,1.4185771942138672,False,BASELINE
target_241,LME_CA_Close - US_Stock_X_adj_close,3,Ridge,0.055542621905336216,0.037481686678868274,-0.011368562053284625,0.21243584020296818,0.005987405776977539,False,BASELINE
target_241,LME_CA_Close - US_Stock_X_adj_close,3,Lasso,0.055317200479914334,0.03803601571580914,-0.0031758806572481646,0.17939446732121458,0.0052754878997802734,False,BASELINE
target_241,LME_CA_Close - US_Stock_X_adj_close,3,RandomForest,0.062066999613525096,0.04456575821095415,-0.2629268575788537,-0.0635973863870675,0.3513913154602051,False,BASELINE
target_241,LME_CA_Close - US_Stock_X_adj_close,3,ElasticNet,0.05533720814801281,0.03802124785489559,-0.003901688892898436,0.17939446732121458,0.012392282485961914,False,BASELINE
target_241,LME_CA_Close - US_Stock_X_adj_close,3,XGBoost,0.060040962761623067,0.04361860002383487,-0.1818217843761496,-0.008209377426410754,0.5755250453948975,False,BASELINE
target_241,LME_CA_Close - US_Stock_X_adj_close,3,LightGBM,0.062440378343740395,0.04647858859136955,-0.2781674327570698,-0.01556492241934003,1.4495947360992432,False,BASELINE
target_242,LME_ZS_Close - FX_EURNZD,3,Ridge,0.027719578614816807,0.021912604415576957,-0.030853282560458828,0.14121791063202646,0.0076808929443359375,False,BASELINE
target_242,LME_ZS_Close - FX_EURNZD,3,Lasso,0.02724432941646267,0.021594983539930016,0.004191438494855371,0.26262368279590637,0.006619930267333984,False,BASELINE
target_242,LME_ZS_Close - FX_EURNZD,3,RandomForest,0.027521982572414845,0.021469730777397267,-0.016209010251619027,0.1177411348338593,0.3953819274902344,False,BASELINE
target_242,LME_ZS_Close - FX_EURNZD,3,ElasticNet,0.02713852320412193,0.021511240024296184,0.011911073424264229,0.26262368279590637,0.0057811737060546875,False,BASELINE
target_242,LME_ZS_Close - FX_EURNZD,3,XGBoost,0.02870862355003551,0.022372280543643968,-0.10572811218869838,0.14356669418745513,0.5525362491607666,False,BASELINE
target_242,LME_ZS_Close - FX_EURNZD,3,LightGBM,0.0296214899814074,0.022950520738242455,-0.17716518803422376,0.10309750332435694,1.4189214706420898,False,BASELINE
target_243,LME_PB_Close - US_Stock_VTV_adj_close,3,Ridge,0.022460752864352302,0.018043191882677025,-0.26359050700773,0.14818251133291224,0.006360769271850586,False,BASELINE
target_243,LME_PB_Close - US_Stock_VTV_adj_close,3,Lasso,0.019995891662344095,0.015587359417324219,-0.0014730943853282774,0.0,0.00519871711730957,False,BASELINE
target_243,LME_PB_Close - US_Stock_VTV_adj_close,3,RandomForest,0.02099928807204758,0.016634362057446433,-0.10450294577500507,0.09080276628923993,0.3318369388580322,False,BASELINE
target_243,LME_PB_Close - US_Stock_VTV_adj_close,3,ElasticNet,0.019973724546726725,0.015583270298733963,0.0007461079484578637,0.14421525933182985,0.004354000091552734,False,BASELINE
target_243,LME_PB_Close - US_Stock_VTV_adj_close,3,XGBoost,0.021019504527217403,0.016673538389319092,-0.10663062577773252,0.09904328928633876,0.5324974060058594,False,BASELINE
target_243,LME_PB_Close - US_Stock_VTV_adj_close,3,LightGBM,0.02275854796362017,0.0180254457786395,-0.2973191699451956,0.07931849081650494,1.461961030960083,False,BASELINE
target_244,US_Stock_DVN_adj_close - LME_PB_Close,3,Ridge,0.04064779464372996,0.029201924177800126,-0.09272843950114451,0.08008541762569689,0.00799250602722168,False,BASELINE
target_244,US_Stock_DVN_adj_close - LME_PB_Close,3,Lasso,0.03908053862081378,0.028541699959116366,-0.010088326324867003,0.017359340549949653,0.006437778472900391,False,BASELINE
target_244,US_Stock_DVN_adj_close - LME_PB_Close,3,RandomForest,0.04002092095708637,0.029470892007074208,-0.059284036091904024,-0.00038807269716769374,0.390639066696167,False,BASELINE
target_244,US_Stock_DVN_adj_close - LME_PB_Close,3,ElasticNet,0.039069662456374984,0.02855123058973097,-0.009526186782822688,0.017359340549949653,0.011311531066894531,False,BASELINE
target_244,US_Stock_DVN_adj_close - LME_PB_Close,3,XGBoost,0.04750838636262682,0.03605153849644784,-0.49272164416065944,0.0550866963326684,0.5499022006988525,False,BASELINE
target_244,US_Stock_DVN_adj_close - LME_PB_Close,3,LightGBM,0.04455167910659144,0.0336550476558212,-0.31270283805222276,0.02581084890679475,1.413733720779419,False,BASELINE
target_245,FX_GBPNZD - JPX_Platinum_Standard_Futures_Close,3,Ridge,0.0330630733020518,0.024565263664776134,-0.21451023452759,0.05574678950458919,0.007980108261108398,False,BASELINE
target_245,FX_GBPNZD - JPX_Platinum_Standard_Futures_Close,3,Lasso,0.030161576543161234,0.022250146253903633,-0.010701279839594902,0.15779864440310898,0.007503509521484375,False,BASELINE
target_245,FX_GBPNZD - JPX_Platinum_Standard_Futures_Close,3,RandomForest,0.03290942636569054,0.024626824222097603,-0.20324859599253564,-0.08759170929484007,0.3649780750274658,False,BASELINE
target_245,FX_GBPNZD - JPX_Platinum_Standard_Futures_Close,3,ElasticNet,0.03040457124526472,0.022533042624983228,-0.027052173569612092,0.15779864440310898,0.004651784896850586,False,BASELINE
target_245,FX_GBPNZD - JPX_Platinum_Standard_Futures_Close,3,XGBoost,0.034006080065992976,0.024961975452023204,-0.28477738967995836,-0.049789385410015936,0.539783239364624,False,BASELINE
target_245,FX_GBPNZD - JPX_Platinum_Standard_Futures_Close,3,LightGBM,0.03936177893354392,0.02979972040156401,-0.7213301463084636,-0.12180684927441338,1.5001707077026367,False,BASELINE
target_246,US_Stock_SCCO_adj_close - LME_AH_Close,3,Ridge,0.03662439000333214,0.027519129006666924,0.01976476201125743,0.18631236372849538,0.007790565490722656,False,BASELINE
target_246,US_Stock_SCCO_adj_close - LME_AH_Close,3,Lasso,0.03703851069503717,0.027725852725509193,-0.0025280707427877136,0.0,0.005565643310546875,False,BASELINE
target_246,US_Stock_SCCO_adj_close - LME_AH_Close,3,RandomForest,0.03833352239926176,0.028381187802485754,-0.07385826952527563,0.00848288257425719,0.3910050392150879,False,BASELINE
target_246,US_Stock_SCCO_adj_close - LME_AH_Close,3,ElasticNet,0.03701820243933835,0.027696861072451725,-0.001428997673729837,0.07190674836117344,0.006463289260864258,False,BASELINE
target_246,US_Stock_SCCO_adj_close - LME_AH_Close,3,XGBoost,0.04061862304183027,0.03062323439611631,-0.2057017863701276,-0.038423062877887645,0.5414891242980957,False,BASELINE
target_246,US_Stock_SCCO_adj_close - LME_AH_Close,3,LightGBM,0.03973767668364461,0.028895140100652403,-0.15396982969987505,0.037695984146412544,1.428487777709961,False,BASELINE
target_247,JPX_Platinum_Standard_Futures_Close - US_Stock_CVE_adj_close,3,Ridge,0.05280970837091009,0.03978327248719397,-0.6287401037176097,0.05475648565431028,0.0076100826263427734,False,BASELINE
target_247,JPX_Platinum_Standard_Futures_Close - US_Stock_CVE_adj_close,3,Lasso,0.04168120278613752,0.03179547358413618,-0.014623080048786985,0.018606192854783644,0.005746603012084961,False,BASELINE
target_247,JPX_Platinum_Standard_Futures_Close - US_Stock_CVE_adj_close,3,RandomForest,0.05911328523948205,0.03922690256065276,-1.040771796429767,-0.0007533267692808605,0.33248043060302734,False,BASELINE
target_247,JPX_Platinum_Standard_Futures_Close - US_Stock_CVE_adj_close,3,ElasticNet,0.041848881708290986,0.03170642500980818,-0.022802935814663527,0.04995280456707778,0.012433528900146484,False,BASELINE
target_247,JPX_Platinum_Standard_Futures_Close - US_Stock_CVE_adj_close,3,XGBoost,0.05380386584892138,0.03879230704967788,-0.6906402875002167,-0.08657818240447815,0.5497820377349854,False,BASELINE
target_247,JPX_Platinum_Standard_Futures_Close - US_Stock_CVE_adj_close,3,LightGBM,0.05903120892475269,0.041711892874586494,-1.035108678743371,-0.08105600368171335,1.474539041519165,False,BASELINE
target_248,LME_AH_Close - US_Stock_NEM_adj_close,3,Ridge,0.04616784560817779,0.03382374742405908,-0.0954231687283984,-0.06970261439074667,0.007504940032958984,False,BASELINE
target_248,LME_AH_Close - US_Stock_NEM_adj_close,3,Lasso,0.04436591714626011,0.03201690153539929,-0.011583255476758758,0.0,0.00500178337097168,False,BASELINE
target_248,LME_AH_Close - US_Stock_NEM_adj_close,3,RandomForest,0.05016386826753068,0.03808988863382193,-0.29325671388838304,0.060958340321615616,0.3390166759490967,False,BASELINE
target_248,LME_AH_Close - US_Stock_NEM_adj_close,3,ElasticNet,0.04436591714626011,0.03201690153539929,-0.011583255476758758,0.0,0.005055904388427734,False,BASELINE
target_248,LME_AH_Close - US_Stock_NEM_adj_close,3,XGBoost,0.056666751065266724,0.04413662574108125,-0.6502864403614868,-0.0688203065804045,0.5502207279205322,False,BASELINE
target_248,LME_AH_Close - US_Stock_NEM_adj_close,3,LightGBM,0.050443026347150165,0.038397506214796505,-0.30769051279701287,0.08768480289475468,1.4388549327850342,False,BASELINE
target_249,LME_ZS_Close - US_Stock_VALE_adj_close,3,Ridge,0.03336992065851554,0.026269436305132888,-0.29894755939469997,0.19356114538838792,0.007837057113647461,False,BASELINE
target_249,LME_ZS_Close - US_Stock_VALE_adj_close,3,Lasso,0.02953030352666497,0.023160085555254676,-0.017225156321659885,0.0,0.006074190139770508,False,BASELINE
target_249,LME_ZS_Close - US_Stock_VALE_adj_close,3,RandomForest,0.029979397665777268,0.02342687857511072,-0.048400153805500556,0.12070071952543913,0.35697269439697266,False,BASELINE
target_249,LME_ZS_Close - US_Stock_VALE_adj_close,3,ElasticNet,0.02952202513271644,0.02315323967886476,-0.01665490751136489,0.04491324419258873,0.003629446029663086,False,BASELINE
target_249,LME_ZS_Close - US_Stock_VALE_adj_close,3,XGBoost,0.03627646971144662,0.028154037528262926,-0.5350810242490454,0.0362775115291789,0.5413539409637451,False,BASELINE
target_249,LME_ZS_Close - US_Stock_VALE_adj_close,3,LightGBM,0.03556347320393772,0.027967798613581576,-0.4753314725335629,0.07105001469026148,1.493713617324829,False,BASELINE
target_250,US_Stock_VXUS_adj_close - LME_CA_Close,3,Ridge,0.019765720543388193,0.01529629352606532,-0.3430095074360915,0.03343342932556831,0.0077419281005859375,False,BASELINE
target_250,US_Stock_VXUS_adj_close - LME_CA_Close,3,Lasso,0.017071329027294517,0.013191293462598392,-0.001817125055285418,0.0,0.00537872314453125,False,BASELINE
target_250,US_Stock_VXUS_adj_close - LME_CA_Close,3,RandomForest,0.017470068257096995,0.013754262934222656,-0.049163055201903116,0.1697019601685752,0.3888692855834961,False,BASELINE
target_250,US_Stock_VXUS_adj_close - LME_CA_Close,3,ElasticNet,0.017059229336702595,0.013182902040996859,-0.0003975072309181371,0.14220619179652974,0.008498430252075195,False,BASELINE
target_250,US_Stock_VXUS_adj_close - LME_CA_Close,3,XGBoost,0.018157402163078856,0.014305944706082563,-0.133342593945611,0.11145864185856191,0.5622298717498779,False,BASELINE
target_250,US_Stock_VXUS_adj_close - LME_CA_Close,3,LightGBM,0.019350364483898378,0.015020680859686875,-0.28715866636977694,0.07556593191569336,1.4414591789245605,False,BASELINE
target_251,LME_CA_Close - FX_EURUSD,3,Ridge,0.02011550789068519,0.014796433107269885,-0.040019555676816365,-0.05520181482881812,0.007615327835083008,False,BASELINE
target_251,LME_CA_Close - FX_EURUSD,3,Lasso,0.019716607145306986,0.014272825280322192,0.0008196903913740838,0.26013446605812285,0.008371114730834961,False,BASELINE
target_251,LME_CA_Close - FX_EURUSD,3,RandomForest,0.02088696018953211,0.015695576655461518,-0.12132105924078429,-0.01095198779825976,0.39867496490478516,False,BASELINE
target_251,LME_CA_Close - FX_EURUSD,3,ElasticNet,0.01969525099119594,0.01429791235718912,0.0029830536902201166,0.24533419753753244,0.00827336311340332,False,BASELINE
target_251,LME_CA_Close - FX_EURUSD,3,XGBoost,0.022239188971312426,0.016838393021234903,-0.2712102644792429,0.033623201825116966,0.5703308582305908,False,BASELINE
target_251,LME_CA_Close - FX_EURUSD,3,LightGBM,0.022002196737428092,0.01662760537838767,-0.24426128420155746,0.02797295246619701,1.4800224304199219,False,BASELINE
target_252,JPX_Gold_Standard_Futures_Close - US_Stock_COP_adj_close,3,Ridge,0.04239696653650932,0.03306536986069598,-0.41154047331598376,0.09658627528634242,0.006608247756958008,False,BASELINE
target_252,JPX_Gold_Standard_Futures_Close - US_Stock_COP_adj_close,3,Lasso,0.036426970740215725,0.02752565316729327,-0.042005185873793316,0.04220234396156742,0.005382061004638672,False,BASELINE
target_252,JPX_Gold_Standard_Futures_Close - US_Stock_COP_adj_close,3,RandomForest,0.03920294822325236,0.03031237031016183,-0.2068720360497378,-0.008146495249932297,0.3617122173309326,False,BASELINE
target_252,JPX_Gold_Standard_Futures_Close - US_Stock_COP_adj_close,3,ElasticNet,0.03673735186197753,0.027814330226889592,-0.05983793997175768,0.04220234396156742,0.004762887954711914,False,BASELINE
target_252,JPX_Gold_Standard_Futures_Close - US_Stock_COP_adj_close,3,XGBoost,0.038551721318551765,0.029376640851528184,-0.16710872127507503,0.0028978621955972838,0.552760124206543,False,BASELINE
target_252,JPX_Gold_Standard_Futures_Close - US_Stock_COP_adj_close,3,LightGBM,0.04194678328482899,0.03283391751273871,-0.3817233318610669,-0.03890962113729253,1.6165037155151367,False,BASELINE
target_253,LME_AH_Close - US_Stock_XLB_adj_close,3,Ridge,0.023343371619338433,0.01830818704225869,-0.02009813177322428,0.06080013750560549,0.007317543029785156,False,BASELINE
target_253,LME_AH_Close - US_Stock_XLB_adj_close,3,Lasso,0.0231468084586232,0.017985809806751095,-0.00299096301214008,0.0,0.00464940071105957,False,BASELINE
target_253,LME_AH_Close - US_Stock_XLB_adj_close,3,RandomForest,0.023133860887901272,0.018264096455536425,-0.0018691958886385418,-0.009810953582342187,0.35685276985168457,False,BASELINE
target_253,LME_AH_Close - US_Stock_XLB_adj_close,3,ElasticNet,0.0231468084586232,0.017985809806751095,-0.00299096301214008,0.0,0.0062749385833740234,False,BASELINE
target_253,LME_AH_Close - US_Stock_XLB_adj_close,3,XGBoost,0.025572982222818286,0.019775789168231202,-0.2242709311257869,-0.0398364801419781,0.5892031192779541,False,BASELINE
target_253,LME_AH_Close - US_Stock_XLB_adj_close,3,LightGBM,0.026528310563225608,0.020602654031627907,-0.31744948060326617,-0.1670145939124032,1.4902405738830566,False,BASELINE
target_254,FX_CADCHF - JPX_Platinum_Standard_Futures_Close,3,Ridge,0.031091234364575667,0.023038452294313196,-0.25807218148274225,0.0578596945874793,0.00744318962097168,False,BASELINE
target_254,FX_CADCHF - JPX_Platinum_Standard_Futures_Close,3,Lasso,0.027932606025919633,0.02081585311757114,-0.01543596717888751,0.12702493858854896,0.03826427459716797,False,BASELINE
target_254,FX_CADCHF - JPX_Platinum_Standard_Futures_Close,3,RandomForest,0.032708002250078645,0.024856736211364548,-0.3923155331361512,-0.00685070394172248,0.3864707946777344,False,BASELINE
target_254,FX_CADCHF - JPX_Platinum_Standard_Futures_Close,3,ElasticNet,0.02820891250886216,0.020947810615361957,-0.0356245047596937,0.12702493858854896,0.005501508712768555,False,BASELINE
target_254,FX_CADCHF - JPX_Platinum_Standard_Futures_Close,3,XGBoost,0.03409113083420228,0.02563558264918988,-0.5125594219412075,-0.011630611734035005,0.5953183174133301,False,BASELINE
target_254,FX_CADCHF - JPX_Platinum_Standard_Futures_Close,3,LightGBM,0.040323225768588884,0.03116193410905787,-1.1161193830848548,-0.13937326679396722,1.5235633850097656,False,BASELINE
target_255,US_Stock_NUE_adj_close - LME_CA_Close,3,Ridge,0.046569720093545874,0.03681679547879959,-0.4146224888659915,0.2163310506927023,0.006494998931884766,False,BASELINE
target_255,US_Stock_NUE_adj_close - LME_CA_Close,3,Lasso,0.04015379925828507,0.03067851722398774,-0.05168720364490387,0.10414860121352264,0.006436824798583984,False,BASELINE
target_255,US_Stock_NUE_adj_close - LME_CA_Close,3,RandomForest,0.040718924219395686,0.03066387969090125,-0.08149843133537926,0.0031798171270606508,0.38025450706481934,False,BASELINE
target_255,US_Stock_NUE_adj_close - LME_CA_Close,3,ElasticNet,0.04024122636877237,0.030762897773112353,-0.05627187918315579,0.10414860121352264,0.014640569686889648,False,BASELINE
target_255,US_Stock_NUE_adj_close - LME_CA_Close,3,XGBoost,0.04248041810785277,0.03297664361116487,-0.1770932462658814,0.015640370503858123,0.6108899116516113,False,BASELINE
target_255,US_Stock_NUE_adj_close - LME_CA_Close,3,LightGBM,0.041752741303340904,0.0313209710711953,-0.13711212913796178,0.07751610873410389,1.5171160697937012,False,BASELINE
target_256,US_Stock_ACWI_adj_close - JPX_Platinum_Standard_Futures_Close,3,Ridge,0.0299113242720778,0.023523553735936464,-0.12892956230489316,0.09730868630768917,0.005456447601318359,False,BASELINE
target_256,US_Stock_ACWI_adj_close - JPX_Platinum_Standard_Futures_Close,3,Lasso,0.02824448044671655,0.021579990819868437,-0.0066134853063049,0.0,0.00451207160949707,False,BASELINE
target_256,US_Stock_ACWI_adj_close - JPX_Platinum_Standard_Futures_Close,3,RandomForest,0.03284221343480391,0.02481706719125187,-0.3610071344997896,-0.05497798329140792,0.3689553737640381,False,BASELINE
target_256,US_Stock_ACWI_adj_close - JPX_Platinum_Standard_Futures_Close,3,ElasticNet,0.02830133830177111,0.021624580038557006,-0.010670312720356234,0.0790233910896901,0.0051174163818359375,False,BASELINE
target_256,US_Stock_ACWI_adj_close - JPX_Platinum_Standard_Futures_Close,3,XGBoost,0.04137314989441699,0.03311852371825502,-1.1598954857426258,-0.06846038009933739,0.5886449813842773,False,BASELINE
target_256,US_Stock_ACWI_adj_close - JPX_Platinum_Standard_Futures_Close,3,LightGBM,0.0356693746008797,0.027377135310667763,-0.6054121784055988,-0.11212672169408906,1.5227370262145996,False,BASELINE
target_257,LME_CA_Close - US_Stock_CCJ_adj_close,3,Ridge,0.04889087645224698,0.03803535315507963,-0.09755106475483633,0.068894947382695,0.007255077362060547,False,BASELINE
target_257,LME_CA_Close - US_Stock_CCJ_adj_close,3,Lasso,0.04667060504222799,0.03622926833179225,-0.0001288428097472316,0.07170393948801762,0.005999088287353516,False,BASELINE
target_257,LME_CA_Close - US_Stock_CCJ_adj_close,3,RandomForest,0.04748515329687089,0.03658800785314724,-0.03534425635509941,0.08937001973371966,0.3620765209197998,False,BASELINE
target_257,LME_CA_Close - US_Stock_CCJ_adj_close,3,ElasticNet,0.046679420139150905,0.0362453081431612,-0.0005066851487256496,0.07170393948801762,0.004954099655151367,False,BASELINE
target_257,LME_CA_Close - US_Stock_CCJ_adj_close,3,XGBoost,0.053887991575380254,0.042665825007032095,-0.3333773851838908,-0.0012468879840798006,0.5375325679779053,False,BASELINE
target_257,LME_CA_Close - US_Stock_CCJ_adj_close,3,LightGBM,0.050862643855505416,0.03950171016701616,-0.18786463342100923,0.00029856320916196515,1.4260025024414062,False,BASELINE
target_258,US_Stock_EEM_adj_close - LME_PB_Close,3,Ridge,0.02226697154887745,0.01782392434780696,-0.3756923140756865,0.08164395326236806,0.008444547653198242,False,BASELINE
target_258,US_Stock_EEM_adj_close - LME_PB_Close,3,Lasso,0.019163244041114035,0.014865053564947574,-0.018912905676776504,0.0,0.006177425384521484,False,BASELINE
target_258,US_Stock_EEM_adj_close - LME_PB_Close,3,RandomForest,0.02030787222742493,0.01557814396864833,-0.14426824803366034,0.01841754362175015,0.3547370433807373,False,BASELINE
target_258,US_Stock_EEM_adj_close - LME_PB_Close,3,ElasticNet,0.019163244041114035,0.014865053564947574,-0.018912905676776504,0.0,0.0043370723724365234,False,BASELINE
target_258,US_Stock_EEM_adj_close - LME_PB_Close,3,XGBoost,0.022667753734705844,0.017942773903118495,-0.4256600305838867,-0.04428162242340545,0.5385081768035889,False,BASELINE
target_258,US_Stock_EEM_adj_close - LME_PB_Close,3,LightGBM,0.022194463292009994,0.01723840700667122,-0.36674752835738267,0.016964873027371465,1.4531328678131104,False,BASELINE
target_259,LME_CA_Close - US_Stock_EWT_adj_close,3,Ridge,0.025074380845625195,0.01880709667723062,-0.07203837834420534,0.14775786166888505,0.007361888885498047,False,BASELINE
target_259,LME_CA_Close - US_Stock_EWT_adj_close,3,Lasso,0.024229000599365155,0.018441851564642182,-0.0009696247211097297,0.0,0.00614166259765625,False,BASELINE
target_259,LME_CA_Close - US_Stock_EWT_adj_close,3,RandomForest,0.025627327559433675,0.019654696887177293,-0.11984144649444461,0.0083895072279655,0.34096479415893555,False,BASELINE
target_259,LME_CA_Close - US_Stock_EWT_adj_close,3,ElasticNet,0.024229000599365155,0.018441851564642182,-0.0009696247211097297,0.0,0.004029035568237305,False,BASELINE
target_259,LME_CA_Close - US_Stock_EWT_adj_close,3,XGBoost,0.02741525756037326,0.02057152571430809,-0.28154705799990465,-0.03621179193831755,0.5722439289093018,False,BASELINE
target_259,LME_CA_Close - US_Stock_EWT_adj_close,3,LightGBM,0.026026200008535238,0.02023003027125707,-0.15497191350363693,0.042332040352423536,1.4970762729644775,False,BASELINE
target_260,JPX_Platinum_Standard_Futures_Close - FX_NZDCHF,3,Ridge,0.030003381374803295,0.021787538215301227,-0.255094990971636,0.03778414401317404,0.007881641387939453,False,BASELINE
target_260,JPX_Platinum_Standard_Futures_Close - FX_NZDCHF,3,Lasso,0.026971844459159514,0.019899042048705084,-0.01427911875571275,0.0,0.006416797637939453,False,BASELINE
target_260,JPX_Platinum_Standard_Futures_Close - FX_NZDCHF,3,RandomForest,0.031765721128189935,0.024609257411064633,-0.40686890025126554,-0.11457996183470023,0.34554362297058105,False,BASELINE
target_260,JPX_Platinum_Standard_Futures_Close - FX_NZDCHF,3,ElasticNet,0.027231838265390596,0.020076527922243688,-0.033927554824181305,0.08110817660704239,0.004479646682739258,False,BASELINE
target_260,JPX_Platinum_Standard_Futures_Close - FX_NZDCHF,3,XGBoost,0.03287573647073575,0.024790506749470823,-0.5069095062844482,-0.028179267208219665,0.5405185222625732,False,BASELINE
target_260,JPX_Platinum_Standard_Futures_Close - FX_NZDCHF,3,LightGBM,0.03768912205019838,0.028552675494113198,-0.9804698414140696,-0.13969708604626485,1.4198720455169678,False,BASELINE
target_261,JPX_Platinum_Standard_Futures_Close - US_Stock_FCX_adj_close,3,Ridge,0.04804373574116338,0.03673164538074036,-0.17758674136112962,0.047459977803275655,0.007354259490966797,False,BASELINE
target_261,JPX_Platinum_Standard_Futures_Close - US_Stock_FCX_adj_close,3,Lasso,0.044710197569854455,0.03373681735027807,-0.01984118434512583,0.0,0.004675149917602539,False,BASELINE
target_261,JPX_Platinum_Standard_Futures_Close - US_Stock_FCX_adj_close,3,RandomForest,0.04467321759935602,0.03415023734273807,-0.018154853154937145,0.09443626111988579,0.3250100612640381,False,BASELINE
target_261,JPX_Platinum_Standard_Futures_Close - US_Stock_FCX_adj_close,3,ElasticNet,0.04443719158020929,0.03349517633869461,-0.007424656347432723,0.12759594448001274,0.003856182098388672,False,BASELINE
target_261,JPX_Platinum_Standard_Futures_Close - US_Stock_FCX_adj_close,3,XGBoost,0.04699870598913062,0.0355270603770886,-0.12691502577343017,0.03234569911072221,0.5684947967529297,False,BASELINE
target_261,JPX_Platinum_Standard_Futures_Close - US_Stock_FCX_adj_close,3,LightGBM,0.046930098259380576,0.035790665009694585,-0.12362733312561636,0.04176482742751235,1.4433434009552002,False,BASELINE
target_262,US_Stock_JNK_adj_close - JPX_Platinum_Standard_Futures_Close,3,Ridge,0.02959753817281687,0.02248406665638924,-0.11284793446523378,0.03537152902245187,0.007645606994628906,False,BASELINE
target_262,US_Stock_JNK_adj_close - JPX_Platinum_Standard_Futures_Close,3,Lasso,0.02816281269799121,0.021068714056268974,-0.007573412572965621,0.0,0.006162166595458984,False,BASELINE
target_262,US_Stock_JNK_adj_close - JPX_Platinum_Standard_Futures_Close,3,RandomForest,0.02998290826821075,0.022305297936790317,-0.14201591818706705,0.003750980303146519,0.3692638874053955,False,BASELINE
target_262,US_Stock_JNK_adj_close - JPX_Platinum_Standard_Futures_Close,3,ElasticNet,0.028262068812201842,0.02115707178409276,-0.01468804668062007,0.13440954052154472,0.007923126220703125,False,BASELINE
target_262,US_Stock_JNK_adj_close - JPX_Platinum_Standard_Futures_Close,3,XGBoost,0.03205431430915664,0.02431499340886102,-0.3052617983931605,-0.04396610694813824,0.547494649887085,False,BASELINE
target_262,US_Stock_JNK_adj_close - JPX_Platinum_Standard_Futures_Close,3,LightGBM,0.03408566999305454,0.025759863097339523,-0.4759386827926637,-0.1682035837221934,1.4350941181182861,False,BASELINE
target_263,LME_CA_Close - US_Stock_OKE_adj_close,3,Ridge,0.038395408872847266,0.02903356914390353,-0.40334514463608806,0.1035065713643387,0.006818532943725586,False,BASELINE
target_263,LME_CA_Close - US_Stock_OKE_adj_close,3,Lasso,0.03253024131632714,0.024042080834264158,-0.007350190375460031,0.09709578883135697,0.005426645278930664,False,BASELINE
target_263,LME_CA_Close - US_Stock_OKE_adj_close,3,RandomForest,0.0329397055981462,0.024202467341740603,-0.032869205849513916,0.007177709342173659,0.37294626235961914,False,BASELINE
target_263,LME_CA_Close - US_Stock_OKE_adj_close,3,ElasticNet,0.03256796554528222,0.024063715562163062,-0.009687925493209626,0.09709578883135697,0.008791446685791016,False,BASELINE
target_263,LME_CA_Close - US_Stock_OKE_adj_close,3,XGBoost,0.035588533632323956,0.027077377819441317,-0.20566343741536075,-0.1699901152977365,0.5763416290283203,False,BASELINE
target_263,LME_CA_Close - US_Stock_OKE_adj_close,3,LightGBM,0.03534923619624161,0.026308250856197875,-0.18950417702784206,-0.06417354492067852,1.4336202144622803,False,BASELINE
target_264,US_Stock_RSP_adj_close - LME_CA_Close,3,Ridge,0.024488290575272447,0.01866133552277189,-0.2972490465596447,0.11624041118458223,0.007341623306274414,False,BASELINE
target_264,US_Stock_RSP_adj_close - LME_CA_Close,3,Lasso,0.021502022655001632,0.01656851763589071,-0.0001497956845555315,0.0,0.005828857421875,False,BASELINE
target_264,US_Stock_RSP_adj_close - LME_CA_Close,3,RandomForest,0.02223625657101569,0.01693086250381446,-0.06962063644397509,-0.056470970972756995,0.3697395324707031,False,BASELINE
target_264,US_Stock_RSP_adj_close - LME_CA_Close,3,ElasticNet,0.021492069871485664,0.016572839429714617,0.0007758819374275028,0.18338055627916489,0.006447315216064453,False,BASELINE
target_264,US_Stock_RSP_adj_close - LME_CA_Close,3,XGBoost,0.02468876778027416,0.018965828623184924,-0.318576252668221,-0.0698108584227536,0.5492424964904785,False,BASELINE
target_264,US_Stock_RSP_adj_close - LME_CA_Close,3,LightGBM,0.024565394004174707,0.018399490518367503,-0.30543090095935455,-0.09124733999212553,1.4369006156921387,False,BASELINE
target_265,FX_CADUSD - LME_CA_Close,3,Ridge,0.020150140378046785,0.014721731288118385,-0.05498377252623854,-0.04576501361893224,0.007934331893920898,False,BASELINE
target_265,FX_CADUSD - LME_CA_Close,3,Lasso,0.01963416844355583,0.014312900536157164,-0.0016469027540020331,0.22602926462909947,0.006487846374511719,False,BASELINE
target_265,FX_CADUSD - LME_CA_Close,3,RandomForest,0.021048534988932388,0.016026087314446415,-0.15115386157400823,0.08696672042222547,0.41826939582824707,False,BASELINE
target_265,FX_CADUSD - LME_CA_Close,3,ElasticNet,0.019641800358083245,0.01437005985083322,-0.0024257459525691694,0.22602926462909947,0.007555961608886719,False,BASELINE
target_265,FX_CADUSD - LME_CA_Close,3,XGBoost,0.02228066379181491,0.01720720717887815,-0.2898698100590018,0.054255819875153356,0.5490930080413818,False,BASELINE
target_265,FX_CADUSD - LME_CA_Close,3,LightGBM,0.02230695979398655,0.0171920075699224,-0.29291625743408223,0.07275621982679907,1.435192584991455,False,BASELINE
target_266,US_Stock_TECK_adj_close - LME_PB_Close,3,Ridge,0.0397431987136316,0.029253936663036707,-0.0014573215678927998,0.15804015258840026,0.007561206817626953,False,BASELINE
target_266,US_Stock_TECK_adj_close - LME_PB_Close,3,Lasso,0.03979429146997841,0.029401800015517635,-0.004033868305825639,0.0,0.006006479263305664,False,BASELINE
target_266,US_Stock_TECK_adj_close - LME_PB_Close,3,RandomForest,0.043907522155646035,0.03335079411581944,-0.22231929647295323,-0.06131102554678104,0.36337924003601074,False,BASELINE
target_266,US_Stock_TECK_adj_close - LME_PB_Close,3,ElasticNet,0.03979429146997841,0.029401800015517635,-0.004033868305825639,0.0,0.007887601852416992,False,BASELINE
target_266,US_Stock_TECK_adj_close - LME_PB_Close,3,XGBoost,0.05575139652936469,0.04470951679835249,-0.9706899909351192,0.03483881749937254,0.573279857635498,False,BASELINE
target_266,US_Stock_TECK_adj_close - LME_PB_Close,3,LightGBM,0.046317718697790514,0.03636919843481452,-0.3601948657896763,0.009004773442862019,1.5138962268829346,False,BASELINE
target_267,LME_AH_Close - US_Stock_CLF_adj_close,3,Ridge,0.07344598417990371,0.05611831426466042,-0.3790509026448312,0.14555759355674425,0.008007287979125977,False,BASELINE
target_267,LME_AH_Close - US_Stock_CLF_adj_close,3,Lasso,0.06327576227180697,0.04721971173776862,-0.023573323644799915,0.0,0.006365060806274414,False,BASELINE
target_267,LME_AH_Close - US_Stock_CLF_adj_close,3,RandomForest,0.06380967285865735,0.04716068580437666,-0.040919689426823336,0.07296748040009848,0.3688845634460449,False,BASELINE
target_267,LME_AH_Close - US_Stock_CLF_adj_close,3,ElasticNet,0.06327576227180697,0.04721971173776862,-0.023573323644799915,0.0,0.004595518112182617,False,BASELINE
target_267,LME_AH_Close - US_Stock_CLF_adj_close,3,XGBoost,0.06509242923458022,0.04853582657586079,-0.08319125853937992,0.12435306348453001,0.5612030029296875,False,BASELINE
target_267,LME_AH_Close - US_Stock_CLF_adj_close,3,LightGBM,0.06611572655113444,0.04935862745353706,-0.11751596673261178,0.10751130317488071,1.5078694820404053,False,BASELINE
target_268,LME_PB_Close - FX_NOKEUR,3,Ridge,0.017869845361986495,0.014020214250689302,0.022934933903022148,0.18310609392562183,0.007604837417602539,False,BASELINE
target_268,LME_PB_Close - FX_NOKEUR,3,Lasso,0.018081523774882285,0.014209840513129067,-0.00034994062800919323,0.0,0.005984783172607422,False,BASELINE
target_268,LME_PB_Close - FX_NOKEUR,3,RandomForest,0.018381553569042704,0.014751520330787183,-0.03382332310196445,0.12705010583929402,0.3589015007019043,False,BASELINE
target_268,LME_PB_Close - FX_NOKEUR,3,ElasticNet,0.018055989261803265,0.014190550507031774,0.0024734290042178753,0.1601185194330203,0.005238056182861328,False,BASELINE
target_268,LME_PB_Close - FX_NOKEUR,3,XGBoost,0.02079284793306683,0.016930737660428224,-0.3228477165122836,0.037261604384807495,0.5684459209442139,False,BASELINE
target_268,LME_PB_Close - FX_NOKEUR,3,LightGBM,0.020221435962824497,0.01625954153392755,-0.2511399221481947,0.08296283150332949,1.6146626472473145,False,BASELINE
target_269,JPX_Platinum_Standard_Futures_Close - US_Stock_EOG_adj_close,3,Ridge,0.0430253162994887,0.033057519743249476,-0.3878266127231833,0.09743430599233288,0.008645772933959961,False,BASELINE
target_269,JPX_Platinum_Standard_Futures_Close - US_Stock_EOG_adj_close,3,Lasso,0.0367435438026337,0.029576286512967394,-0.012159949324547004,0.06389424153104176,0.008954763412475586,False,BASELINE
target_269,JPX_Platinum_Standard_Futures_Close - US_Stock_EOG_adj_close,3,RandomForest,0.03994123392880414,0.031394806456073704,-0.19599681495292742,0.04881440063365543,0.3806629180908203,False,BASELINE
target_269,JPX_Platinum_Standard_Futures_Close - US_Stock_EOG_adj_close,3,ElasticNet,0.03698174356732643,0.02961710809243443,-0.025325677065980434,0.0737293627599075,0.005799293518066406,False,BASELINE
target_269,JPX_Platinum_Standard_Futures_Close - US_Stock_EOG_adj_close,3,XGBoost,0.0383832395038962,0.03060260034040065,-0.10451169731181875,0.09522363434575233,0.601963996887207,False,BASELINE
target_269,JPX_Platinum_Standard_Futures_Close - US_Stock_EOG_adj_close,3,LightGBM,0.04699195226596997,0.03597173729974544,-0.6555185212126393,0.04546102032925663,1.6500990390777588,False,BASELINE
target_270,JPX_Gold_Standard_Futures_Close - US_Stock_TIP_adj_close,3,Ridge,0.024160185431437574,0.01894440866476724,-0.5954864826778006,0.01763762986570825,0.008179664611816406,False,BASELINE
target_270,JPX_Gold_Standard_Futures_Close - US_Stock_TIP_adj_close,3,Lasso,0.01929537313870329,0.015024133911652563,-0.017651238906854605,0.0,0.006150722503662109,False,BASELINE
target_270,JPX_Gold_Standard_Futures_Close - US_Stock_TIP_adj_close,3,RandomForest,0.026241900630407593,0.021514925607452873,-0.8822754415420722,0.07684011314381065,0.39005589485168457,False,BASELINE
target_270,JPX_Gold_Standard_Futures_Close - US_Stock_TIP_adj_close,3,ElasticNet,0.01929537313870329,0.015024133911652563,-0.017651238906854605,0.0,0.006356000900268555,False,BASELINE
target_270,JPX_Gold_Standard_Futures_Close - US_Stock_TIP_adj_close,3,XGBoost,0.024414684417843596,0.01940725124852696,-0.629276647121942,-0.02054292749435298,0.5665037631988525,False,BASELINE
target_270,JPX_Gold_Standard_Futures_Close - US_Stock_TIP_adj_close,3,LightGBM,0.023631056221972147,0.019007362155660356,-0.5263666539760812,0.04801959197474144,1.6197638511657715,False,BASELINE
target_271,US_Stock_RY_adj_close - LME_CA_Close,3,Ridge,0.02975825911818461,0.023750610356479677,-0.5677189774267264,0.07342246218298475,0.00759577751159668,False,BASELINE
target_271,US_Stock_RY_adj_close - LME_CA_Close,3,Lasso,0.023738788608153347,0.018090735555632585,0.0023682099880526497,0.20593278402460824,0.006607532501220703,False,BASELINE
target_271,US_Stock_RY_adj_close - LME_CA_Close,3,RandomForest,0.02393910683094533,0.018270078642501818,-0.014539730434157683,0.05806875993971639,0.36007118225097656,False,BASELINE
target_271,US_Stock_RY_adj_close - LME_CA_Close,3,ElasticNet,0.023712774678845926,0.018095262398617216,0.004553502884274585,0.20593278402460824,0.006084442138671875,False,BASELINE
target_271,US_Stock_RY_adj_close - LME_CA_Close,3,XGBoost,0.02643416396035975,0.02032278888491291,-0.23704167895441652,-0.008302971477102817,0.5553960800170898,False,BASELINE
target_271,US_Stock_RY_adj_close - LME_CA_Close,3,LightGBM,0.025591941517045406,0.019537872196368343,-0.15947033769154073,0.06398738897552375,1.5561890602111816,False,BASELINE
target_272,LME_PB_Close - US_Stock_STLD_adj_close,3,Ridge,0.03837067751773128,0.0296670773012128,-0.10412701625008158,-0.02473078757643991,0.007351875305175781,False,BASELINE
target_272,LME_PB_Close - US_Stock_STLD_adj_close,3,Lasso,0.03660801138847895,0.028594233298660354,-0.0050146140116495985,0.0,0.0051898956298828125,False,BASELINE
target_272,LME_PB_Close - US_Stock_STLD_adj_close,3,RandomForest,0.08015201393311863,0.06769892420900137,-3.817802352345603,0.11067863060594056,0.3814353942871094,False,BASELINE
target_272,LME_PB_Close - US_Stock_STLD_adj_close,3,ElasticNet,0.036603245436990256,0.02858061505306597,-0.004752947839586019,-0.019869620945876028,0.009697675704956055,False,BASELINE
target_272,LME_PB_Close - US_Stock_STLD_adj_close,3,XGBoost,0.08624043355863785,0.07082073007213353,-4.577530624360454,0.08474764271856669,0.5585427284240723,False,BASELINE
target_272,LME_PB_Close - US_Stock_STLD_adj_close,3,LightGBM,0.04709218243132509,0.03739766033292795,-0.6630975994875468,-0.03232571223978313,1.6131720542907715,False,BASELINE
target_273,LME_ZS_Close - US_Stock_IAU_adj_close,3,Ridge,0.02711831691689761,0.02168253184783612,-0.15203084183744653,0.050657314858099205,0.007205963134765625,False,BASELINE
target_273,LME_ZS_Close - US_Stock_IAU_adj_close,3,Lasso,0.025347638711866856,0.020074678723047305,-0.006499721805081071,0.0,0.005364179611206055,False,BASELINE
target_273,LME_ZS_Close - US_Stock_IAU_adj_close,3,RandomForest,0.02620081926712017,0.020384522322135692,-0.07539592194188183,-0.0327503619038103,0.4591207504272461,False,BASELINE
target_273,LME_ZS_Close - US_Stock_IAU_adj_close,3,ElasticNet,0.02533550138369307,0.020065080195702484,-0.005536058657203968,0.16206689005380084,0.008734941482543945,False,BASELINE
target_273,LME_ZS_Close - US_Stock_IAU_adj_close,3,XGBoost,0.02839131708893913,0.02228129593365276,-0.26272774433890667,-0.0003856937074532558,0.5840022563934326,False,BASELINE
target_273,LME_ZS_Close - US_Stock_IAU_adj_close,3,LightGBM,0.029033466066602058,0.022929020763978868,-0.3204939446461419,-0.041199641248351064,1.5906579494476318,False,BASELINE
target_274,LME_CA_Close - US_Stock_VWO_adj_close,3,Ridge,0.01991046140436128,0.015393709035185645,-0.4381785514126617,0.016918780101654228,0.007821083068847656,False,BASELINE
target_274,LME_CA_Close - US_Stock_VWO_adj_close,3,Lasso,0.016652433016200122,0.012500252490635372,-0.006017532199226627,0.0,0.005514621734619141,False,BASELINE
target_274,LME_CA_Close - US_Stock_VWO_adj_close,3,RandomForest,0.026698951847585316,0.017414949215939765,-1.5860599159638693,0.025073659469033283,0.38416600227355957,False,BASELINE
target_274,LME_CA_Close - US_Stock_VWO_adj_close,3,ElasticNet,0.016652433016200122,0.012500252490635372,-0.006017532199226627,0.0,0.010001182556152344,False,BASELINE
target_274,LME_CA_Close - US_Stock_VWO_adj_close,3,XGBoost,0.0246778108451512,0.01777964982617836,-1.2093444012827836,0.005590923202643533,0.5134649276733398,False,BASELINE
target_274,LME_CA_Close - US_Stock_VWO_adj_close,3,LightGBM,0.02021337764028934,0.015508182773070742,-0.48227211402250925,0.017699386101704188,1.6107752323150635,False,BASELINE
target_275,JPX_Platinum_Standard_Futures_Close - FX_CADJPY,3,Ridge,0.03124576270787509,0.022954456261407897,-0.2906528904494716,0.13245528178878752,0.007368564605712891,False,BASELINE
target_275,JPX_Platinum_Standard_Futures_Close - FX_CADJPY,3,Lasso,0.027869876518119115,0.020615471925687426,-0.026827016862843944,0.15520405041325028,0.00650787353515625,False,BASELINE
target_275,JPX_Platinum_Standard_Futures_Close - FX_CADJPY,3,RandomForest,0.03276432314003509,0.024959742828760692,-0.4191542395311465,0.018118495160347244,0.36904120445251465,False,BASELINE
target_275,JPX_Platinum_Standard_Futures_Close - FX_CADJPY,3,ElasticNet,0.02821718497594009,0.0209805438322968,-0.05257867774307323,0.15520405041325028,0.0046002864837646484,False,BASELINE
target_275,JPX_Platinum_Standard_Futures_Close - FX_CADJPY,3,XGBoost,0.034911461409939185,0.026582642615846332,-0.6112512073530263,0.0006543199958854445,0.5404629707336426,False,BASELINE
target_275,JPX_Platinum_Standard_Futures_Close - FX_CADJPY,3,LightGBM,0.03907615158393919,0.030145480803122116,-1.0186023251171643,-0.06835025744718243,1.5580573081970215,False,BASELINE
target_276,JPX_Gold_Standard_Futures_Close - US_Stock_HL_adj_close,3,Ridge,0.06552196493819992,0.052188175556413016,-0.4197689409652954,0.13581248933602363,0.007994413375854492,False,BASELINE
target_276,JPX_Gold_Standard_Futures_Close - US_Stock_HL_adj_close,3,Lasso,0.05500761514677622,0.04357467469342715,-0.0006667706717009558,0.029313639328490983,0.007366657257080078,False,BASELINE
target_276,JPX_Gold_Standard_Futures_Close - US_Stock_HL_adj_close,3,RandomForest,0.05913618857254127,0.04645115930244851,-0.15651296406980975,0.13304611690379176,0.3436119556427002,False,BASELINE
target_276,JPX_Gold_Standard_Futures_Close - US_Stock_HL_adj_close,3,ElasticNet,0.05506219842624919,0.04360919688418663,-0.002653650961731646,0.029313639328490983,0.005761623382568359,False,BASELINE
target_276,JPX_Gold_Standard_Futures_Close - US_Stock_HL_adj_close,3,XGBoost,0.06752565886798931,0.05397013108038149,-0.507931127016886,0.053031073848721015,0.5391528606414795,False,BASELINE
target_276,JPX_Gold_Standard_Futures_Close - US_Stock_HL_adj_close,3,LightGBM,0.05869862689749638,0.046069269857442016,-0.1394616934350852,0.1602500183929133,1.4154698848724365,False,BASELINE
target_277,FX_AUDJPY - LME_PB_Close,3,Ridge,0.01875392272632592,0.014977819912925053,-0.0059227400917505335,0.11360324282337568,0.007690906524658203,False,BASELINE
target_277,FX_AUDJPY - LME_PB_Close,3,Lasso,0.018707772678448625,0.015036152052299129,-0.0009780398843268756,0.0,0.005426168441772461,False,BASELINE
target_277,FX_AUDJPY - LME_PB_Close,3,RandomForest,0.019092175337678697,0.015410998251861393,-0.04253635842182746,0.1567494090746585,0.3907616138458252,False,BASELINE
target_277,FX_AUDJPY - LME_PB_Close,3,ElasticNet,0.01866844131072246,0.015002221111309548,0.0032264638076355823,0.1582090396788041,0.005478382110595703,False,BASELINE
target_277,FX_AUDJPY - LME_PB_Close,3,XGBoost,0.02108971203038981,0.01729652304385149,-0.27210125477316227,0.05808969719416559,0.5626876354217529,False,BASELINE
target_277,FX_AUDJPY - LME_PB_Close,3,LightGBM,0.020998507324914106,0.01723541278463101,-0.26112237121286164,0.08022875690913252,1.471156120300293,False,BASELINE
target_278,US_Stock_MPC_adj_close - LME_ZS_Close,3,Ridge,0.03953323885300193,0.030476836571362624,0.029373507380485386,0.26637012559876194,0.007345914840698242,False,BASELINE
target_278,US_Stock_MPC_adj_close - LME_ZS_Close,3,Lasso,0.040455229248659935,0.03164315181141149,-0.016428142721872208,-0.08095245883603344,0.005972623825073242,False,BASELINE
target_278,US_Stock_MPC_adj_close - LME_ZS_Close,3,RandomForest,0.04366630883545244,0.033535901188816795,-0.18418706312929567,0.019492549598961805,0.355762243270874,False,BASELINE
target_278,US_Stock_MPC_adj_close - LME_ZS_Close,3,ElasticNet,0.040491029716617805,0.03169748046784514,-0.018227895421543794,-0.07487840388822078,0.009752035140991211,False,BASELINE
target_278,US_Stock_MPC_adj_close - LME_ZS_Close,3,XGBoost,0.04459627743800562,0.034807578008484816,-0.23516382951679748,0.08636208461352717,0.5187203884124756,False,BASELINE
target_278,US_Stock_MPC_adj_close - LME_ZS_Close,3,LightGBM,0.042955783987141935,0.03354909604544221,-0.14596313718829101,0.11213219332146214,1.4860608577728271,False,BASELINE
target_279,LME_PB_Close - US_Stock_VEA_adj_close,3,Ridge,0.0225003391904382,0.017970168482620136,-0.44811112772081274,0.05386002976116132,0.0075380802154541016,False,BASELINE
target_279,LME_PB_Close - US_Stock_VEA_adj_close,3,Lasso,0.018749049067524313,0.014472127704521432,-0.005500409701344244,0.0,0.00613093376159668,False,BASELINE
target_279,LME_PB_Close - US_Stock_VEA_adj_close,3,RandomForest,0.019845311619818326,0.015110091273613235,-0.12652181480982994,-0.029765324559619263,0.3351097106933594,False,BASELINE
target_279,LME_PB_Close - US_Stock_VEA_adj_close,3,ElasticNet,0.018749049067524313,0.014472127704521432,-0.005500409701344244,0.0,0.0037543773651123047,False,BASELINE
target_279,LME_PB_Close - US_Stock_VEA_adj_close,3,XGBoost,0.02318983662282473,0.01822281718829137,-0.5382224252111409,-0.07392532113387407,0.5598351955413818,False,BASELINE
target_279,LME_PB_Close - US_Stock_VEA_adj_close,3,LightGBM,0.020057865205170534,0.015502804164358317,-0.15078231039941303,0.05209392727190543,1.4057798385620117,False,BASELINE
target_280,JPX_Gold_Standard_Futures_Close - FX_EURCAD,3,Ridge,0.020920452941600786,0.016101148661159206,-0.15343056178693892,0.050636536352207204,0.007791757583618164,False,BASELINE
target_280,JPX_Gold_Standard_Futures_Close - FX_EURCAD,3,Lasso,0.01954915124384106,0.014908981121536772,-0.0071753810595101,0.0,0.0057849884033203125,False,BASELINE
target_280,JPX_Gold_Standard_Futures_Close - FX_EURCAD,3,RandomForest,0.02200430751791987,0.017641062939121866,-0.2760412088248032,0.029877609064080008,0.39971351623535156,False,BASELINE
target_280,JPX_Gold_Standard_Futures_Close - FX_EURCAD,3,ElasticNet,0.01954915124384106,0.014908981121536772,-0.0071753810595101,0.0,0.0050694942474365234,False,BASELINE
target_280,JPX_Gold_Standard_Futures_Close - FX_EURCAD,3,XGBoost,0.02552255094337221,0.020819867231115344,-0.7167120163485741,0.07066671493914639,0.5242536067962646,False,BASELINE
target_280,JPX_Gold_Standard_Futures_Close - FX_EURCAD,3,LightGBM,0.020988172066833424,0.015824678352508836,-0.16090991494283102,0.07426042495216907,1.4406650066375732,False,BASELINE
target_281,JPX_Gold_Standard_Futures_Close - FX_NOKCHF,3,Ridge,0.01934852931911803,0.015166271404134445,-0.1370032705680324,0.014562387958771784,0.0074961185455322266,False,BASELINE
target_281,JPX_Gold_Standard_Futures_Close - FX_NOKCHF,3,Lasso,0.01828592133603305,0.014227012183980262,-0.015545739281293214,0.0,0.00639033317565918,False,BASELINE
target_281,JPX_Gold_Standard_Futures_Close - FX_NOKCHF,3,RandomForest,0.022529242631824604,0.018165975973753648,-0.5415548381110382,0.060417307299964314,0.38769006729125977,False,BASELINE
target_281,JPX_Gold_Standard_Futures_Close - FX_NOKCHF,3,ElasticNet,0.01828592133603305,0.014227012183980262,-0.015545739281293214,0.0,0.005300283432006836,False,BASELINE
target_281,JPX_Gold_Standard_Futures_Close - FX_NOKCHF,3,XGBoost,0.0259921494727218,0.02121985168965667,-1.0518716252961222,0.071441457161774,0.5387916564941406,False,BASELINE
target_281,JPX_Gold_Standard_Futures_Close - FX_NOKCHF,3,LightGBM,0.023281173904411156,0.019087988047422014,-0.6461732642177083,0.11738680971066193,1.4443774223327637,False,BASELINE
target_282,US_Stock_DE_adj_close - LME_AH_Close,3,Ridge,0.0316907427225975,0.023796196319230693,0.008875184108130263,0.16356059822075358,0.007363080978393555,False,BASELINE
target_282,US_Stock_DE_adj_close - LME_AH_Close,3,Lasso,0.03183932455468241,0.023996866665104165,-0.00044036670621361296,0.0,0.006039857864379883,False,BASELINE
target_282,US_Stock_DE_adj_close - LME_AH_Close,3,RandomForest,0.03246192864955554,0.02435070771227191,-0.03994926547382205,0.05839081567230843,0.3704349994659424,False,BASELINE
target_282,US_Stock_DE_adj_close - LME_AH_Close,3,ElasticNet,0.03183932455468241,0.023996866665104165,-0.00044036670621361296,0.0,0.003273487091064453,False,BASELINE
target_282,US_Stock_DE_adj_close - LME_AH_Close,3,XGBoost,0.03510764700223765,0.02677490496596328,-0.2163735302427341,0.02049321214759728,0.5265192985534668,False,BASELINE
target_282,US_Stock_DE_adj_close - LME_AH_Close,3,LightGBM,0.036423636931596455,0.027645760955213077,-0.3092727573976901,0.05430698245376135,1.4521369934082031,False,BASELINE
target_283,FX_ZAREUR - LME_ZS_Close,3,Ridge,0.024012441757996553,0.019054164464586815,-0.03815420971470762,0.11530515924762794,0.00706934928894043,False,BASELINE
target_283,FX_ZAREUR - LME_ZS_Close,3,Lasso,0.02356656030668032,0.018605146682193416,4.23241912788086e-05,0.24318654722130054,0.0069580078125,False,BASELINE
target_283,FX_ZAREUR - LME_ZS_Close,3,RandomForest,0.02484248808532766,0.01960832715483885,-0.11116716824025641,0.13849798223751728,0.3832237720489502,False,BASELINE
target_283,FX_ZAREUR - LME_ZS_Close,3,ElasticNet,0.023470843497924065,0.018521866978188254,0.008148588763492448,0.24611583937118853,0.00697016716003418,False,BASELINE
target_283,FX_ZAREUR - LME_ZS_Close,3,XGBoost,0.027156581723951433,0.021315061160858014,-0.32782067535304305,0.07728789059586365,0.5280532836914062,False,BASELINE
target_283,FX_ZAREUR - LME_ZS_Close,3,LightGBM,0.027040025060152083,0.021380985551313635,-0.3164470629244014,0.0711988518429926,1.5172123908996582,False,BASELINE
target_284,FX_ZARJPY - JPX_Gold_Standard_Futures_Close,3,Ridge,0.021160296114383647,0.0168422770501098,-0.3979343806773099,0.09199341360342304,0.0077114105224609375,False,BASELINE
target_284,FX_ZARJPY - JPX_Gold_Standard_Futures_Close,3,Lasso,0.01817339296440549,0.014301592880401021,-0.031134550727064614,0.06195995487041092,0.006937265396118164,False,BASELINE
target_284,FX_ZARJPY - JPX_Gold_Standard_Futures_Close,3,RandomForest,0.018806682681143886,0.0148445151412552,-0.10425073783767136,-0.09768915185304947,0.39171719551086426,False,BASELINE
target_284,FX_ZARJPY - JPX_Gold_Standard_Futures_Close,3,ElasticNet,0.018455838108195254,0.014525303923703093,-0.06343475124150233,0.06195995487041092,0.010031461715698242,False,BASELINE
target_284,FX_ZARJPY - JPX_Gold_Standard_Futures_Close,3,XGBoost,0.020120910055869707,0.015820001084692163,-0.26397517313789365,-0.01911730041647445,0.5237720012664795,False,BASELINE
target_284,FX_ZARJPY - JPX_Gold_Standard_Futures_Close,3,LightGBM,0.021380692008895228,0.01689756033686755,-0.4272065142265804,-0.026119814055651235,1.4816441535949707,False,BASELINE
target_285,US_Stock_IEMG_adj_close - JPX_Platinum_Standard_Futures_Close,3,Ridge,0.028827662997260615,0.022690305910110228,-0.17270317110583067,0.13930636019116105,0.007018089294433594,False,BASELINE
target_285,US_Stock_IEMG_adj_close - JPX_Platinum_Standard_Futures_Close,3,Lasso,0.026659033581305353,0.020381970062825466,-0.0029009210491237614,0.0,0.004919290542602539,False,BASELINE
target_285,US_Stock_IEMG_adj_close - JPX_Platinum_Standard_Futures_Close,3,RandomForest,0.02891529939100931,0.022398459764296986,-0.17984406837798095,0.001063266925784986,0.35454273223876953,False,BASELINE
target_285,US_Stock_IEMG_adj_close - JPX_Platinum_Standard_Futures_Close,3,ElasticNet,0.026659033581305353,0.020381970062825466,-0.0029009210491237614,0.0,0.005364894866943359,False,BASELINE
target_285,US_Stock_IEMG_adj_close - JPX_Platinum_Standard_Futures_Close,3,XGBoost,0.030336443727988924,0.0229552274323352,-0.29866926643774927,-0.11285265476266879,0.5568857192993164,False,BASELINE
target_285,US_Stock_IEMG_adj_close - JPX_Platinum_Standard_Futures_Close,3,LightGBM,0.03237030072302624,0.024896846685438467,-0.47864083186661355,-0.06136188957051373,1.4791243076324463,False,BASELINE
target_286,US_Stock_XLE_adj_close - JPX_Gold_Standard_Futures_Close,3,Ridge,0.030891650543795928,0.024099069171699003,-0.1661307630265425,0.06996233757492176,0.007483720779418945,False,BASELINE
target_286,US_Stock_XLE_adj_close - JPX_Gold_Standard_Futures_Close,3,Lasso,0.029281161170297654,0.022505832152182922,-0.04771127075838133,0.03468903453641249,0.0063097476959228516,False,BASELINE
target_286,US_Stock_XLE_adj_close - JPX_Gold_Standard_Futures_Close,3,RandomForest,0.03230154633521531,0.02508266170377371,-0.2750043085889682,0.00030602677068967943,0.3441765308380127,False,BASELINE
target_286,US_Stock_XLE_adj_close - JPX_Gold_Standard_Futures_Close,3,ElasticNet,0.02961459171926186,0.022763962808559725,-0.0717081292841224,0.03468903453641249,0.005877256393432617,False,BASELINE
target_286,US_Stock_XLE_adj_close - JPX_Gold_Standard_Futures_Close,3,XGBoost,0.029927277475283193,0.023253912338521268,-0.09445887246798335,0.03556093689587106,0.6119632720947266,False,BASELINE
target_286,US_Stock_XLE_adj_close - JPX_Gold_Standard_Futures_Close,3,LightGBM,0.03628930945059392,0.028507980149408987,-0.609245983748584,-0.05081257543051157,1.5794200897216797,False,BASELINE
target_287,LME_PB_Close - US_Stock_SLB_adj_close,3,Ridge,0.036813703211062455,0.028215448371020926,-0.05628257540931014,0.019218668408087138,0.0076825618743896484,False,BASELINE
target_287,LME_PB_Close - US_Stock_SLB_adj_close,3,Lasso,0.035928918877517764,0.027490285773451317,-0.006119116117183188,0.0,0.006353855133056641,False,BASELINE
target_287,LME_PB_Close - US_Stock_SLB_adj_close,3,RandomForest,0.03782491744605159,0.0288208068421855,-0.11510838077676189,-0.021982757082549754,0.36559414863586426,False,BASELINE
target_287,LME_PB_Close - US_Stock_SLB_adj_close,3,ElasticNet,0.035918603162658026,0.027478519948659703,-0.005541456210713225,-0.012583963468233943,0.004643440246582031,False,BASELINE
target_287,LME_PB_Close - US_Stock_SLB_adj_close,3,XGBoost,0.04171275390967464,0.032269111462689536,-0.3561222099268895,-0.06043228622101052,0.5354821681976318,False,BASELINE
target_287,LME_PB_Close - US_Stock_SLB_adj_close,3,LightGBM,0.041370600424747314,0.03195028750578988,-0.333965968339184,-0.014922510357526467,1.5465195178985596,False,BASELINE
target_288,JPX_Gold_Standard_Futures_Close - US_Stock_BKR_adj_close,3,Ridge,0.04311330939405216,0.03221705857656324,-0.29953320526264915,0.05002207149599347,0.007215738296508789,False,BASELINE
target_288,JPX_Gold_Standard_Futures_Close - US_Stock_BKR_adj_close,3,Lasso,0.037828962491455315,0.027334061257057785,-0.0004917692553023656,0.0,0.005533933639526367,False,BASELINE
target_288,JPX_Gold_Standard_Futures_Close - US_Stock_BKR_adj_close,3,RandomForest,0.04335318524025016,0.031891562689466676,-0.3140342413120121,-0.0190260991526737,0.3353443145751953,False,BASELINE
target_288,JPX_Gold_Standard_Futures_Close - US_Stock_BKR_adj_close,3,ElasticNet,0.03783725049141036,0.02734500356630058,-0.0009302155437345139,-0.004903472425500874,0.003818511962890625,False,BASELINE
target_288,JPX_Gold_Standard_Futures_Close - US_Stock_BKR_adj_close,3,XGBoost,0.04462786209323769,0.03127995961715231,-0.3924410696602305,-0.032899834542047764,0.5221033096313477,False,BASELINE
target_288,JPX_Gold_Standard_Futures_Close - US_Stock_BKR_adj_close,3,LightGBM,0.04953481860810559,0.03789846471058973,-0.7154806092492381,-0.1030269256597577,1.585348129272461,False,BASELINE
target_289,LME_ZS_Close - US_Stock_GLD_adj_close,3,Ridge,0.0270067944920677,0.0215972668985838,-0.14382920516195918,0.05277253408794886,0.007434844970703125,False,BASELINE
target_289,LME_ZS_Close - US_Stock_GLD_adj_close,3,Lasso,0.025333823981408016,0.020054258781452602,-0.006506535589382079,0.0,0.0052411556243896484,False,BASELINE
target_289,LME_ZS_Close - US_Stock_GLD_adj_close,3,RandomForest,0.025970353826119338,0.02027391853671245,-0.05772028885843006,-0.001961179645839801,0.3444056510925293,False,BASELINE
target_289,LME_ZS_Close - US_Stock_GLD_adj_close,3,ElasticNet,0.02532087348356257,0.020044651154151973,-0.005477758482171025,0.15588970616278117,0.003590106964111328,False,BASELINE
target_289,LME_ZS_Close - US_Stock_GLD_adj_close,3,XGBoost,0.02719656109459293,0.021594651845575626,-0.15996019647924342,0.10013465081783718,0.5676355361938477,False,BASELINE
target_289,LME_ZS_Close - US_Stock_GLD_adj_close,3,LightGBM,0.02820286848883967,0.022138472173884656,-0.2473883001666961,0.04400595699024495,1.6358861923217773,False,BASELINE
target_290,US_Stock_LYB_adj_close - JPX_Platinum_Standard_Futures_Close,3,Ridge,0.05197717535848606,0.03843794935530129,-1.0611274330383509,0.002702584243456427,0.00791621208190918,False,BASELINE
target_290,US_Stock_LYB_adj_close - JPX_Platinum_Standard_Futures_Close,3,Lasso,0.036814832811827354,0.028975769579976593,-0.03401100180657313,0.0,0.00639796257019043,False,BASELINE
target_290,US_Stock_LYB_adj_close - JPX_Platinum_Standard_Futures_Close,3,RandomForest,0.04006236478465467,0.031598857655000354,-0.22448270869526277,-0.020806689698246648,0.3704547882080078,False,BASELINE
target_290,US_Stock_LYB_adj_close - JPX_Platinum_Standard_Futures_Close,3,ElasticNet,0.036814832811827354,0.028975769579976593,-0.03401100180657313,0.0,0.006420612335205078,False,BASELINE
target_290,US_Stock_LYB_adj_close - JPX_Platinum_Standard_Futures_Close,3,XGBoost,0.04273003899973315,0.03290214193389927,-0.39298382315956615,0.0413081353029665,0.6123886108398438,False,BASELINE
target_290,US_Stock_LYB_adj_close - JPX_Platinum_Standard_Futures_Close,3,LightGBM,0.047577424355548015,0.036337344366218834,-0.726956305510134,-0.06596911868986104,1.656256914138794,False,BASELINE
target_291,LME_AH_Close - US_Stock_EFA_adj_close,3,Ridge,0.024531644356190027,0.019533284522263914,-0.18536244297750737,0.020813186264189182,0.008091211318969727,False,BASELINE
target_291,LME_AH_Close - US_Stock_EFA_adj_close,3,Lasso,0.022532510442667367,0.017415473864815983,-3.915639634777257e-05,0.0,0.006157636642456055,False,BASELINE
target_291,LME_AH_Close - US_Stock_EFA_adj_close,3,RandomForest,0.024645037419858417,0.019048163342208522,-0.19634601376802419,-0.14599830140134387,0.3922576904296875,False,BASELINE
target_291,LME_AH_Close - US_Stock_EFA_adj_close,3,ElasticNet,0.022532510442667367,0.017415473864815983,-3.915639634777257e-05,0.0,0.0031850337982177734,False,BASELINE
target_291,LME_AH_Close - US_Stock_EFA_adj_close,3,XGBoost,0.028800003360017267,0.02261138924609243,-0.633739915704173,-0.11205428140831432,0.6191058158874512,False,BASELINE
target_291,LME_AH_Close - US_Stock_EFA_adj_close,3,LightGBM,0.024723962245876512,0.01922791045495111,-0.20402079144558227,-0.11464470383362298,1.6410651206970215,False,BASELINE
target_292,LME_CA_Close - US_Stock_VYM_adj_close,3,Ridge,0.025960271639071893,0.020453350607454044,-0.5003271191766998,0.04722235108416508,0.007820844650268555,False,BASELINE
target_292,LME_CA_Close - US_Stock_VYM_adj_close,3,Lasso,0.021171922933649334,0.016264340748589075,0.0020975164670123947,0.2003534583968226,0.009936332702636719,False,BASELINE
target_292,LME_CA_Close - US_Stock_VYM_adj_close,3,RandomForest,0.02172828473918353,0.016480239184396426,-0.05103791321961659,0.046318632366392956,0.366990327835083,False,BASELINE
target_292,LME_CA_Close - US_Stock_VYM_adj_close,3,ElasticNet,0.02116312471488164,0.0162557352693762,0.002926722215023325,0.2003534583968226,0.0062787532806396484,False,BASELINE
target_292,LME_CA_Close - US_Stock_VYM_adj_close,3,XGBoost,0.02305969555629071,0.017210529111416996,-0.18378990750880275,0.08213075403268492,0.5771915912628174,False,BASELINE
target_292,LME_CA_Close - US_Stock_VYM_adj_close,3,LightGBM,0.023029496290237136,0.017545032004610082,-0.18069132563653123,-0.010686421797255357,1.6834657192230225,False,BASELINE
target_293,LME_ZS_Close - US_Stock_KMI_adj_close,3,Ridge,0.04433395041960424,0.03626721672448645,-0.6960351654349219,0.04041933262201541,0.007264375686645508,False,BASELINE
target_293,LME_ZS_Close - US_Stock_KMI_adj_close,3,Lasso,0.03399342596561683,0.026132292985356194,0.002869816145880111,0.2258428631083873,0.006665706634521484,False,BASELINE
target_293,LME_ZS_Close - US_Stock_KMI_adj_close,3,RandomForest,0.03713665426010659,0.029437813538629898,-0.1900563854698354,0.13350920014797316,0.48270511627197266,False,BASELINE
target_293,LME_ZS_Close - US_Stock_KMI_adj_close,3,ElasticNet,0.03389412413145274,0.026051748504107238,0.008686954547288961,0.2258428631083873,0.0034492015838623047,False,BASELINE
target_293,LME_ZS_Close - US_Stock_KMI_adj_close,3,XGBoost,0.03979707242420065,0.030812707692268664,-0.36667182429242606,0.1422725061348197,0.512531042098999,False,BASELINE
target_293,LME_ZS_Close - US_Stock_KMI_adj_close,3,LightGBM,0.038380178317325764,0.029200010881688727,-0.27108901789456974,0.1346148356177582,1.6636645793914795,False,BASELINE
target_294,US_Stock_VGK_adj_close - LME_CA_Close,3,Ridge,0.020484101340121897,0.015844766540590485,-0.24258689227430708,0.047373714304746205,0.007787227630615234,False,BASELINE
target_294,US_Stock_VGK_adj_close - LME_CA_Close,3,Lasso,0.01838392433729,0.014695652200736105,-0.0008509008649606464,0.0,0.005394935607910156,False,BASELINE
target_294,US_Stock_VGK_adj_close - LME_CA_Close,3,RandomForest,0.01888069220354198,0.014907166455102245,-0.055671413030731864,0.05855585808374757,0.3875718116760254,False,BASELINE
target_294,US_Stock_VGK_adj_close - LME_CA_Close,3,ElasticNet,0.018363073843920354,0.014681258343690435,0.0014180816034111698,0.11020283266305296,0.0051479339599609375,False,BASELINE
target_294,US_Stock_VGK_adj_close - LME_CA_Close,3,XGBoost,0.02384050325043805,0.01895694001196995,-0.6831536917778473,0.08695891365813678,0.5805966854095459,False,BASELINE
target_294,US_Stock_VGK_adj_close - LME_CA_Close,3,LightGBM,0.01968715049700645,0.015280225169056473,-0.1477800161976619,0.05086250272096948,1.7829272747039795,False,BASELINE
target_295,LME_CA_Close - FX_AUDCHF,3,Ridge,0.019002183222170503,0.014427946309649912,-0.10420324174046969,-0.07904047613536111,0.008613824844360352,False,BASELINE
target_295,LME_CA_Close - FX_AUDCHF,3,Lasso,0.018118396114026946,0.013850817385898417,-0.0038793379653923044,0.20695632939554573,0.009141206741333008,False,BASELINE
target_295,LME_CA_Close - FX_AUDCHF,3,RandomForest,0.019359085809682312,0.014603277038553698,-0.1460714790813582,0.09149890559855142,0.4276611804962158,False,BASELINE
target_295,LME_CA_Close - FX_AUDCHF,3,ElasticNet,0.018134131227202338,0.01388392281677837,-0.005623754421131277,0.20695632939554573,0.007894277572631836,False,BASELINE
target_295,LME_CA_Close - FX_AUDCHF,3,XGBoost,0.02157377316407403,0.01672935030310621,-0.4232927308882253,0.07980128447493165,0.6263618469238281,False,BASELINE
target_295,LME_CA_Close - FX_AUDCHF,3,LightGBM,0.021023233655964806,0.016182342728094656,-0.3515777991902327,0.1056453624899369,1.6775121688842773,False,BASELINE
target_296,LME_CA_Close - US_Stock_CAT_adj_close,3,Ridge,0.03539311900129768,0.027692272826436194,-0.3928111949920683,0.0902558960286335,0.007580280303955078,False,BASELINE
target_296,LME_CA_Close - US_Stock_CAT_adj_close,3,Lasso,0.029997576644057923,0.0226644751555123,-0.0005226379604010845,0.0,0.005911111831665039,False,BASELINE
target_296,LME_CA_Close - US_Stock_CAT_adj_close,3,RandomForest,0.03516771514442006,0.02852508530616904,-0.3751272308574465,0.23666754689286099,0.41907286643981934,False,BASELINE
target_296,LME_CA_Close - US_Stock_CAT_adj_close,3,ElasticNet,0.0299975415844377,0.022664523647063017,-0.0005202992432686848,-0.10181154119280164,0.007165431976318359,False,BASELINE
target_296,LME_CA_Close - US_Stock_CAT_adj_close,3,XGBoost,0.03415934079652528,0.027220398974858853,-0.2973989391386065,0.01851419007889919,0.5576446056365967,False,BASELINE
target_296,LME_CA_Close - US_Stock_CAT_adj_close,3,LightGBM,0.032390261128218016,0.024564693615179715,-0.16649659326650923,0.0324993784889371,1.7359154224395752,False,BASELINE
target_297,US_Stock_AMP_adj_close - LME_ZS_Close,3,Ridge,0.034897047722527184,0.02682308720388725,-0.07104402602697979,0.10410310303523403,0.007978677749633789,False,BASELINE
target_297,US_Stock_AMP_adj_close - LME_ZS_Close,3,Lasso,0.03374062678894751,0.02546912210225376,-0.0012355022699448437,0.0,0.0057294368743896484,False,BASELINE
target_297,US_Stock_AMP_adj_close - LME_ZS_Close,3,RandomForest,0.036076462034727266,0.026140511482642834,-0.1446634854979354,0.05991009797869137,0.44916653633117676,False,BASELINE
target_297,US_Stock_AMP_adj_close - LME_ZS_Close,3,ElasticNet,0.03374062678894751,0.02546912210225376,-0.0012355022699448437,0.0,0.004378557205200195,False,BASELINE
target_297,US_Stock_AMP_adj_close - LME_ZS_Close,3,XGBoost,0.03847359365790633,0.028990656402054466,-0.30183353932046275,0.04136022305407562,0.5862827301025391,False,BASELINE
target_297,US_Stock_AMP_adj_close - LME_ZS_Close,3,LightGBM,0.03583481825984677,0.027195982803435596,-0.12938069777245387,0.050854176256968954,1.7045204639434814,False,BASELINE
target_298,LME_ZS_Close - US_Stock_IEF_adj_close,3,Ridge,0.0260332087101297,0.02075673257906144,-0.00572265086294288,0.10628582609823084,0.009899616241455078,False,BASELINE
target_298,LME_ZS_Close - US_Stock_IEF_adj_close,3,Lasso,0.02596860289867763,0.020779080737068755,-0.0007371029963665343,0.0,0.007114887237548828,False,BASELINE
target_298,LME_ZS_Close - US_Stock_IEF_adj_close,3,RandomForest,0.026322178368834163,0.02095253808744407,-0.028173690204999824,0.12085921971516353,0.4070439338684082,False,BASELINE
target_298,LME_ZS_Close - US_Stock_IEF_adj_close,3,ElasticNet,0.025921412453628678,0.020736878988893096,0.002896694350030815,0.223411221456584,0.009450912475585938,False,BASELINE
target_298,LME_ZS_Close - US_Stock_IEF_adj_close,3,XGBoost,0.027459278034267814,0.02211938301006567,-0.11892521309188275,0.18668080976051896,0.5494098663330078,False,BASELINE
target_298,LME_ZS_Close - US_Stock_IEF_adj_close,3,LightGBM,0.027000624871319892,0.02170328800852228,-0.0818584991327207,0.16654028283808714,1.6820149421691895,False,BASELINE
target_299,LME_AH_Close - FX_EURJPY,3,Ridge,0.021892711876486955,0.01722634965075272,-0.02507752134780228,0.05207884834502323,0.008043766021728516,False,BASELINE
target_299,LME_AH_Close - FX_EURJPY,3,Lasso,0.02162882059433646,0.016795690725644904,-0.0005142158537023711,0.0,0.005604267120361328,False,BASELINE
target_299,LME_AH_Close - FX_EURJPY,3,RandomForest,0.02352742536645536,0.018256357350169096,-0.1838764893866156,0.09294490441027066,0.42456531524658203,False,BASELINE
target_299,LME_AH_Close - FX_EURJPY,3,ElasticNet,0.02159497821773457,0.016726195079740866,0.002614321713100609,0.2643418598304492,0.0067789554595947266,False,BASELINE
target_299,LME_AH_Close - FX_EURJPY,3,XGBoost,0.025498724337700424,0.019960677767414295,-0.3905752485102245,0.03922458249420649,0.529865026473999,False,BASELINE
target_299,LME_AH_Close - FX_EURJPY,3,LightGBM,0.026256292462055214,0.020575071839934702,-0.4744307834761694,0.022592766919497832,1.6947240829467773,False,BASELINE
target_300,LME_CA_Close - US_Stock_HAL_adj_close,3,Ridge,0.043081816802431734,0.0322216366868624,-0.16823503363449732,0.062020261855397864,0.007567644119262695,False,BASELINE
target_300,LME_CA_Close - US_Stock_HAL_adj_close,3,Lasso,0.04053015053215867,0.030566630562536633,-0.0339478635597239,0.009144539088585249,0.008401155471801758,False,BASELINE
target_300,LME_CA_Close - US_Stock_HAL_adj_close,3,RandomForest,0.03975610568256185,0.029729662060617758,0.005167695244486237,0.24892558877021692,0.4075913429260254,False,BASELINE
target_300,LME_CA_Close - US_Stock_HAL_adj_close,3,ElasticNet,0.04060412567322685,0.03064938092477343,-0.03772560625848165,0.012509025292229147,0.011443614959716797,False,BASELINE
target_300,LME_CA_Close - US_Stock_HAL_adj_close,3,XGBoost,0.04473063413962561,0.03438982733259543,-0.2593670230410652,0.15319236629780428,0.719677209854126,False,BASELINE
target_300,LME_CA_Close - US_Stock_HAL_adj_close,3,LightGBM,0.04586343316957779,0.034929929432042005,-0.3239614177978225,0.06095477183704396,1.7716467380523682,False,BASELINE
target_301,JPX_Gold_Standard_Futures_Close - FX_EURCHF,3,Ridge,0.020050086726574316,0.015610946895562165,-0.2931984832528356,0.1343065210267308,0.008095026016235352,False,BASELINE
target_301,JPX_Gold_Standard_Futures_Close - FX_EURCHF,3,Lasso,0.01776397482252599,0.013615036150244118,-0.015109690064315728,0.0,0.005440950393676758,False,BASELINE
target_301,JPX_Gold_Standard_Futures_Close - FX_EURCHF,3,RandomForest,0.02311745546591137,0.019032583827272798,-0.7191458963063058,0.027300418028279493,0.4231083393096924,False,BASELINE
target_301,JPX_Gold_Standard_Futures_Close - FX_EURCHF,3,ElasticNet,0.01776397482252599,0.013615036150244118,-0.015109690064315728,0.0,0.0069732666015625,False,BASELINE
target_301,JPX_Gold_Standard_Futures_Close - FX_EURCHF,3,XGBoost,0.025095253757757736,0.020503275298013626,-1.0258899902628138,0.0046367995718873305,0.6338045597076416,False,BASELINE
target_301,JPX_Gold_Standard_Futures_Close - FX_EURCHF,3,LightGBM,0.021768891761451945,0.01684035870492757,-0.5244223783576516,0.09034883444492114,1.7663168907165527,False,BASELINE
target_302,JPX_Platinum_Standard_Futures_Close - US_Stock_URA_adj_close,3,Ridge,0.04106402594134423,0.031967336691452033,-0.01285197859147269,0.14981380110294865,0.007847785949707031,False,BASELINE
target_302,JPX_Platinum_Standard_Futures_Close - US_Stock_URA_adj_close,3,Lasso,0.04102441467906759,0.031976098578355185,-0.010898882470549154,0.0,0.00573277473449707,False,BASELINE
target_302,JPX_Platinum_Standard_Futures_Close - US_Stock_URA_adj_close,3,RandomForest,0.04757824997939991,0.03802410979960642,-0.35968985507412676,0.060392935242856896,0.38514137268066406,False,BASELINE
target_302,JPX_Platinum_Standard_Futures_Close - US_Stock_URA_adj_close,3,ElasticNet,0.04106373863352448,0.03202398405798313,-0.01283780563745629,0.000756848816513862,0.0070781707763671875,False,BASELINE
target_302,JPX_Platinum_Standard_Futures_Close - US_Stock_URA_adj_close,3,XGBoost,0.046989310584905124,0.0370876722002203,-0.32623680494244467,0.06763739506255939,0.6210677623748779,False,BASELINE
target_302,JPX_Platinum_Standard_Futures_Close - US_Stock_URA_adj_close,3,LightGBM,0.04895019324937144,0.03847946957899847,-0.43923512965967926,0.0004684322819891896,1.6933503150939941,False,BASELINE
target_303,JPX_Gold_Standard_Futures_Close - US_Stock_VT_adj_close,3,Ridge,0.026329831803328423,0.020739035606510706,-0.48052460877115477,0.0013055055076991952,0.007938385009765625,False,BASELINE
target_303,JPX_Gold_Standard_Futures_Close - US_Stock_VT_adj_close,3,Lasso,0.021770125704343026,0.016852811813100606,-0.012141737915236872,0.0,0.005926370620727539,False,BASELINE
target_303,JPX_Gold_Standard_Futures_Close - US_Stock_VT_adj_close,3,RandomForest,0.027364230946108268,0.021887372462347544,-0.5991380426049102,-0.05072178487961642,0.4083085060119629,False,BASELINE
target_303,JPX_Gold_Standard_Futures_Close - US_Stock_VT_adj_close,3,ElasticNet,0.021770125704343026,0.016852811813100606,-0.012141737915236872,0.0,0.00758814811706543,False,BASELINE
target_303,JPX_Gold_Standard_Futures_Close - US_Stock_VT_adj_close,3,XGBoost,0.026669396699048255,0.020745316393743083,-0.5189582732977391,-0.06935576277368262,0.5274076461791992,False,BASELINE
target_303,JPX_Gold_Standard_Futures_Close - US_Stock_VT_adj_close,3,LightGBM,0.028478247807531124,0.022373444539897352,-0.731992433539546,-0.08825389421022395,1.7072839736938477,False,BASELINE
target_304,US_Stock_EWY_adj_close - LME_ZS_Close,3,Ridge,0.029544434685706434,0.022998331570397473,-0.005818582214536461,0.03830351864473713,0.007546901702880859,False,BASELINE
target_304,US_Stock_EWY_adj_close - LME_ZS_Close,3,Lasso,0.029459946636522776,0.02266556982530109,-7.414047179565841e-05,0.0,0.006567955017089844,False,BASELINE
target_304,US_Stock_EWY_adj_close - LME_ZS_Close,3,RandomForest,0.029257678090428382,0.022882333939420494,0.013611499716357778,0.11286551690093767,0.4090442657470703,False,BASELINE
target_304,US_Stock_EWY_adj_close - LME_ZS_Close,3,ElasticNet,0.029459946636522776,0.02266556982530109,-7.414047179565841e-05,0.0,0.006167888641357422,False,BASELINE
target_304,US_Stock_EWY_adj_close - LME_ZS_Close,3,XGBoost,0.031197395559348837,0.024052117454711894,-0.1215146859068632,0.15464146840761134,0.6013884544372559,False,BASELINE
target_304,US_Stock_EWY_adj_close - LME_ZS_Close,3,LightGBM,0.029854028969986176,0.023286569724375056,-0.02700884937382808,0.19202312853800374,1.73121976852417,False,BASELINE
target_305,US_Stock_CVX_adj_close - LME_CA_Close,3,Ridge,0.03068796300930507,0.021998446159127837,-0.19364562629172632,0.02991549828534316,0.012721538543701172,False,BASELINE
target_305,US_Stock_CVX_adj_close - LME_CA_Close,3,Lasso,0.02835492362018972,0.02132753809778746,-0.01905177687274584,0.08047349032286458,0.013531923294067383,False,BASELINE
target_305,US_Stock_CVX_adj_close - LME_CA_Close,3,RandomForest,0.02773961181825472,0.020516298132889653,0.02469590928099219,0.18357236232489146,0.46039795875549316,False,BASELINE
target_305,US_Stock_CVX_adj_close - LME_CA_Close,3,ElasticNet,0.028410875110892606,0.021346745815052488,-0.023077442522900782,0.0823668687618429,0.010401010513305664,False,BASELINE
target_305,US_Stock_CVX_adj_close - LME_CA_Close,3,XGBoost,0.029382423426231992,0.021993977415452358,-0.09424485444161035,0.09056456994408184,0.601550817489624,False,BASELINE
target_305,US_Stock_CVX_adj_close - LME_CA_Close,3,LightGBM,0.03097733850285002,0.023151364495557745,-0.21626298549544476,0.04996829996205511,1.761152744293213,False,BASELINE
target_306,LME_PB_Close - FX_NZDUSD,3,Ridge,0.017002911611369104,0.013132685525735432,0.027473926609008048,0.20919580140793267,0.007656574249267578,False,BASELINE
target_306,LME_PB_Close - FX_NZDUSD,3,Lasso,0.01724253262501653,0.013458886993628886,-0.00013073098346838563,0.0,0.005529642105102539,False,BASELINE
target_306,LME_PB_Close - FX_NZDUSD,3,RandomForest,0.02000114100493594,0.015139110908936161,-0.34574942324932545,0.05221670949107117,0.42981743812561035,False,BASELINE
target_306,LME_PB_Close - FX_NZDUSD,3,ElasticNet,0.01724253262501653,0.013458886993628886,-0.00013073098346838563,0.0,0.0036840438842773438,False,BASELINE
target_306,LME_PB_Close - FX_NZDUSD,3,XGBoost,0.020445247511670487,0.015988290057640527,-0.4061751030049334,0.0284230588198983,0.5938510894775391,False,BASELINE
target_306,LME_PB_Close - FX_NZDUSD,3,LightGBM,0.020176769592962798,0.015236900765752286,-0.369487045647642,0.04173771916964379,1.7272355556488037,False,BASELINE
target_307,US_Stock_HES_adj_close - LME_PB_Close,3,Ridge,0.03190334801683223,0.023951753901761297,-0.07909323186867856,0.09611565570818542,0.008133172988891602,False,BASELINE
target_307,US_Stock_HES_adj_close - LME_PB_Close,3,Lasso,0.030835922359552247,0.023052053719018053,-0.008092382001252618,0.0,0.0070836544036865234,False,BASELINE
target_307,US_Stock_HES_adj_close - LME_PB_Close,3,RandomForest,0.03320478993044073,0.025724265114907753,-0.16892842589073154,0.13040350574556106,0.3835878372192383,False,BASELINE
target_307,US_Stock_HES_adj_close - LME_PB_Close,3,ElasticNet,0.03077228522759743,0.02301535122049482,-0.003935807032910965,0.047809665616516714,0.006530046463012695,False,BASELINE
target_307,US_Stock_HES_adj_close - LME_PB_Close,3,XGBoost,0.04123696590510379,0.03154842625440089,-0.8028510749886586,0.10566142802235881,0.6159412860870361,False,BASELINE
target_307,US_Stock_HES_adj_close - LME_PB_Close,3,LightGBM,0.036721805506653604,0.028762843391565266,-0.4296657004083604,0.18986559896377134,1.700920820236206,False,BASELINE
target_308,FX_EURGBP - JPX_Platinum_Standard_Futures_Close,3,Ridge,0.03200851378873011,0.023305817772917507,-0.15649230001236147,0.06541754892133539,0.009256124496459961,False,BASELINE
target_308,FX_EURGBP - JPX_Platinum_Standard_Futures_Close,3,Lasso,0.029917967052444195,0.02174403463968864,-0.01035939825687171,0.14607371487341916,0.007856607437133789,False,BASELINE
target_308,FX_EURGBP - JPX_Platinum_Standard_Futures_Close,3,RandomForest,0.035217175636994245,0.02675534028931626,-0.39997658810273995,0.04864265504439386,0.43567824363708496,False,BASELINE
target_308,FX_EURGBP - JPX_Platinum_Standard_Futures_Close,3,ElasticNet,0.030145360330341448,0.021977801796479606,-0.02577635791894073,0.14607371487341916,0.00812840461730957,False,BASELINE
target_308,FX_EURGBP - JPX_Platinum_Standard_Futures_Close,3,XGBoost,0.03710751682680494,0.02785264170708106,-0.5543023819429327,-0.07393287649543041,0.5498952865600586,False,BASELINE
target_308,FX_EURGBP - JPX_Platinum_Standard_Futures_Close,3,LightGBM,0.03883900472008903,0.029094053761358724,-0.702738323999798,-0.16489687428960598,1.7283501625061035,False,BASELINE
target_309,LME_PB_Close - US_Stock_VGIT_adj_close,3,Ridge,0.019857470244900508,0.015063444913090163,-0.009921856473016133,0.15276176915949102,0.007932901382446289,False,BASELINE
target_309,LME_PB_Close - US_Stock_VGIT_adj_close,3,Lasso,0.01977586261089896,0.015074386020629547,-0.0016380239172488764,0.0,0.005766391754150391,False,BASELINE
target_309,LME_PB_Close - US_Stock_VGIT_adj_close,3,RandomForest,0.02043541509964163,0.01565861198342693,-0.06956420001894426,0.12260777715527546,0.3763132095336914,False,BASELINE
target_309,LME_PB_Close - US_Stock_VGIT_adj_close,3,ElasticNet,0.019739991920627316,0.015044614565271402,0.0019923473583604023,0.19112773628423213,0.0041522979736328125,False,BASELINE
target_309,LME_PB_Close - US_Stock_VGIT_adj_close,3,XGBoost,0.02236101190847584,0.017649262151280216,-0.2806275368664992,0.053777954616013215,0.5609862804412842,False,BASELINE
target_309,LME_PB_Close - US_Stock_VGIT_adj_close,3,LightGBM,0.022576288128654455,0.01763412798002916,-0.30540420848885264,0.08321646546361157,1.6881587505340576,False,BASELINE
target_310,FX_AUDCAD - JPX_Platinum_Standard_Futures_Close,3,Ridge,0.029800968902859548,0.021883723537198533,-0.1915797976571343,0.022767570030186358,0.008719205856323242,False,BASELINE
target_310,FX_AUDCAD - JPX_Platinum_Standard_Futures_Close,3,Lasso,0.027420457349707817,0.020263397779250056,-0.008815511336285775,0.0,0.0069048404693603516,False,BASELINE
target_310,FX_AUDCAD - JPX_Platinum_Standard_Futures_Close,3,RandomForest,0.03056359819250571,0.02273324753209141,-0.2533470004441607,-0.14266708661652233,0.37972164154052734,False,BASELINE
target_310,FX_AUDCAD - JPX_Platinum_Standard_Futures_Close,3,ElasticNet,0.02762331421496411,0.020383380105033905,-0.023797182374879045,0.10403159630616085,0.004379987716674805,False,BASELINE
target_310,FX_AUDCAD - JPX_Platinum_Standard_Futures_Close,3,XGBoost,0.031319478723335584,0.022826498982836552,-0.3161076488181924,-0.11040200979258011,0.6436681747436523,False,BASELINE
target_310,FX_AUDCAD - JPX_Platinum_Standard_Futures_Close,3,LightGBM,0.034964477035635384,0.026055903758702086,-0.6402741348163414,-0.18273552373335633,1.7267963886260986,False,BASELINE
target_311,US_Stock_TD_adj_close - LME_ZS_Close,3,Ridge,0.030942866853225764,0.023544891919441743,-0.06682608537431367,0.1098543106698878,0.007718563079833984,False,BASELINE
target_311,US_Stock_TD_adj_close - LME_ZS_Close,3,Lasso,0.029958359606159075,0.02284358831682125,-1.9775252051656977e-05,0.0,0.005743980407714844,False,BASELINE
target_311,US_Stock_TD_adj_close - LME_ZS_Close,3,RandomForest,0.035365949684889826,0.02717665490806692,-0.39361617575723273,0.05518185592124592,0.40057873725891113,False,BASELINE
target_311,US_Stock_TD_adj_close - LME_ZS_Close,3,ElasticNet,0.029934186012237143,0.022808481671686087,0.0015934184722435907,0.12119287302261347,0.008188962936401367,False,BASELINE
target_311,US_Stock_TD_adj_close - LME_ZS_Close,3,XGBoost,0.03933624488452555,0.029927113771826105,-0.7240836249993694,0.03464611933250306,0.5862343311309814,False,BASELINE
target_311,US_Stock_TD_adj_close - LME_ZS_Close,3,LightGBM,0.03418087015598667,0.02665678829970259,-0.3017834867905622,0.03934908462423262,1.7840852737426758,False,BASELINE
target_312,JPX_Gold_Standard_Futures_Close - FX_USDCHF,3,Ridge,0.020764187309287606,0.016279526583800937,-0.11824236816657563,0.1671866058164091,0.007681369781494141,False,BASELINE
target_312,JPX_Gold_Standard_Futures_Close - FX_USDCHF,3,Lasso,0.019868814919382,0.015319634268207252,-0.02388220629957627,0.0,0.006104946136474609,False,BASELINE
target_312,JPX_Gold_Standard_Futures_Close - FX_USDCHF,3,RandomForest,0.024574559311895613,0.019500356710021302,-0.56630936308279,0.03812567698656663,0.40128397941589355,False,BASELINE
target_312,JPX_Gold_Standard_Futures_Close - FX_USDCHF,3,ElasticNet,0.019868814919382,0.015319634268207252,-0.02388220629957627,0.0,0.005463600158691406,False,BASELINE
target_313,US_Stock_MS_adj_close - LME_AH_Close,3,Ridge,0.038283753408645746,0.02994503859672836,-0.13151834818620434,0.03754878415783169,0.007100105285644531,False,BASELINE
target_313,US_Stock_MS_adj_close - LME_AH_Close,3,Lasso,0.036049225220317664,0.027259146776308713,-0.0032853035592999014,0.0,0.005003690719604492,False,BASELINE
target_313,US_Stock_MS_adj_close - LME_AH_Close,3,RandomForest,0.048609463849072256,0.0396713169540394,-0.8242075217399196,-0.11776504621782266,0.4326167106628418,False,BASELINE
target_313,US_Stock_MS_adj_close - LME_AH_Close,3,ElasticNet,0.036053701142809376,0.027262343927921002,-0.003534457653994627,-0.0314338884705832,0.004894256591796875,False,BASELINE
target_313,US_Stock_MS_adj_close - LME_AH_Close,3,XGBoost,0.0429307458355035,0.03303311879964435,-0.4228838409928197,0.03636702101718462,0.603468656539917,False,BASELINE
target_313,US_Stock_MS_adj_close - LME_AH_Close,3,LightGBM,0.04641375297678903,0.037009867825559935,-0.6631290646140089,-0.10262069506942485,1.8016881942749023,False,BASELINE
target_314,LME_ZS_Close - US_Stock_SLV_adj_close,3,Ridge,0.029610157435973047,0.023591410052917778,-0.1211623577487464,0.15084519557079695,0.007896184921264648,False,BASELINE
target_314,LME_ZS_Close - US_Stock_SLV_adj_close,3,Lasso,0.028058502207952685,0.022338102196076706,-0.006737030887065121,0.0,0.005804300308227539,False,BASELINE
target_314,LME_ZS_Close - US_Stock_SLV_adj_close,3,RandomForest,0.029871315526909838,0.023721015136494123,-0.14102661244317094,-0.060208066440424736,0.4440724849700928,False,BASELINE
target_314,LME_ZS_Close - US_Stock_SLV_adj_close,3,ElasticNet,0.028058502207952685,0.022338102196076706,-0.006737030887065121,0.0,0.006441831588745117,False,BASELINE
target_314,LME_ZS_Close - US_Stock_SLV_adj_close,3,XGBoost,0.028899676560168168,0.023177574533876043,-0.06800439438635131,0.11470031271819796,0.5565767288208008,False,BASELINE
target_314,LME_ZS_Close - US_Stock_SLV_adj_close,3,LightGBM,0.030988817892563598,0.024626842576513642,-0.2279964034452533,0.006247524363828413,1.6894745826721191,False,BASELINE
target_315,LME_AH_Close - US_Stock_OIH_adj_close,3,Ridge,0.040514347663452695,0.029711010108546536,-0.06449383564620015,-0.04117823034092112,0.007864236831665039,False,BASELINE
target_315,LME_AH_Close - US_Stock_OIH_adj_close,3,Lasso,0.03939008634866522,0.02881918359697365,-0.006234759102570431,0.0745789485579159,0.007723093032836914,False,BASELINE
target_315,LME_AH_Close - US_Stock_OIH_adj_close,3,RandomForest,0.04097423856432162,0.029918486986364696,-0.0887977960982349,-0.007042999049593608,0.413769006729126,False,BASELINE
target_315,LME_AH_Close - US_Stock_OIH_adj_close,3,ElasticNet,0.03945577235538861,0.028852793727381455,-0.009593505375624867,0.0745789485579159,0.010047197341918945,False,BASELINE
target_315,LME_AH_Close - US_Stock_OIH_adj_close,3,XGBoost,0.04420682333382132,0.032080579199227154,-0.26737187634575577,-0.04260978740158416,0.5759572982788086,False,BASELINE
target_315,LME_AH_Close - US_Stock_OIH_adj_close,3,LightGBM,0.0444694610502527,0.0327598540043362,-0.28247580866422806,-0.03700786137151135,1.6361467838287354,False,BASELINE
target_316,US_Stock_RIO_adj_close - LME_PB_Close,3,Ridge,0.024751775895614347,0.019213856326232834,0.0010903428378961078,0.090718906901806,0.007444620132446289,False,BASELINE
target_316,US_Stock_RIO_adj_close - LME_PB_Close,3,Lasso,0.024828556819810322,0.019256436953234042,-0.005116578699765562,0.0,0.005523204803466797,False,BASELINE
target_316,US_Stock_RIO_adj_close - LME_PB_Close,3,RandomForest,0.025332319811154167,0.01956125474214018,-0.046317303884461314,0.10530122173016784,0.4411048889160156,False,BASELINE
target_316,US_Stock_RIO_adj_close - LME_PB_Close,3,ElasticNet,0.024828556819810322,0.019256436953234042,-0.005116578699765562,0.0,0.00467371940612793,False,BASELINE
target_316,US_Stock_RIO_adj_close - LME_PB_Close,3,XGBoost,0.02654554107915369,0.020886513258716464,-0.14893814230106206,0.07384949083672636,0.6640629768371582,False,BASELINE
target_316,US_Stock_RIO_adj_close - LME_PB_Close,3,LightGBM,0.0279432815235839,0.021457381335626524,-0.2731169366480708,0.05840508961059506,1.7544729709625244,False,BASELINE
target_317,JPX_Platinum_Standard_Futures_Close - US_Stock_WMB_adj_close,3,Ridge,0.044807962123730186,0.035579177268480346,-0.6101205948278017,0.133104426352427,0.010206222534179688,False,BASELINE
target_317,JPX_Platinum_Standard_Futures_Close - US_Stock_WMB_adj_close,3,Lasso,0.03531605620642836,0.02652639756128989,-0.00021282437712799585,0.0,0.00912332534790039,False,BASELINE
target_317,JPX_Platinum_Standard_Futures_Close - US_Stock_WMB_adj_close,3,RandomForest,0.0365984829432076,0.0276406929600891,-0.07417288960589108,-0.062323017126541674,0.4104137420654297,False,BASELINE
target_317,JPX_Platinum_Standard_Futures_Close - US_Stock_WMB_adj_close,3,ElasticNet,0.035321295737682175,0.026522741721422032,-0.0005096318732629168,0.06221148563082996,0.007184505462646484,False,BASELINE
target_317,JPX_Platinum_Standard_Futures_Close - US_Stock_WMB_adj_close,3,XGBoost,0.037559451666647745,0.027981443551647767,-0.1313227137762385,0.034591982568214226,0.6589062213897705,False,BASELINE
target_317,JPX_Platinum_Standard_Futures_Close - US_Stock_WMB_adj_close,3,LightGBM,0.03994963818496794,0.03035209548077918,-0.2798931674886955,-0.10317328628921799,1.8232362270355225,False,BASELINE
target_318,FX_NOKEUR,4,Ridge,0.009780171105731454,0.007290628246028882,0.004001815918810991,0.11788986991594788,0.008461236953735352,False,BASELINE
target_318,FX_NOKEUR,4,Lasso,0.009799806212666216,0.007306798974359806,-1.4191822186315761e-06,0.0,0.005660295486450195,False,BASELINE
target_318,FX_NOKEUR,4,RandomForest,0.011548800151179556,0.008869947717524689,-0.388798929019466,0.1900158808143861,0.3184494972229004,False,BASELINE
target_318,FX_NOKEUR,4,ElasticNet,0.009799806212666216,0.007306798974359806,-1.4191822186315761e-06,0.0,0.00543665885925293,False,BASELINE
target_318,FX_NOKEUR,4,XGBoost,0.012732541602254835,0.009862903247309027,-0.6880909769359231,-0.03995849378935802,0.5185682773590088,False,BASELINE
target_318,FX_NOKEUR,4,LightGBM,0.012230692662545839,0.009353747996588531,-0.5576423524471985,0.15398824534329267,1.6672511100769043,False,BASELINE
target_319,LME_AH_Close - FX_NOKEUR,4,Ridge,0.02329728199217585,0.018253148109421295,-0.029713214402638854,0.07152936135045376,0.007880926132202148,False,BASELINE
target_319,LME_AH_Close - FX_NOKEUR,4,Lasso,0.022989221793164472,0.018250072848424725,-0.002661440883954924,0.0,0.005753755569458008,False,BASELINE
target_319,LME_AH_Close - FX_NOKEUR,4,RandomForest,0.025410667479410974,0.01981826189576192,-0.2250051639237014,0.1770437652724425,0.4333055019378662,False,BASELINE
target_319,LME_AH_Close - FX_NOKEUR,4,ElasticNet,0.022947977820567372,0.018178329795248385,0.0009329953158415671,0.33292725853598815,0.005793333053588867,False,BASELINE
target_319,LME_AH_Close - FX_NOKEUR,4,XGBoost,0.03148988980941443,0.024669142485906022,-0.8812566802565038,0.015208164348061192,0.5505855083465576,False,BASELINE
target_319,LME_AH_Close - FX_NOKEUR,4,LightGBM,0.03014525068401512,0.023695130756082115,-0.7240250536323551,-0.017152068889875163,1.7239229679107666,False,BASELINE
target_320,JPX_Gold_Standard_Futures_Close - LME_ZS_Close,4,Ridge,0.030709967063960394,0.02496209186502491,-0.19122365621972404,0.004816087071162805,0.007859945297241211,False,BASELINE
target_320,JPX_Gold_Standard_Futures_Close - LME_ZS_Close,4,Lasso,0.028157069148481033,0.022362371470172736,-0.0014044173581693187,0.0885199074209709,0.011248111724853516,False,BASELINE
target_320,JPX_Gold_Standard_Futures_Close - LME_ZS_Close,4,RandomForest,0.03202057239544986,0.025294462587501038,-0.29506864905010466,0.015101954120645711,0.3989994525909424,False,BASELINE
target_320,JPX_Gold_Standard_Futures_Close - LME_ZS_Close,4,ElasticNet,0.0281301385577099,0.02235941181126968,0.0005102361565855196,0.1370993613218879,0.005856990814208984,False,BASELINE
target_320,JPX_Gold_Standard_Futures_Close - LME_ZS_Close,4,XGBoost,0.03106027816859564,0.024246078362619695,-0.21855543128756905,0.053688878797644515,0.5463142395019531,False,BASELINE
target_320,JPX_Gold_Standard_Futures_Close - LME_ZS_Close,4,LightGBM,0.030663831909328566,0.02395918969320748,-0.18764722732394512,-0.03811231066709636,1.746842861175537,False,BASELINE
target_321,LME_AH_Close - LME_ZS_Close,4,Ridge,0.020828832199296037,0.016165321333352904,-0.06172351393501829,0.07694097121256178,0.009018898010253906,False,BASELINE
target_321,LME_AH_Close - LME_ZS_Close,4,Lasso,0.02013152709100455,0.015841236967140144,0.008175041026072472,0.20888255655555013,0.00680088996887207,False,BASELINE
target_321,LME_AH_Close - LME_ZS_Close,4,RandomForest,0.020380360716477672,0.015782853558145623,-0.016495185756302044,0.15971416619478324,0.461259126663208,False,BASELINE
target_321,LME_AH_Close - LME_ZS_Close,4,ElasticNet,0.020091405755602268,0.016009419344289885,0.012124437252526432,0.21757727409538674,0.008007049560546875,False,BASELINE
target_321,LME_AH_Close - LME_ZS_Close,4,XGBoost,0.022023545082221485,0.017277919001813018,-0.1870145671515533,0.11593678522015202,0.5846710205078125,False,BASELINE
target_321,LME_AH_Close - LME_ZS_Close,4,LightGBM,0.02159359056497327,0.0168302508271448,-0.141120002840337,0.14204991251026663,1.7869906425476074,False,BASELINE
target_322,LME_AH_Close - LME_PB_Close,4,Ridge,0.02339960253700119,0.01801746031767214,-0.1701407942454809,0.10808339570521376,0.008166790008544922,False,BASELINE
target_322,LME_AH_Close - LME_PB_Close,4,Lasso,0.021637361793981146,0.016970755050322073,-0.0005292115609529802,0.12420384643599003,0.0067827701568603516,False,BASELINE
target_322,LME_AH_Close - LME_PB_Close,4,RandomForest,0.027240280327811478,0.022077456672959277,-0.5857849951699687,0.04269400226853602,0.4206564426422119,False,BASELINE
target_322,LME_AH_Close - LME_PB_Close,4,ElasticNet,0.021855645904230843,0.017001252486590592,-0.020818308805235164,0.1058958788262255,0.01116800308227539,False,BASELINE
target_322,LME_AH_Close - LME_PB_Close,4,XGBoost,0.030163373585334247,0.02487385832458974,-0.9443792833530993,0.041158239389707224,0.5669357776641846,False,BASELINE
target_322,LME_AH_Close - LME_PB_Close,4,LightGBM,0.028094516451247536,0.022868775491223917,-0.6868026800319933,-0.033143517053886726,1.6719474792480469,False,BASELINE
target_323,LME_PB_Close - LME_CA_Close,4,Ridge,0.02032512538161782,0.01617466145957826,-0.1346021877547332,0.07031929926590245,0.007960319519042969,False,BASELINE
target_323,LME_PB_Close - LME_CA_Close,4,Lasso,0.019186447747412686,0.015282856251939168,-0.011035256427555762,0.09995584697295516,0.0067157745361328125,False,BASELINE
target_323,LME_PB_Close - LME_CA_Close,4,RandomForest,0.02145541715802302,0.01709398822914184,-0.26430273036326346,0.0011470592736566626,0.3928971290588379,False,BASELINE
target_323,LME_PB_Close - LME_CA_Close,4,ElasticNet,0.019250183260073387,0.015350927856810956,-0.01776353474482195,0.10367227315161995,0.008846521377563477,False,BASELINE
target_323,LME_PB_Close - LME_CA_Close,4,XGBoost,0.022483650646124433,0.018167865376889948,-0.3883878583250675,0.06684700264764848,0.5417115688323975,False,BASELINE
target_323,LME_PB_Close - LME_CA_Close,4,LightGBM,0.024282276329678096,0.019370788368619482,-0.6194067456374184,0.05291394377190431,1.6781039237976074,False,BASELINE
target_324,LME_AH_Close - JPX_Platinum_Standard_Futures_Close,4,Ridge,0.038481539232521116,0.028823179862915847,-0.27970435281651995,0.03749011220812703,0.008173465728759766,False,BASELINE
target_324,LME_AH_Close - JPX_Platinum_Standard_Futures_Close,4,Lasso,0.03457795800618277,0.02579457625388043,-0.03324535578600174,0.10328873529039105,0.008094549179077148,False,BASELINE
target_324,LME_AH_Close - JPX_Platinum_Standard_Futures_Close,4,RandomForest,0.03530934348739267,0.025970464015694084,-0.07741759174607332,0.11309546479946093,0.3637125492095947,False,BASELINE
target_324,LME_AH_Close - JPX_Platinum_Standard_Futures_Close,4,ElasticNet,0.035015653400496484,0.026270626041016754,-0.059569006976198935,0.10328873529039105,0.006180763244628906,False,BASELINE
target_324,LME_AH_Close - JPX_Platinum_Standard_Futures_Close,4,XGBoost,0.03608230982494187,0.026292624972353563,-0.125105996773895,0.12686329944628366,0.590491533279419,False,BASELINE
target_324,LME_AH_Close - JPX_Platinum_Standard_Futures_Close,4,LightGBM,0.036581941243512064,0.026673454758446336,-0.15648038882230542,0.15038818738464244,1.6835839748382568,False,BASELINE
target_325,LME_PB_Close - US_Stock_ALB_adj_close,4,Ridge,0.06432693453452967,0.05018058092068814,-0.01339630673027914,0.03727549771438563,0.007570981979370117,False,BASELINE
target_325,LME_PB_Close - US_Stock_ALB_adj_close,4,Lasso,0.06417811480518051,0.049860205241996365,-0.008712765922218146,0.0,0.005530118942260742,False,BASELINE
target_325,LME_PB_Close - US_Stock_ALB_adj_close,4,RandomForest,0.06933626977020585,0.05468171489482241,-0.1773743011670592,0.03208870538948224,0.4192831516265869,False,BASELINE
target_325,LME_PB_Close - US_Stock_ALB_adj_close,4,ElasticNet,0.06427477735632786,0.050001801122961737,-0.01175362115872658,-0.010791097344690628,0.005564212799072266,False,BASELINE
target_325,LME_PB_Close - US_Stock_ALB_adj_close,4,XGBoost,0.07114714952274025,0.05540706678896498,-0.2396772048254212,-0.026015144648522108,0.5536906719207764,False,BASELINE
target_325,LME_PB_Close - US_Stock_ALB_adj_close,4,LightGBM,0.06954920372262265,0.05500848272305674,-0.18461691524924517,0.043406748955920886,1.6681551933288574,False,BASELINE
target_326,US_Stock_EWJ_adj_close - JPX_Gold_Standard_Futures_Close,4,Ridge,0.03218545854718105,0.02542195462538483,-0.3279003190960066,0.020403678045972665,0.008261919021606445,False,BASELINE
target_326,US_Stock_EWJ_adj_close - JPX_Gold_Standard_Futures_Close,4,Lasso,0.028211772409877066,0.02205520407357951,-0.0202505010338494,0.0891958126324541,0.009135246276855469,False,BASELINE
target_326,US_Stock_EWJ_adj_close - JPX_Gold_Standard_Futures_Close,4,RandomForest,0.033109050069363016,0.026450520174510505,-0.405204444153648,-0.006536487328494002,0.36917853355407715,False,BASELINE
target_326,US_Stock_EWJ_adj_close - JPX_Gold_Standard_Futures_Close,4,ElasticNet,0.02841813567988678,0.022190198274970246,-0.0352309328157423,0.0891958126324541,0.015963077545166016,False,BASELINE
target_326,US_Stock_EWJ_adj_close - JPX_Gold_Standard_Futures_Close,4,XGBoost,0.03425727546899962,0.02567479116688472,-0.5043597783495626,0.02502478291330777,0.5640749931335449,False,BASELINE
target_326,US_Stock_EWJ_adj_close - JPX_Gold_Standard_Futures_Close,4,LightGBM,0.036110429708106455,0.027610381344172985,-0.6715192650738635,-0.06977376083010887,1.6743569374084473,False,BASELINE
target_327,LME_ZS_Close - US_Stock_EWZ_adj_close,4,Ridge,0.033806647805647044,0.026878478975557337,-0.051367795708284536,0.18592577789989922,0.0077517032623291016,False,BASELINE
target_327,LME_ZS_Close - US_Stock_EWZ_adj_close,4,Lasso,0.03310214988083732,0.026650429839223836,-0.008005387273557485,0.06715322953801207,0.0063283443450927734,False,BASELINE
target_327,LME_ZS_Close - US_Stock_EWZ_adj_close,4,RandomForest,0.032884257758821325,0.026030449860027376,0.005221159306435519,0.2612053389287171,0.3858375549316406,False,BASELINE
target_327,LME_ZS_Close - US_Stock_EWZ_adj_close,4,ElasticNet,0.03306998671596463,0.026644130318759292,-0.006047514864366388,0.06715322953801207,0.007949352264404297,False,BASELINE
target_327,LME_ZS_Close - US_Stock_EWZ_adj_close,4,XGBoost,0.03659490985617823,0.028779502065972844,-0.2319464065334318,0.2625940741745203,0.5619497299194336,False,BASELINE
target_327,LME_ZS_Close - US_Stock_EWZ_adj_close,4,LightGBM,0.03596984840703223,0.028286816670710136,-0.19022115926903904,0.28131761534829003,1.6984083652496338,False,BASELINE
target_328,JPX_Platinum_Standard_Futures_Close - US_Stock_EWY_adj_close,4,Ridge,0.038227983526397544,0.030201879605143832,-0.1658261998643451,0.10979736637334163,0.007639408111572266,False,BASELINE
target_328,JPX_Platinum_Standard_Futures_Close - US_Stock_EWY_adj_close,4,Lasso,0.035483958834821076,0.028011951637301108,-0.0044658224516080924,0.0,0.005594015121459961,False,BASELINE
target_328,JPX_Platinum_Standard_Futures_Close - US_Stock_EWY_adj_close,4,RandomForest,0.03964677852438652,0.0307106607324666,-0.2539691154677226,0.05376540392514833,0.4039645195007324,False,BASELINE
target_328,JPX_Platinum_Standard_Futures_Close - US_Stock_EWY_adj_close,4,ElasticNet,0.03556882297426778,0.02807150733174871,-0.009276168591410894,0.05359873095979401,0.009595632553100586,False,BASELINE
target_328,JPX_Platinum_Standard_Futures_Close - US_Stock_EWY_adj_close,4,XGBoost,0.04081312745075,0.03158910806063719,-0.32883415277859784,0.009676140861912416,0.6159055233001709,False,BASELINE
target_328,JPX_Platinum_Standard_Futures_Close - US_Stock_EWY_adj_close,4,LightGBM,0.044280650585713455,0.033998575975855316,-0.564224258603407,-0.07689534778930598,1.7811188697814941,False,BASELINE
target_329,JPX_Platinum_Standard_Futures_Close - US_Stock_CLF_adj_close,4,Ridge,0.08703613617659939,0.06858477670070026,-0.3765007769600315,0.11228389444949953,0.011343955993652344,False,BASELINE
target_329,JPX_Platinum_Standard_Futures_Close - US_Stock_CLF_adj_close,4,Lasso,0.07562682549291785,0.057620204475178356,-0.0392714492771884,0.0,0.008002996444702148,False,BASELINE
target_329,JPX_Platinum_Standard_Futures_Close - US_Stock_CLF_adj_close,4,RandomForest,0.08434753982514788,0.06407187059096744,-0.29277246923513456,-0.046498075024153034,0.42382192611694336,False,BASELINE
target_329,JPX_Platinum_Standard_Futures_Close - US_Stock_CLF_adj_close,4,ElasticNet,0.07562682549291785,0.057620204475178356,-0.0392714492771884,0.0,0.008388757705688477,False,BASELINE
target_329,JPX_Platinum_Standard_Futures_Close - US_Stock_CLF_adj_close,4,XGBoost,0.08916740795949576,0.0696206783972886,-0.44473947458464247,0.027042688628736936,0.705632209777832,False,BASELINE
target_329,JPX_Platinum_Standard_Futures_Close - US_Stock_CLF_adj_close,4,LightGBM,0.08462985891354664,0.06641414411530656,-0.3014410124405018,0.08385181222933812,1.7898242473602295,False,BASELINE
target_330,LME_CA_Close - FX_ZARJPY,4,Ridge,0.02301076357905234,0.018046986048001895,-0.11295041704644304,-0.0728593073261811,0.00924372673034668,False,BASELINE
target_330,LME_CA_Close - FX_ZARJPY,4,Lasso,0.02181739893710171,0.01692888330204658,-0.0005060097408946529,0.285248924871061,0.007827281951904297,False,BASELINE
target_330,LME_CA_Close - FX_ZARJPY,4,RandomForest,0.022393519174287484,0.01768773229479131,-0.054043304254716595,0.05541160986210802,0.4622321128845215,False,BASELINE
target_330,LME_CA_Close - FX_ZARJPY,4,ElasticNet,0.021845830652996383,0.016935061883451067,-0.0031153618193948684,0.285248924871061,0.005627870559692383,False,BASELINE
target_330,LME_CA_Close - FX_ZARJPY,4,XGBoost,0.024214733527177647,0.019438084254032376,-0.23246088330110282,0.09342679175402885,0.6114861965179443,False,BASELINE
target_330,LME_CA_Close - FX_ZARJPY,4,LightGBM,0.024090623807717485,0.019075945293323304,-0.21985959786867193,0.04658560475046295,1.6616246700286865,False,BASELINE
target_331,JPX_Platinum_Standard_Futures_Close - US_Stock_BKR_adj_close,4,Ridge,0.04993466540117502,0.03716285957371714,-0.13490083386324203,0.03116610026929312,0.009150266647338867,False,BASELINE
target_331,JPX_Platinum_Standard_Futures_Close - US_Stock_BKR_adj_close,4,Lasso,0.04687309237317507,0.03526241731690163,-1.9329491238728735e-06,0.0,0.009155511856079102,False,BASELINE
target_331,JPX_Platinum_Standard_Futures_Close - US_Stock_BKR_adj_close,4,RandomForest,0.04866244213598754,0.03653698244116235,-0.0778080611959,-0.060233090203990265,0.3875699043273926,False,BASELINE
target_331,JPX_Platinum_Standard_Futures_Close - US_Stock_BKR_adj_close,4,ElasticNet,0.0468553160222781,0.035244073844979615,0.0007564131962632947,0.12689219844548388,0.00778651237487793,False,BASELINE
target_331,JPX_Platinum_Standard_Futures_Close - US_Stock_BKR_adj_close,4,XGBoost,0.052256010410125155,0.03957635861588563,-0.24287120399968165,-0.15928605829096254,0.6523663997650146,False,BASELINE
target_331,JPX_Platinum_Standard_Futures_Close - US_Stock_BKR_adj_close,4,LightGBM,0.053774097159372494,0.03981492375185552,-0.31613331330234473,-0.12837907634106327,1.6329963207244873,False,BASELINE
target_332,US_Stock_VT_adj_close - LME_ZS_Close,4,Ridge,0.02746352409833377,0.022374778940351087,-0.04519539034689246,0.05348087827542278,0.0078887939453125,False,BASELINE
target_332,US_Stock_VT_adj_close - LME_ZS_Close,4,Lasso,0.02687455865450792,0.021490508227914307,-0.0008468754424602043,0.0,0.006069183349609375,False,BASELINE
target_332,US_Stock_VT_adj_close - LME_ZS_Close,4,RandomForest,0.037984781056824686,0.03130768844668021,-0.9994208242317708,0.06566041349220227,0.43741893768310547,False,BASELINE
target_332,US_Stock_VT_adj_close - LME_ZS_Close,4,ElasticNet,0.026855005087193094,0.021477744578630886,0.0006090001699973202,0.16048188815655653,0.011529207229614258,False,BASELINE
target_332,US_Stock_VT_adj_close - LME_ZS_Close,4,XGBoost,0.04147871789060158,0.034369011506704544,-1.3841611330988033,0.03403769271303555,0.574967622756958,False,BASELINE
target_332,US_Stock_VT_adj_close - LME_ZS_Close,4,LightGBM,0.04044454693789867,0.033931021209389,-1.2667566872481606,0.10295791686144642,1.7647373676300049,False,BASELINE
target_333,LME_AH_Close - US_Stock_SCCO_adj_close,4,Ridge,0.04096393965986857,0.030746401013746007,0.03495017906613085,0.26321052988427407,0.010834217071533203,False,BASELINE
target_333,LME_AH_Close - US_Stock_SCCO_adj_close,4,Lasso,0.04174431733449709,0.03081717916910457,-0.0021691402752193056,0.0,0.008624553680419922,False,BASELINE
target_333,LME_AH_Close - US_Stock_SCCO_adj_close,4,RandomForest,0.042720929912022414,0.031099272830130066,-0.04960935759087115,-0.03023606714936368,0.45275402069091797,False,BASELINE
target_333,LME_AH_Close - US_Stock_SCCO_adj_close,4,ElasticNet,0.04170891010722198,0.030770446815838966,-0.00046979607059771666,0.08924363590514015,0.004602670669555664,False,BASELINE
target_333,LME_AH_Close - US_Stock_SCCO_adj_close,4,XGBoost,0.04381754385340945,0.032338664490270154,-0.10418631155939417,0.02479085706672947,0.6267554759979248,False,BASELINE
target_333,LME_AH_Close - US_Stock_SCCO_adj_close,4,LightGBM,0.04441195882097128,0.03269052556903466,-0.13434759839180233,0.024263613471267154,1.702303171157837,False,BASELINE
target_334,US_Stock_FCX_adj_close - LME_ZS_Close,4,Ridge,0.042080413285572896,0.03172623514291187,-0.04634241853122911,0.05534392459554201,0.010846376419067383,False,BASELINE
target_334,US_Stock_FCX_adj_close - LME_ZS_Close,4,Lasso,0.04140046426341866,0.031234421093315885,-0.012801326510860633,0.15108072678438594,0.007421016693115234,False,BASELINE
target_334,US_Stock_FCX_adj_close - LME_ZS_Close,4,RandomForest,0.041459194445940074,0.03166656688912375,-0.015676859335895577,0.18501373271812657,0.43891024589538574,False,BASELINE
target_334,US_Stock_FCX_adj_close - LME_ZS_Close,4,ElasticNet,0.0413292270559868,0.031197745110931933,-0.009318898646664575,0.15515919604421588,0.009438514709472656,False,BASELINE
target_334,US_Stock_FCX_adj_close - LME_ZS_Close,4,XGBoost,0.041546791892618985,0.032075541167048346,-0.019973358194890656,0.21282947520676396,0.6263773441314697,False,BASELINE
target_334,US_Stock_FCX_adj_close - LME_ZS_Close,4,LightGBM,0.0426140012298505,0.033435067436983046,-0.07304631390065475,0.15777489523524044,1.746267318725586,False,BASELINE
target_335,US_Stock_TRGP_adj_close - LME_CA_Close,4,Ridge,0.11163397291432248,0.09129149351284291,-6.093886015823302,0.19745436205606565,0.007675886154174805,False,BASELINE
target_335,US_Stock_TRGP_adj_close - LME_CA_Close,4,Lasso,0.04197494887140128,0.03185540436867653,-0.0029327094844791013,0.07455634815562874,0.007853031158447266,False,BASELINE
target_335,US_Stock_TRGP_adj_close - LME_CA_Close,4,RandomForest,0.04265889539367637,0.03251178296065166,-0.03588287932694767,-0.04753935146361394,0.4371209144592285,False,BASELINE
target_335,US_Stock_TRGP_adj_close - LME_CA_Close,4,ElasticNet,0.04201588563325436,0.03188945061338336,-0.004889916783441972,0.06271195311487071,0.012105464935302734,False,BASELINE
target_335,US_Stock_TRGP_adj_close - LME_CA_Close,4,XGBoost,0.044647912128338456,0.03448016392087092,-0.13473317872451207,0.02047774871445343,0.5488395690917969,False,BASELINE
target_335,US_Stock_TRGP_adj_close - LME_CA_Close,4,LightGBM,0.04529469746566402,0.034677344977565874,-0.16784759423002238,-0.05246118380907179,1.7013435363769531,False,BASELINE
target_336,FX_EURAUD - LME_AH_Close,4,Ridge,0.028954860583279146,0.021705964321435615,-0.07216301178426221,0.007946261408100069,0.007707118988037109,False,BASELINE
target_336,FX_EURAUD - LME_AH_Close,4,Lasso,0.02796667367007642,0.021245976345742733,-0.00022911957034232877,0.0,0.005812644958496094,False,BASELINE
target_336,FX_EURAUD - LME_AH_Close,4,RandomForest,0.03383871461471679,0.02640612804591856,-0.4643523202761919,-0.1383222887110186,0.40190911293029785,False,BASELINE
target_336,FX_EURAUD - LME_AH_Close,4,ElasticNet,0.027923043666624948,0.021212758308173284,0.002889303428330159,0.305002729271565,0.027995586395263672,False,BASELINE
target_336,FX_EURAUD - LME_AH_Close,4,XGBoost,0.035648215710040024,0.028032513594494785,-0.6251500234991927,-0.11872152757584567,0.5995967388153076,False,BASELINE
target_336,FX_EURAUD - LME_AH_Close,4,LightGBM,0.0360352486885902,0.028068186848703387,-0.6606301224771471,-0.19230753534024067,1.7312536239624023,False,BASELINE
target_337,FX_CADUSD - LME_CA_Close,4,Ridge,0.023301567115947597,0.0166912414018935,-0.0703838265194483,-0.019429352678002068,0.010021686553955078,False,BASELINE
target_337,FX_CADUSD - LME_CA_Close,4,Lasso,0.022582869969508187,0.016244696775498675,-0.005373760497245472,0.25045147763272674,0.010838508605957031,False,BASELINE
target_337,FX_CADUSD - LME_CA_Close,4,RandomForest,0.024060468778868555,0.017815186932983527,-0.14124121558947578,0.09667972635864157,0.44515323638916016,False,BASELINE
target_337,FX_CADUSD - LME_CA_Close,4,ElasticNet,0.022603443132595494,0.016302478342305672,-0.007206400890360953,0.25045147763272674,0.009480476379394531,False,BASELINE
target_337,FX_CADUSD - LME_CA_Close,4,XGBoost,0.025412287542818462,0.01833960259833169,-0.27308323794603373,-0.015240558505889613,0.6281247138977051,False,BASELINE
target_337,FX_CADUSD - LME_CA_Close,4,LightGBM,0.02492710064951508,0.01849589167647788,-0.22493434879604446,0.08561648377996459,1.7046451568603516,False,BASELINE
target_338,JPX_Gold_Standard_Futures_Close - US_Stock_MPC_adj_close,4,Ridge,0.052978511649547866,0.04059695355318349,-0.39031632476489353,0.09177497986842524,0.008848190307617188,False,BASELINE
target_338,JPX_Gold_Standard_Futures_Close - US_Stock_MPC_adj_close,4,Lasso,0.049802410195485085,0.03787468582122174,-0.22861223994848912,0.1005028290797811,0.009486198425292969,False,BASELINE
target_338,JPX_Gold_Standard_Futures_Close - US_Stock_MPC_adj_close,4,RandomForest,0.04825050278835671,0.03672691347367683,-0.1532349668736328,0.04432241140895828,0.3932821750640869,False,BASELINE
target_338,JPX_Gold_Standard_Futures_Close - US_Stock_MPC_adj_close,4,ElasticNet,0.05043224607686625,0.03844816552387885,-0.25988451084469877,0.1005028290797811,0.0065212249755859375,False,BASELINE
target_338,JPX_Gold_Standard_Futures_Close - US_Stock_MPC_adj_close,4,XGBoost,0.05037234854048437,0.03909043560296681,-0.2568936004435647,0.057386083388810225,0.5430364608764648,False,BASELINE
target_338,JPX_Gold_Standard_Futures_Close - US_Stock_MPC_adj_close,4,LightGBM,0.05245151882419586,0.04100589394171242,-0.3627941245250801,0.0645247252560901,1.752270221710205,False,BASELINE
target_339,US_Stock_RSP_adj_close - LME_PB_Close,4,Ridge,0.024837094266687534,0.020086289310181325,-0.18265579913626628,0.14001127641124642,0.009569168090820312,False,BASELINE
target_339,US_Stock_RSP_adj_close - LME_PB_Close,4,Lasso,0.02284603036599111,0.017882711002229806,-0.0006410005642536465,0.0,0.007788658142089844,False,BASELINE
target_339,US_Stock_RSP_adj_close - LME_PB_Close,4,RandomForest,0.02494535936146878,0.02011586368985226,-0.19298868310834605,0.11747659371494706,0.3971898555755615,False,BASELINE
target_339,US_Stock_RSP_adj_close - LME_PB_Close,4,ElasticNet,0.022785368483919422,0.017857113583362443,0.004665845097723831,0.09626403455244661,0.011361360549926758,False,BASELINE
target_339,US_Stock_RSP_adj_close - LME_PB_Close,4,XGBoost,0.02519677958863832,0.020073116183696626,-0.2171577489549752,0.05365394977714814,0.5947716236114502,False,BASELINE
target_339,US_Stock_RSP_adj_close - LME_PB_Close,4,LightGBM,0.026507078063172963,0.021661978717346413,-0.34704005087155654,0.0614965867445072,1.7073819637298584,False,BASELINE
target_340,JPX_Platinum_Standard_Futures_Close - US_Stock_IAU_adj_close,4,Ridge,0.03481304268084607,0.026552414639695786,-0.10378061405962802,0.006860142970519233,0.007730960845947266,False,BASELINE
target_340,JPX_Platinum_Standard_Futures_Close - US_Stock_IAU_adj_close,4,Lasso,0.033147994435491455,0.023915935149471646,-0.0007216869983286411,0.0,0.0059833526611328125,False,BASELINE
target_340,JPX_Platinum_Standard_Futures_Close - US_Stock_IAU_adj_close,4,RandomForest,0.03404755237277276,0.02463544796507204,-0.05577309479668724,-0.10318200009496482,0.34322690963745117,False,BASELINE
target_340,JPX_Platinum_Standard_Futures_Close - US_Stock_IAU_adj_close,4,ElasticNet,0.033179451153411005,0.023781438304496423,-0.0026219139652314816,-0.011894054135766757,0.005257606506347656,False,BASELINE
target_340,JPX_Platinum_Standard_Futures_Close - US_Stock_IAU_adj_close,4,XGBoost,0.035059989623008034,0.025630881615539745,-0.11949552922339812,-0.0037592505918343806,0.5376384258270264,False,BASELINE
target_340,JPX_Platinum_Standard_Futures_Close - US_Stock_IAU_adj_close,4,LightGBM,0.03642365765958772,0.026985385055571978,-0.208275329034868,-0.1747254014444344,1.6747901439666748,False,BASELINE
target_341,JPX_Platinum_Standard_Futures_Close - US_Stock_VXUS_adj_close,4,Ridge,0.033796002864943046,0.026528481613684932,-0.1463959812486575,0.10768682149809924,0.008274555206298828,False,BASELINE
target_341,JPX_Platinum_Standard_Futures_Close - US_Stock_VXUS_adj_close,4,Lasso,0.03170835949149371,0.02368759250607776,-0.009140242017884992,0.003843362297606208,0.006570577621459961,False,BASELINE
target_341,JPX_Platinum_Standard_Futures_Close - US_Stock_VXUS_adj_close,4,RandomForest,0.04446042549430968,0.035561598457062735,-0.9840435820612854,0.04254366201823518,0.3785691261291504,False,BASELINE
target_341,JPX_Platinum_Standard_Futures_Close - US_Stock_VXUS_adj_close,4,ElasticNet,0.031953874362624736,0.02378696794934914,-0.024828100212579862,0.003843362297606208,0.005071163177490234,False,BASELINE
target_341,JPX_Platinum_Standard_Futures_Close - US_Stock_VXUS_adj_close,4,XGBoost,0.04166998304377209,0.032122441742732,-0.742812338430674,-0.034080551493709546,0.5728311538696289,False,BASELINE
target_341,JPX_Platinum_Standard_Futures_Close - US_Stock_VXUS_adj_close,4,LightGBM,0.04126636717790259,0.031220102888713852,-0.7092140520447427,-0.1165049841999843,1.6673369407653809,False,BASELINE
target_342,LME_PB_Close - US_Stock_LYB_adj_close,4,Ridge,0.037575045135321096,0.02711207472680121,-0.21590521244788352,0.0668915406694239,0.008466720581054688,False,BASELINE
target_342,LME_PB_Close - US_Stock_LYB_adj_close,4,Lasso,0.03452133411731127,0.025148911140915057,-0.026303572679276632,0.0,0.005537986755371094,False,BASELINE
target_342,LME_PB_Close - US_Stock_LYB_adj_close,4,RandomForest,0.036091304277244156,0.026636883512555356,-0.12177524617154223,0.012406133987079706,0.37822628021240234,False,BASELINE
target_342,LME_PB_Close - US_Stock_LYB_adj_close,4,ElasticNet,0.03442925047856863,0.02506049447824802,-0.02083566562772088,0.12320044296788482,0.00906515121459961,False,BASELINE
target_342,LME_PB_Close - US_Stock_LYB_adj_close,4,XGBoost,0.03748588951059068,0.028007895622270428,-0.2101420161285985,0.0717536008983065,0.5915749073028564,False,BASELINE
target_342,LME_PB_Close - US_Stock_LYB_adj_close,4,LightGBM,0.038394214321561974,0.028503916209938328,-0.2694987221599887,0.01971082190526149,1.706540822982788,False,BASELINE
target_343,US_Stock_DVN_adj_close - LME_ZS_Close,4,Ridge,0.0749768283862066,0.05957064124590397,-1.4023629108085327,0.06685764006599317,0.00821375846862793,False,BASELINE
target_343,US_Stock_DVN_adj_close - LME_ZS_Close,4,Lasso,0.04925322618097878,0.037456206066745684,-0.03670179276856955,-0.05571207325385128,0.01172327995300293,False,BASELINE
target_343,US_Stock_DVN_adj_close - LME_ZS_Close,4,RandomForest,0.05140493556646917,0.03892433226372002,-0.12926046008287662,-0.02926960257787325,0.4111521244049072,False,BASELINE
target_343,US_Stock_DVN_adj_close - LME_ZS_Close,4,ElasticNet,0.049325270595300764,0.03753263106542699,-0.039736850736328266,-0.055337977121255905,0.013533830642700195,False,BASELINE
target_343,US_Stock_DVN_adj_close - LME_ZS_Close,4,XGBoost,0.053931121862967335,0.04198825225725248,-0.24297785916847325,0.02077423030761526,0.5995829105377197,False,BASELINE
target_343,US_Stock_DVN_adj_close - LME_ZS_Close,4,LightGBM,0.05430920794966956,0.04167495340098609,-0.2604668313366183,-0.08363546502706695,1.7074313163757324,False,BASELINE
target_344,US_Stock_CVX_adj_close - LME_ZS_Close,4,Ridge,0.03796055197979659,0.03029601924148608,-0.10041748048752441,0.18995727334472867,0.007314205169677734,False,BASELINE
target_344,US_Stock_CVX_adj_close - LME_ZS_Close,4,Lasso,0.036172172795227615,0.02889165087569221,0.000824821761404082,0.15500664332877756,0.01075434684753418,False,BASELINE
target_344,US_Stock_CVX_adj_close - LME_ZS_Close,4,RandomForest,0.037943623155340875,0.03045669999373182,-0.09943621864831198,0.13691829240876274,0.35901904106140137,False,BASELINE
target_344,US_Stock_CVX_adj_close - LME_ZS_Close,4,ElasticNet,0.03611742860717438,0.028864031433651887,0.003846904094271575,0.15557908772881418,0.01121973991394043,False,BASELINE
target_344,US_Stock_CVX_adj_close - LME_ZS_Close,4,XGBoost,0.0400870773175032,0.032814802580160514,-0.22716011218912024,0.06135473948278384,0.6202020645141602,False,BASELINE
target_344,US_Stock_CVX_adj_close - LME_ZS_Close,4,LightGBM,0.03871095098460843,0.0314753886782072,-0.1443532936883054,0.08239125340641588,1.8063838481903076,False,BASELINE
target_345,FX_CADJPY - LME_PB_Close,4,Ridge,0.022718918348254086,0.018039156612661967,0.023033597044157528,0.18467858363559375,0.008837699890136719,False,BASELINE
target_345,FX_CADJPY - LME_PB_Close,4,Lasso,0.02302218022270096,0.018444183501044733,-0.0032224132197529176,0.0,0.006818294525146484,False,BASELINE
target_345,FX_CADJPY - LME_PB_Close,4,RandomForest,0.02381300256059581,0.01908830564347052,-0.07332845948734223,0.2154413002555822,0.4145622253417969,False,BASELINE
target_345,FX_CADJPY - LME_PB_Close,4,ElasticNet,0.0227754098258301,0.018238108501299137,0.018169026364713625,0.28480254868051197,0.00809931755065918,False,BASELINE
target_345,FX_CADJPY - LME_PB_Close,4,XGBoost,0.02636235705101668,0.021078874444416376,-0.31544532908029743,0.03383072394565943,0.6246862411499023,False,BASELINE
target_345,FX_CADJPY - LME_PB_Close,4,LightGBM,0.02709642277887772,0.02183039777172522,-0.3897230068986246,0.091627002953735,1.7513642311096191,False,BASELINE
target_346,US_Stock_ACWI_adj_close - JPX_Gold_Standard_Futures_Close,4,Ridge,0.03218908631487195,0.025387047213761026,-0.6893109373169206,-0.031397891974599815,0.00787353515625,False,BASELINE
target_346,US_Stock_ACWI_adj_close - JPX_Gold_Standard_Futures_Close,4,Lasso,0.024892381025384238,0.019212390681007947,-0.010241430412233576,0.0,0.0055084228515625,False,BASELINE
target_346,US_Stock_ACWI_adj_close - JPX_Gold_Standard_Futures_Close,4,RandomForest,0.035248912015654006,0.029216380197294223,-1.0257401152404628,0.05168509275059812,0.4301929473876953,False,BASELINE
target_346,US_Stock_ACWI_adj_close - JPX_Gold_Standard_Futures_Close,4,ElasticNet,0.02500104025851954,0.019342747408854697,-0.019080411730615365,0.06956948954466301,0.003885030746459961,False,BASELINE
target_346,US_Stock_ACWI_adj_close - JPX_Gold_Standard_Futures_Close,4,XGBoost,0.03142596324493294,0.024684826417964753,-0.6101616975594035,-0.10213544891715867,0.5281631946563721,False,BASELINE
target_346,US_Stock_ACWI_adj_close - JPX_Gold_Standard_Futures_Close,4,LightGBM,0.036282194856489904,0.028912224795070905,-1.14624550111389,-0.051093597529363995,1.7497804164886475,False,BASELINE
target_347,LME_CA_Close - US_Stock_BNDX_adj_close,4,Ridge,0.02564655071601003,0.018666362567140497,-0.05296351733596416,-0.0037802146562419332,0.008056640625,False,BASELINE
target_347,LME_CA_Close - US_Stock_BNDX_adj_close,4,Lasso,0.024991954943485814,0.01850377105524722,0.00010164218038455353,0.21340162223308629,0.007298469543457031,False,BASELINE
target_347,LME_CA_Close - US_Stock_BNDX_adj_close,4,RandomForest,0.02601430346787421,0.019357397896649788,-0.08337747314396138,0.11017755589733706,0.3662905693054199,False,BASELINE
target_347,LME_CA_Close - US_Stock_BNDX_adj_close,4,ElasticNet,0.02499162220081928,0.018530840846870244,0.00012826727888171074,0.21340162223308629,0.007894754409790039,False,BASELINE
target_347,LME_CA_Close - US_Stock_BNDX_adj_close,4,XGBoost,0.027194041395572455,0.020335153674189834,-0.18386697380642336,0.03318571702155246,0.6195487976074219,False,BASELINE
target_347,LME_CA_Close - US_Stock_BNDX_adj_close,4,LightGBM,0.026925503217110347,0.020540401316434184,-0.16060130352993163,0.0829434763938798,1.770012617111206,False,BASELINE
target_348,FX_ZAREUR - JPX_Gold_Standard_Futures_Close,4,Ridge,0.02431288709542675,0.019595530518096694,-0.23706656199048903,0.12487536299532187,0.007711887359619141,False,BASELINE
target_348,FX_ZAREUR - JPX_Gold_Standard_Futures_Close,4,Lasso,0.022020089923425232,0.01775077550058668,-0.014747938647912129,0.0,0.005916118621826172,False,BASELINE
target_348,FX_ZAREUR - JPX_Gold_Standard_Futures_Close,4,RandomForest,0.02314595243408983,0.018744934053245916,-0.12116650330988943,0.0855804250329685,0.4172337055206299,False,BASELINE
target_348,FX_ZAREUR - JPX_Gold_Standard_Futures_Close,4,ElasticNet,0.022020089923425232,0.01775077550058668,-0.014747938647912129,0.0,0.007576465606689453,False,BASELINE
target_348,FX_ZAREUR - JPX_Gold_Standard_Futures_Close,4,XGBoost,0.026324274148437403,0.021457448458526037,-0.45021639786377055,0.047881586571383424,0.7044811248779297,False,BASELINE
target_348,FX_ZAREUR - JPX_Gold_Standard_Futures_Close,4,LightGBM,0.02562572017184087,0.02060489760027412,-0.3742702981577406,0.045782044471073736,1.8387384414672852,False,BASELINE
target_349,LME_AH_Close - US_Stock_VWO_adj_close,4,Ridge,0.027829936539380123,0.02249358853950833,-0.285265377859103,0.006745030587860253,0.007941246032714844,False,BASELINE
target_349,LME_AH_Close - US_Stock_VWO_adj_close,4,Lasso,0.024580928921431315,0.018550641302986257,-0.0026860175436602685,0.0,0.006220579147338867,False,BASELINE
target_349,LME_AH_Close - US_Stock_VWO_adj_close,4,RandomForest,0.027584480395317114,0.02069260447888226,-0.2626936371744133,0.13350087368397262,0.39105653762817383,False,BASELINE
target_349,LME_AH_Close - US_Stock_VWO_adj_close,4,ElasticNet,0.024580928921431315,0.018550641302986257,-0.0026860175436602685,0.0,0.0066187381744384766,False,BASELINE
target_349,LME_AH_Close - US_Stock_VWO_adj_close,4,XGBoost,0.028078595124520708,0.020458695671247255,-0.30833550146539834,0.08898402865255212,0.5792129039764404,False,BASELINE
target_349,LME_AH_Close - US_Stock_VWO_adj_close,4,LightGBM,0.027777108114481298,0.020829714773327793,-0.280390476266428,-0.013695546412305087,1.7194666862487793,False,BASELINE
target_350,LME_ZS_Close - US_Stock_IEMG_adj_close,4,Ridge,0.02499702315520346,0.020089384310404426,-0.029360435937412444,0.026846006806289572,0.007651567459106445,False,BASELINE
target_350,LME_ZS_Close - US_Stock_IEMG_adj_close,4,Lasso,0.02464420873391504,0.01947074484101056,-0.0005081806757756269,0.0,0.005541324615478516,False,BASELINE
target_350,LME_ZS_Close - US_Stock_IEMG_adj_close,4,RandomForest,0.025683620126693736,0.020580599866901174,-0.08668422497109063,0.026141825850815932,0.4112544059753418,False,BASELINE
target_350,LME_ZS_Close - US_Stock_IEMG_adj_close,4,ElasticNet,0.02464420873391504,0.01947074484101056,-0.0005081806757756269,0.0,0.011294126510620117,False,BASELINE
target_350,LME_ZS_Close - US_Stock_IEMG_adj_close,4,XGBoost,0.026771556104833654,0.021164868967468373,-0.18069607009959587,0.10594176471078026,0.6523311138153076,False,BASELINE
target_350,LME_ZS_Close - US_Stock_IEMG_adj_close,4,LightGBM,0.02824939927895118,0.022817691174241674,-0.3146475031226623,0.11222081068832498,1.661463737487793,False,BASELINE
target_351,FX_EURGBP - JPX_Gold_Standard_Futures_Close,4,Ridge,0.02488050884905626,0.018910172944736257,-0.2192689298026882,0.1500316438535175,0.00722050666809082,False,BASELINE
target_351,FX_EURGBP - JPX_Gold_Standard_Futures_Close,4,Lasso,0.022730789787829293,0.017117649983600797,-0.017677193568814697,0.0,0.005244255065917969,False,BASELINE
target_351,FX_EURGBP - JPX_Gold_Standard_Futures_Close,4,RandomForest,0.02805791569485814,0.02219707762586404,-0.5505715190091649,0.010724415054860484,0.42740607261657715,False,BASELINE
target_351,FX_EURGBP - JPX_Gold_Standard_Futures_Close,4,ElasticNet,0.022730789787829293,0.017117649983600797,-0.017677193568814697,0.0,0.007842063903808594,False,BASELINE
target_351,FX_EURGBP - JPX_Gold_Standard_Futures_Close,4,XGBoost,0.030479615303982018,0.02453861553819307,-0.829784537099876,-0.12405618108643847,0.5978307723999023,False,BASELINE
target_351,FX_EURGBP - JPX_Gold_Standard_Futures_Close,4,LightGBM,0.026265663141237877,0.020829611609070004,-0.3588068602410617,0.008386203870323752,1.6533730030059814,False,BASELINE
target_352,US_Stock_OXY_adj_close - LME_CA_Close,4,Ridge,0.04528348572733556,0.032861996246584806,-0.3361008612739276,-0.016208056924465884,0.007516384124755859,False,BASELINE
target_352,US_Stock_OXY_adj_close - LME_CA_Close,4,Lasso,0.041995699728607117,0.031146279648897882,-0.14913006787956729,0.011986242302481404,0.008069276809692383,False,BASELINE
target_352,US_Stock_OXY_adj_close - LME_CA_Close,4,RandomForest,0.04575673466026406,0.03265601899110651,-0.36417345164356507,0.06824726743293924,0.3914225101470947,False,BASELINE
target_352,US_Stock_OXY_adj_close - LME_CA_Close,4,ElasticNet,0.041997152157782526,0.030992833369123982,-0.14920955501322974,0.0056902460232213185,0.008226871490478516,False,BASELINE
target_352,US_Stock_OXY_adj_close - LME_CA_Close,4,XGBoost,0.0504668146932328,0.037127721310446046,-0.6594773661330178,-0.012787069715104085,0.5901200771331787,False,BASELINE
target_352,US_Stock_OXY_adj_close - LME_CA_Close,4,LightGBM,0.04833841674777447,0.03549998309562338,-0.5224547309180771,0.06137644776392809,1.556347131729126,False,BASELINE
target_353,US_Stock_RIO_adj_close - LME_AH_Close,4,Ridge,0.02633927259246453,0.02118500216905317,-0.06074109443576692,0.16336552106416966,0.007409334182739258,False,BASELINE
target_353,US_Stock_RIO_adj_close - LME_AH_Close,4,Lasso,0.025844352023446798,0.0208832965338868,-0.021252508208487564,0.0,0.004397392272949219,False,BASELINE
target_353,US_Stock_RIO_adj_close - LME_AH_Close,4,RandomForest,0.026911394905537067,0.021285351685465578,-0.10732284250478386,0.06712735802486758,0.37932682037353516,False,BASELINE
target_353,US_Stock_RIO_adj_close - LME_AH_Close,4,ElasticNet,0.025844352023446798,0.0208832965338868,-0.021252508208487564,0.0,0.005997419357299805,False,BASELINE
target_353,US_Stock_RIO_adj_close - LME_AH_Close,4,XGBoost,0.029166977175322135,0.023052386820275324,-0.3007225933984252,0.03468031730964811,0.558631420135498,False,BASELINE
target_353,US_Stock_RIO_adj_close - LME_AH_Close,4,LightGBM,0.028424997494473022,0.02270335917516963,-0.23538610000506255,0.06557149875162514,1.4835395812988281,False,BASELINE
target_354,LME_AH_Close - US_Stock_XLE_adj_close,4,Ridge,0.03321915193323347,0.02537037523121506,-0.0227828804276633,0.08130375773320343,0.007882118225097656,False,BASELINE
target_354,LME_AH_Close - US_Stock_XLE_adj_close,4,Lasso,0.033073485185279916,0.024916130458597776,-0.01383269385929431,0.12233746444897245,0.007268428802490234,False,BASELINE
target_354,LME_AH_Close - US_Stock_XLE_adj_close,4,RandomForest,0.03642236795185204,0.02822623417659075,-0.2295401730011728,0.0438522147799494,0.38435888290405273,False,BASELINE
target_354,LME_AH_Close - US_Stock_XLE_adj_close,4,ElasticNet,0.03317001872651136,0.02501126763355012,-0.01975959798968363,0.12233746444897245,0.006097555160522461,False,BASELINE
target_354,LME_AH_Close - US_Stock_XLE_adj_close,4,XGBoost,0.039643659351987014,0.031180855668228577,-0.4566453928701355,0.06466599579156719,0.566786527633667,False,BASELINE
target_354,LME_AH_Close - US_Stock_XLE_adj_close,4,LightGBM,0.04013554646335626,0.031124847049750742,-0.4930169186492679,-0.0011451861737875775,1.4483835697174072,False,BASELINE
target_355,LME_ZS_Close - US_Stock_AMP_adj_close,4,Ridge,0.039537179681766316,0.03082938404385938,-0.09829548241493069,0.1261191659737859,0.007681846618652344,False,BASELINE
target_355,LME_ZS_Close - US_Stock_AMP_adj_close,4,Lasso,0.037771849756925685,0.029161010593772994,-0.0024075556582188185,0.0,0.006456851959228516,False,BASELINE
target_355,LME_ZS_Close - US_Stock_AMP_adj_close,4,RandomForest,0.03906583464638131,0.0297407079251368,-0.07226477549380284,0.013086525045408966,0.38543009757995605,False,BASELINE
target_355,LME_ZS_Close - US_Stock_AMP_adj_close,4,ElasticNet,0.037756232341160344,0.029150123483237814,-0.0015788020098215227,0.15478747890133496,0.004582881927490234,False,BASELINE
target_355,LME_ZS_Close - US_Stock_AMP_adj_close,4,XGBoost,0.04459820112851874,0.03578864878362834,-0.3974700464609462,0.03909126161393041,0.5413105487823486,False,BASELINE
target_355,LME_ZS_Close - US_Stock_AMP_adj_close,4,LightGBM,0.04159146455140448,0.03268631810360813,-0.21539165779151648,0.05250370825021738,1.486933708190918,False,BASELINE
target_356,JPX_Gold_Standard_Futures_Close - US_Stock_XOM_adj_close,4,Ridge,0.03441793076628451,0.02832953795016349,-0.19188478125200192,0.08103038777628223,0.0063974857330322266,False,BASELINE
target_356,JPX_Gold_Standard_Futures_Close - US_Stock_XOM_adj_close,4,Lasso,0.03241246413336551,0.02616728155733172,-0.05703376331947063,0.04177502831986867,0.005282878875732422,False,BASELINE
target_356,JPX_Gold_Standard_Futures_Close - US_Stock_XOM_adj_close,4,RandomForest,0.033268278673415794,0.026678261347519223,-0.11359025711534532,0.021957225127693776,0.3250885009765625,False,BASELINE
target_356,JPX_Gold_Standard_Futures_Close - US_Stock_XOM_adj_close,4,ElasticNet,0.03276872124973332,0.026410724420012556,-0.08039794441212811,0.04177502831986867,0.004189252853393555,False,BASELINE
target_356,JPX_Gold_Standard_Futures_Close - US_Stock_XOM_adj_close,4,XGBoost,0.03533518230409095,0.02823632366208944,-0.2562597164075069,0.031697128089142906,0.5626266002655029,False,BASELINE
target_356,JPX_Gold_Standard_Futures_Close - US_Stock_XOM_adj_close,4,LightGBM,0.037828931053891755,0.030269251583171685,-0.4398355759857704,-0.005132558304044435,1.4480388164520264,False,BASELINE
target_357,LME_ZS_Close - US_Stock_HAL_adj_close,4,Ridge,0.05222266234517178,0.039501481930979215,-0.1626009566598019,0.09995503709439711,0.006790876388549805,False,BASELINE
target_357,LME_ZS_Close - US_Stock_HAL_adj_close,4,Lasso,0.04894189271352991,0.03701102791743479,-0.021113880917150496,0.03307985443852985,0.005842685699462891,False,BASELINE
target_357,LME_ZS_Close - US_Stock_HAL_adj_close,4,RandomForest,0.05422304313716895,0.04257151080749469,-0.25337328576299445,-0.07384294861501166,0.36753153800964355,False,BASELINE
target_357,LME_ZS_Close - US_Stock_HAL_adj_close,4,ElasticNet,0.04896307899412401,0.03700896652451086,-0.02199812492353659,0.03307985443852985,0.0038661956787109375,False,BASELINE
target_357,LME_ZS_Close - US_Stock_HAL_adj_close,4,XGBoost,0.05759295614082253,0.04578700428993887,-0.4140064807157178,0.006941594613015689,0.5303983688354492,False,BASELINE
target_357,LME_ZS_Close - US_Stock_HAL_adj_close,4,LightGBM,0.054872983735579764,0.043862033470069964,-0.2836003005905605,-0.03000887363163485,1.5318090915679932,False,BASELINE
target_358,LME_CA_Close - US_Stock_VGIT_adj_close,4,Ridge,0.025922002353709235,0.018987761778097287,-0.03919835734417565,-0.04584610553436272,0.007296085357666016,False,BASELINE
target_358,LME_CA_Close - US_Stock_VGIT_adj_close,4,Lasso,0.02542842475163239,0.018948868981031715,-6.321306265100191e-07,0.22062126126897688,0.005562543869018555,False,BASELINE
target_358,LME_CA_Close - US_Stock_VGIT_adj_close,4,RandomForest,0.026574365205542867,0.019602361134749235,-0.09216224266668882,0.0990331785800524,0.3892052173614502,False,BASELINE
target_358,LME_CA_Close - US_Stock_VGIT_adj_close,4,ElasticNet,0.025425745711018858,0.018975853466924694,0.00021006917756938304,0.22062126126897688,0.006323575973510742,False,BASELINE
target_358,LME_CA_Close - US_Stock_VGIT_adj_close,4,XGBoost,0.02814835467685196,0.021467269385414673,-0.2253704114510211,-0.003923548786536821,0.5624549388885498,False,BASELINE
target_358,LME_CA_Close - US_Stock_VGIT_adj_close,4,LightGBM,0.027779671243008366,0.021515232579044682,-0.19348114903634306,0.16498561305970194,1.474696397781372,False,BASELINE
target_359,LME_ZS_Close - US_Stock_JNK_adj_close,4,Ridge,0.027503929045919164,0.022330623169017513,-0.015764722381252927,0.05846634859574183,0.006551504135131836,False,BASELINE
target_359,LME_ZS_Close - US_Stock_JNK_adj_close,4,Lasso,0.02732352785647657,0.021861193038014672,-0.0024834052598041723,0.2714468896493726,0.005471467971801758,False,BASELINE
target_359,LME_ZS_Close - US_Stock_JNK_adj_close,4,RandomForest,0.028221555653518315,0.02209090634172025,-0.06946246577118775,0.18288186056027583,0.36412668228149414,False,BASELINE
target_359,LME_ZS_Close - US_Stock_JNK_adj_close,4,ElasticNet,0.027207447631640288,0.021782033982167333,0.006016325225898678,0.2714468896493726,0.006043195724487305,False,BASELINE
target_359,LME_ZS_Close - US_Stock_JNK_adj_close,4,XGBoost,0.03147232519596403,0.02489691493135345,-0.33002960458287744,0.06299207915374577,0.5629658699035645,False,BASELINE
target_359,LME_ZS_Close - US_Stock_JNK_adj_close,4,LightGBM,0.031943522933764755,0.02557216511852489,-0.3701536441142812,0.06424521198582597,1.4688050746917725,False,BASELINE
target_360,LME_AH_Close - US_Stock_VTV_adj_close,4,Ridge,0.02832459657089174,0.022884083390716303,-0.16790457519956914,0.10805549707205839,0.007712841033935547,False,BASELINE
target_360,LME_AH_Close - US_Stock_VTV_adj_close,4,Lasso,0.026220450609896608,0.02052013974375842,-0.0008297257268576885,0.0,0.006330966949462891,False,BASELINE
target_360,LME_AH_Close - US_Stock_VTV_adj_close,4,RandomForest,0.027717119288377133,0.021377647627520806,-0.11834570931538213,-0.0855880208351919,0.3575270175933838,False,BASELINE
target_360,LME_AH_Close - US_Stock_VTV_adj_close,4,ElasticNet,0.026202148926399136,0.020494758360726274,0.0005669303891656652,0.20926307225110707,0.005731105804443359,False,BASELINE
target_360,LME_AH_Close - US_Stock_VTV_adj_close,4,XGBoost,0.03009623266056427,0.02362426542174732,-0.31857295901340454,-0.07764427680496923,0.5640616416931152,False,BASELINE
target_360,LME_AH_Close - US_Stock_VTV_adj_close,4,LightGBM,0.03020781051101205,0.02380291514588791,-0.32836795619676007,-0.09989645447267907,1.4974029064178467,False,BASELINE
target_361,LME_PB_Close - US_Stock_TECK_adj_close,4,Ridge,0.04326031727334454,0.031690761685852026,-0.009743008129423414,0.16269940394412705,0.007431507110595703,False,BASELINE
target_361,LME_PB_Close - US_Stock_TECK_adj_close,4,Lasso,0.043139572209755395,0.032350491203095764,-0.0041142313569562106,0.0,0.005599498748779297,False,BASELINE
target_361,LME_PB_Close - US_Stock_TECK_adj_close,4,RandomForest,0.04983612576511724,0.038348617852658765,-0.3400469060984712,-0.01439259039863541,0.34212422370910645,False,BASELINE
target_361,LME_PB_Close - US_Stock_TECK_adj_close,4,ElasticNet,0.0431356266605806,0.032362486696567536,-0.003930566999544638,-0.04044104390968562,0.008369684219360352,False,BASELINE
target_361,LME_PB_Close - US_Stock_TECK_adj_close,4,XGBoost,0.05878053420430595,0.04719873335947056,-0.864225788637542,-0.0784567017924498,0.5370616912841797,False,BASELINE
target_361,LME_PB_Close - US_Stock_TECK_adj_close,4,LightGBM,0.0529943335461318,0.0411845168903298,-0.5152710428027347,0.05976141112153901,1.5157737731933594,False,BASELINE
target_362,US_Stock_NUE_adj_close - JPX_Gold_Standard_Futures_Close,4,Ridge,0.07382984313679361,0.05870286275109753,-1.4287804829688113,0.17051632765191704,0.007599830627441406,False,BASELINE
target_362,US_Stock_NUE_adj_close - JPX_Gold_Standard_Futures_Close,4,Lasso,0.050944701639153926,0.03833578054851781,-0.15643817372949265,0.16735923159886854,0.006163835525512695,False,BASELINE
target_362,US_Stock_NUE_adj_close - JPX_Gold_Standard_Futures_Close,4,RandomForest,0.05156044843506504,0.03956669604091666,-0.1845618583691746,0.12007411132785055,0.3654031753540039,False,BASELINE
target_362,US_Stock_NUE_adj_close - JPX_Gold_Standard_Futures_Close,4,ElasticNet,0.051465211858529966,0.03875909158337438,-0.1801899247926817,0.16735923159886854,0.005666971206665039,False,BASELINE
target_362,US_Stock_NUE_adj_close - JPX_Gold_Standard_Futures_Close,4,XGBoost,0.05405539537064317,0.04202044136337807,-0.3019744729731324,0.10023537711211954,0.5358312129974365,False,BASELINE
target_362,US_Stock_NUE_adj_close - JPX_Gold_Standard_Futures_Close,4,LightGBM,0.05722136635239639,0.04435987458685207,-0.45895138500821764,0.09642825649418921,1.4377079010009766,False,BASELINE
target_363,FX_AUDUSD - JPX_Platinum_Standard_Futures_Close,4,Ridge,0.036370740327013505,0.026090262041487462,-0.3252394586524672,0.06098974018166509,0.007951736450195312,False,BASELINE
target_363,FX_AUDUSD - JPX_Platinum_Standard_Futures_Close,4,Lasso,0.03179833665115674,0.022961092698116362,-0.01297536070660299,0.07983900402893926,0.005592823028564453,False,BASELINE
target_363,FX_AUDUSD - JPX_Platinum_Standard_Futures_Close,4,RandomForest,0.03710754922639636,0.028060157188653033,-0.3794774973801569,-0.022770366933517146,0.3928537368774414,False,BASELINE
target_363,FX_AUDUSD - JPX_Platinum_Standard_Futures_Close,4,ElasticNet,0.032059473588143136,0.023151707428849366,-0.029681357883944548,0.07983900402893926,0.010604381561279297,False,BASELINE
target_363,FX_AUDUSD - JPX_Platinum_Standard_Futures_Close,4,XGBoost,0.0374871871658785,0.02764665337272889,-0.4078480546865275,-0.14128510560407753,0.5673534870147705,False,BASELINE
target_363,FX_AUDUSD - JPX_Platinum_Standard_Futures_Close,4,LightGBM,0.04107522200375404,0.03138985175805185,-0.6902459918854713,-0.14570203749746144,1.5146408081054688,False,BASELINE
target_364,US_Stock_URA_adj_close - JPX_Platinum_Standard_Futures_Close,4,Ridge,0.0458242763154715,0.035755024897668505,-0.013778513607958232,0.12235946901094129,0.007613182067871094,False,BASELINE
target_364,US_Stock_URA_adj_close - JPX_Platinum_Standard_Futures_Close,4,Lasso,0.04569181155904137,0.035390199363904536,-0.00792590281051564,-0.04250606369814363,0.006568431854248047,False,BASELINE
target_364,US_Stock_URA_adj_close - JPX_Platinum_Standard_Futures_Close,4,RandomForest,0.051564598680989886,0.04124508055390631,-0.28367515708391955,0.027056642644441017,0.3308706283569336,False,BASELINE
target_364,US_Stock_URA_adj_close - JPX_Platinum_Standard_Futures_Close,4,ElasticNet,0.04590624879647756,0.03568175183541602,-0.017408740851750926,-0.04250606369814363,0.009734869003295898,False,BASELINE
target_364,US_Stock_URA_adj_close - JPX_Platinum_Standard_Futures_Close,4,XGBoost,0.05335606990492127,0.04282254201066131,-0.3744201640338567,0.08988692402135351,0.5674757957458496,False,BASELINE
target_364,US_Stock_URA_adj_close - JPX_Platinum_Standard_Futures_Close,4,LightGBM,0.053907729789464634,0.04347878469128718,-0.4029879401565657,0.05393207689050264,1.523515224456787,False,BASELINE
target_365,LME_ZS_Close - US_Stock_DE_adj_close,4,Ridge,0.04018018786843842,0.03171011055346801,-0.019073992022516473,0.0994343357206495,0.00792074203491211,False,BASELINE
target_365,LME_ZS_Close - US_Stock_DE_adj_close,4,Lasso,0.039835369917045844,0.03139848114356746,-0.0016580850465284236,0.0,0.005457162857055664,False,BASELINE
target_365,LME_ZS_Close - US_Stock_DE_adj_close,4,RandomForest,0.04680189405422317,0.03722688533492785,-0.38263851433529905,-0.05838992355116552,0.3652033805847168,False,BASELINE
target_365,LME_ZS_Close - US_Stock_DE_adj_close,4,ElasticNet,0.039835369917045844,0.03139848114356746,-0.0016580850465284236,0.0,0.0069370269775390625,False,BASELINE
target_365,LME_ZS_Close - US_Stock_DE_adj_close,4,XGBoost,0.04417167191349452,0.0355362243738519,-0.2315993967523382,0.058919546136342274,0.5346148014068604,False,BASELINE
target_365,LME_ZS_Close - US_Stock_DE_adj_close,4,LightGBM,0.048691771628939444,0.03947328268462806,-0.4965559049444801,-0.011390305379014695,1.5158915519714355,False,BASELINE
target_366,US_Stock_EOG_adj_close - LME_AH_Close,4,Ridge,0.036691148005203775,0.027970052645886298,-0.01248206177611677,0.13037012321977223,0.0076732635498046875,False,BASELINE
target_366,US_Stock_EOG_adj_close - LME_AH_Close,4,Lasso,0.03670780882895766,0.027979169858660346,-0.01340177217037719,0.04370977277079742,0.007107973098754883,False,BASELINE
target_366,US_Stock_EOG_adj_close - LME_AH_Close,4,RandomForest,0.04292918096768713,0.03368033743953073,-0.3860214213202946,0.2400073510782176,0.37361669540405273,False,BASELINE
target_366,US_Stock_EOG_adj_close - LME_AH_Close,4,ElasticNet,0.036814870837741785,0.028121700699506747,-0.019321768696818342,0.04370977277079742,0.01179194450378418,False,BASELINE
target_366,US_Stock_EOG_adj_close - LME_AH_Close,4,XGBoost,0.0508916712008768,0.039733052735096926,-0.9478618966270373,0.19423380473014523,0.5307745933532715,False,BASELINE
target_366,US_Stock_EOG_adj_close - LME_AH_Close,4,LightGBM,0.04613314061935104,0.03637577975802554,-0.6006293618185841,0.20647549105321442,1.4675161838531494,False,BASELINE
target_367,FX_GBPUSD - LME_PB_Close,4,Ridge,0.02095921063378867,0.01616922316091219,-0.13227156903788906,0.11725052672390482,0.007498502731323242,False,BASELINE
target_367,FX_GBPUSD - LME_PB_Close,4,Lasso,0.019706273635499864,0.015255252855170568,-0.000943989382994781,0.0,0.005621910095214844,False,BASELINE
target_367,FX_GBPUSD - LME_PB_Close,4,RandomForest,0.020459084256447498,0.016055664220191626,-0.07887999378869792,0.1562745188064666,0.4178938865661621,False,BASELINE
target_367,FX_GBPUSD - LME_PB_Close,4,ElasticNet,0.019647226529209198,0.0151941953912293,0.005045402675324051,0.17402983323385518,0.0039103031158447266,False,BASELINE
target_367,FX_GBPUSD - LME_PB_Close,4,XGBoost,0.022443149440815303,0.01801924878695641,-0.2982799813495802,0.14860577585283358,0.552471399307251,False,BASELINE
target_367,FX_GBPUSD - LME_PB_Close,4,LightGBM,0.02141854409895485,0.01726226147549934,-0.18244418999469691,0.18042908230156662,1.4703152179718018,False,BASELINE
target_368,FX_GBPJPY - JPX_Platinum_Standard_Futures_Close,4,Ridge,0.03557114761979506,0.025971753299838213,-0.3884969452514522,0.10927081777879573,0.00786137580871582,False,BASELINE
target_368,FX_GBPJPY - JPX_Platinum_Standard_Futures_Close,4,Lasso,0.030930457040906963,0.022831145495585486,-0.04983693894533037,0.13069975879816445,0.006071805953979492,False,BASELINE
target_368,FX_GBPJPY - JPX_Platinum_Standard_Futures_Close,4,RandomForest,0.03825644210109876,0.029562283671299525,-0.6060472941745907,-0.029777542078245244,0.4030475616455078,False,BASELINE
target_368,FX_GBPJPY - JPX_Platinum_Standard_Futures_Close,4,ElasticNet,0.031398662840374535,0.023192962045231292,-0.08186104077808842,0.13069975879816445,0.006460428237915039,False,BASELINE
target_368,FX_GBPJPY - JPX_Platinum_Standard_Futures_Close,4,XGBoost,0.03961505341692938,0.030563493842562885,-0.7221448074815686,0.0015061324436280252,0.541893720626831,False,BASELINE
target_368,FX_GBPJPY - JPX_Platinum_Standard_Futures_Close,4,LightGBM,0.04408817393033889,0.03474226426037207,-1.1330124850179586,-0.05076022163283527,1.4761340618133545,False,BASELINE
target_369,LME_CA_Close - US_Stock_WPM_adj_close,4,Ridge,0.04314839542479746,0.034449337619681185,-0.3237803092970868,0.05939266771580112,0.008111953735351562,False,BASELINE
target_369,LME_CA_Close - US_Stock_WPM_adj_close,4,Lasso,0.03790126142909354,0.02934755313266578,-0.021395512510805847,-0.11729489837550686,0.005678653717041016,False,BASELINE
target_369,LME_CA_Close - US_Stock_WPM_adj_close,4,RandomForest,0.03947898880166891,0.03054065063842601,-0.1082013051007289,0.10676102929368983,0.4043922424316406,False,BASELINE
target_369,LME_CA_Close - US_Stock_WPM_adj_close,4,ElasticNet,0.0379739405853648,0.02937517803731491,-0.025316508102347424,-0.11729489837550686,0.0050811767578125,False,BASELINE
target_369,LME_CA_Close - US_Stock_WPM_adj_close,4,XGBoost,0.04521954258004862,0.03513171651449406,-0.4539147633792062,-0.03595248205944381,0.5474965572357178,False,BASELINE
target_369,LME_CA_Close - US_Stock_WPM_adj_close,4,LightGBM,0.040737099511276215,0.03126026382775577,-0.17995874832025516,0.07568874725970122,1.4437282085418701,False,BASELINE
target_370,JPX_Platinum_Standard_Futures_Close - US_Stock_TD_adj_close,4,Ridge,0.042343717461979166,0.032518406610156564,-0.3190398266135124,0.059766018289450856,0.0072116851806640625,False,BASELINE
target_370,JPX_Platinum_Standard_Futures_Close - US_Stock_TD_adj_close,4,Lasso,0.03695334672528436,0.028063567568221787,-0.004586866720068805,0.060328442644634814,0.005552053451538086,False,BASELINE
target_370,JPX_Platinum_Standard_Futures_Close - US_Stock_TD_adj_close,4,RandomForest,0.038674609611088026,0.029557987812187242,-0.10035246179208146,0.04927802504164401,0.2982807159423828,False,BASELINE
target_370,JPX_Platinum_Standard_Futures_Close - US_Stock_TD_adj_close,4,ElasticNet,0.037118017873709046,0.02817524370900948,-0.013560076112825392,0.060328442644634814,0.0048656463623046875,False,BASELINE
target_370,JPX_Platinum_Standard_Futures_Close - US_Stock_TD_adj_close,4,XGBoost,0.03851586907852114,0.02984700017579307,-0.09133817212799156,0.0972240230008692,0.5911238193511963,False,BASELINE
target_370,JPX_Platinum_Standard_Futures_Close - US_Stock_TD_adj_close,4,LightGBM,0.04312377924060672,0.03277832738061875,-0.36808654163405286,0.01386738452325233,1.4548768997192383,False,BASELINE
target_371,FX_NZDJPY - JPX_Platinum_Standard_Futures_Close,4,Ridge,0.0353401356585331,0.02545402876542252,-0.41832200621093696,0.13123023812990342,0.0072934627532958984,False,BASELINE
target_371,FX_NZDJPY - JPX_Platinum_Standard_Futures_Close,4,Lasso,0.030382828321455328,0.022237352285090457,-0.04832228024939078,0.11983347859102578,0.004966259002685547,False,BASELINE
target_371,FX_NZDJPY - JPX_Platinum_Standard_Futures_Close,4,RandomForest,0.03607167581098722,0.027763900731868803,-0.4776482203458694,-0.005568479148075677,0.35932278633117676,False,BASELINE
target_371,FX_NZDJPY - JPX_Platinum_Standard_Futures_Close,4,ElasticNet,0.030834826342157243,0.022634211819607702,-0.07974556905331665,0.11983347859102578,0.0048046112060546875,False,BASELINE
target_371,FX_NZDJPY - JPX_Platinum_Standard_Futures_Close,4,XGBoost,0.037941151423712516,0.028728785843618068,-0.6347804290609571,0.09803192789458906,0.5483283996582031,False,BASELINE
target_371,FX_NZDJPY - JPX_Platinum_Standard_Futures_Close,4,LightGBM,0.04393502466640051,0.03453245068635083,-1.192099009765791,-0.12972332876868353,1.5153496265411377,False,BASELINE
target_372,FX_AUDCHF - JPX_Platinum_Standard_Futures_Close,4,Ridge,0.03519558498656344,0.025239982049755767,-0.348535429278668,0.052162402502669104,0.008353471755981445,False,BASELINE
target_372,FX_AUDCHF - JPX_Platinum_Standard_Futures_Close,4,Lasso,0.030717940325016676,0.02220703893851797,-0.02723585463363154,0.09470236986280724,0.045069217681884766,False,BASELINE
target_372,FX_AUDCHF - JPX_Platinum_Standard_Futures_Close,4,RandomForest,0.037677529477036675,0.02886413544613857,-0.5454352768218393,-0.028911745113848728,0.38684844970703125,False,BASELINE
target_372,FX_AUDCHF - JPX_Platinum_Standard_Futures_Close,4,ElasticNet,0.031067234295987504,0.0225489330200697,-0.05073009203420109,0.09470236986280724,0.00526118278503418,False,BASELINE
target_372,FX_AUDCHF - JPX_Platinum_Standard_Futures_Close,4,XGBoost,0.037830899375654654,0.02842028220709709,-0.5580425611980839,-0.046648152202506996,0.5452640056610107,False,BASELINE
target_372,FX_AUDCHF - JPX_Platinum_Standard_Futures_Close,4,LightGBM,0.042968881911440854,0.03347655954445843,-1.009990899375008,-0.14732486296339056,1.595202922821045,False,BASELINE
target_373,US_Stock_SLB_adj_close - LME_CA_Close,4,Ridge,0.044326120493579584,0.03424059114484316,-0.17010172695885073,-0.04748790581103922,0.007550477981567383,False,BASELINE
target_373,US_Stock_SLB_adj_close - LME_CA_Close,4,Lasso,0.04196100658856281,0.03183433403230646,-0.04856648055634394,0.07567982604827207,0.010318756103515625,False,BASELINE
target_373,US_Stock_SLB_adj_close - LME_CA_Close,4,RandomForest,0.04186107033179217,0.031428148796296525,-0.04357780028173286,0.11895751481218471,0.377338171005249,False,BASELINE
target_373,US_Stock_SLB_adj_close - LME_CA_Close,4,ElasticNet,0.042051848952005685,0.03191280499572498,-0.053111527215457865,0.0750360119568023,0.0054111480712890625,False,BASELINE
target_373,US_Stock_SLB_adj_close - LME_CA_Close,4,XGBoost,0.044925837231542746,0.03394196302854041,-0.2019780409487506,0.0430507926198981,0.5447580814361572,False,BASELINE
target_373,US_Stock_SLB_adj_close - LME_CA_Close,4,LightGBM,0.04550713501364228,0.03440160220434821,-0.23328418980049137,0.016783177687931264,1.443382740020752,False,BASELINE
target_374,LME_AH_Close - FX_EURNZD,4,Ridge,0.028238312086923092,0.021393489933568564,-0.07759885212820583,0.0364564362345235,0.0068323612213134766,False,BASELINE
target_374,LME_AH_Close - FX_EURNZD,4,Lasso,0.02720263558581363,0.02068651456235018,-3.730107849930775e-06,0.0,0.004140377044677734,False,BASELINE
target_374,LME_AH_Close - FX_EURNZD,4,RandomForest,0.031387557151998924,0.0245909498099624,-0.33135748946923793,-0.1718897782403085,0.35889720916748047,False,BASELINE
target_374,LME_AH_Close - FX_EURNZD,4,ElasticNet,0.027143959168363103,0.020646614718479527,0.004305657710409472,0.29021237303785774,0.02684164047241211,False,BASELINE
target_374,LME_AH_Close - FX_EURNZD,4,XGBoost,0.03472381056836077,0.026983053932905104,-0.6294251275653928,-0.13117440300372915,0.5537617206573486,False,BASELINE
target_374,LME_AH_Close - FX_EURNZD,4,LightGBM,0.034710252873618945,0.02726421975631738,-0.6281529782575985,-0.153836539589742,1.4550986289978027,False,BASELINE
target_375,JPX_Platinum_Standard_Futures_Close - FX_CHFJPY,4,Ridge,0.035289121073388496,0.025986035464394645,-0.18395467970660628,0.13181323709085385,0.007721900939941406,False,BASELINE
target_375,JPX_Platinum_Standard_Futures_Close - FX_CHFJPY,4,Lasso,0.033086109830958915,0.024077152982829975,-0.040746140634010386,0.18933341869067946,0.005487203598022461,False,BASELINE
target_375,JPX_Platinum_Standard_Futures_Close - FX_CHFJPY,4,RandomForest,0.040240331697853356,0.03167589575733262,-0.5394886761915656,0.04734023039335804,0.3794577121734619,False,BASELINE
target_375,JPX_Platinum_Standard_Futures_Close - FX_CHFJPY,4,ElasticNet,0.03350440532503023,0.024542556157366065,-0.06722802933442695,0.18933341869067946,0.007272243499755859,False,BASELINE
target_375,JPX_Platinum_Standard_Futures_Close - FX_CHFJPY,4,XGBoost,0.041075814877646895,0.03226528585307185,-0.6040790645682548,-0.00748777636706808,0.5204427242279053,False,BASELINE
target_375,JPX_Platinum_Standard_Futures_Close - FX_CHFJPY,4,LightGBM,0.04386762401562567,0.03512946827029862,-0.8295387821056939,-0.0870354362990505,1.4821062088012695,False,BASELINE
target_376,US_Stock_TIP_adj_close - LME_PB_Close,4,Ridge,0.022225007560311233,0.017114759709982316,-0.022185777129109185,0.20241039237866854,0.007684230804443359,False,BASELINE
target_376,US_Stock_TIP_adj_close - LME_PB_Close,4,Lasso,0.02198732067798224,0.01723287534215543,-0.00043901526239187305,0.0,0.0061223506927490234,False,BASELINE
target_376,US_Stock_TIP_adj_close - LME_PB_Close,4,RandomForest,0.02361324605607173,0.01860235159870611,-0.15387133423889598,0.12632881444237073,0.349886417388916,False,BASELINE
target_376,US_Stock_TIP_adj_close - LME_PB_Close,4,ElasticNet,0.021840931331528923,0.017094425693072086,0.012838280239949373,0.23608826289739535,0.007202625274658203,False,BASELINE
target_376,US_Stock_TIP_adj_close - LME_PB_Close,4,XGBoost,0.02720552743818129,0.02198575941855097,-0.5316526942294819,0.042632982551299936,0.535130500793457,False,BASELINE
target_376,US_Stock_TIP_adj_close - LME_PB_Close,4,LightGBM,0.02573485694652085,0.020824888712702487,-0.3705330597693408,0.07616573469744603,1.435431957244873,False,BASELINE
target_377,US_Stock_XLB_adj_close - LME_CA_Close,4,Ridge,0.02448262448538404,0.019019554365462814,-0.12047255244782362,0.17062203444063406,0.007692098617553711,False,BASELINE
target_377,US_Stock_XLB_adj_close - LME_CA_Close,4,Lasso,0.02318944954514892,0.01855926370806376,-0.005231661717995273,0.16428946119451449,0.005365848541259766,False,BASELINE
target_377,US_Stock_XLB_adj_close - LME_CA_Close,4,RandomForest,0.024043185741817564,0.019054747465088062,-0.08061079710567243,-0.04796043264306946,0.3594341278076172,False,BASELINE
target_377,US_Stock_XLB_adj_close - LME_CA_Close,4,ElasticNet,0.023208096011579527,0.01857343594624524,-0.006848910489909432,0.16428946119451449,0.0069065093994140625,False,BASELINE
target_377,US_Stock_XLB_adj_close - LME_CA_Close,4,XGBoost,0.02655101714164221,0.020474052676334415,-0.3177942423673741,0.033506285885572966,0.5656118392944336,False,BASELINE
target_377,US_Stock_XLB_adj_close - LME_CA_Close,4,LightGBM,0.026146651252730586,0.020295114345167137,-0.277960492446653,0.007425719019903817,1.516439437866211,False,BASELINE
target_378,JPX_Gold_Standard_Futures_Close - US_Stock_NEM_adj_close,4,Ridge,0.04682201461464683,0.03432244919575362,-0.007440531535982675,0.13435139506241028,0.006399869918823242,False,BASELINE
target_378,JPX_Gold_Standard_Futures_Close - US_Stock_NEM_adj_close,4,Lasso,0.04945744367902697,0.0372741478611972,-0.12404204738148628,-0.002568704960089142,0.005098104476928711,False,BASELINE
target_378,JPX_Gold_Standard_Futures_Close - US_Stock_NEM_adj_close,4,RandomForest,0.051357394880882735,0.03944874911368241,-0.21206301385804927,0.058389609684862114,0.365065336227417,False,BASELINE
target_378,JPX_Gold_Standard_Futures_Close - US_Stock_NEM_adj_close,4,ElasticNet,0.049942907493810244,0.03783690425375327,-0.14621706686597147,-0.002568704960089142,0.0046079158782958984,False,BASELINE
target_378,JPX_Gold_Standard_Futures_Close - US_Stock_NEM_adj_close,4,XGBoost,0.058998412785960096,0.046371768430867585,-0.5995575990322835,0.15003377065606158,0.543694019317627,False,BASELINE
target_378,JPX_Gold_Standard_Futures_Close - US_Stock_NEM_adj_close,4,LightGBM,0.05578179677614979,0.043295280789096675,-0.42989525625717717,0.09465997261524417,1.4839868545532227,False,BASELINE
target_379,US_Stock_EEM_adj_close - LME_AH_Close,4,Ridge,0.02829345689893908,0.02287635331489629,-0.2898450830190782,-0.0217603215442498,0.006702423095703125,False,BASELINE
target_379,US_Stock_EEM_adj_close - LME_AH_Close,4,Lasso,0.02498296414887404,0.018864298585599786,-0.005665279036586979,0.0,0.005285501480102539,False,BASELINE
target_379,US_Stock_EEM_adj_close - LME_AH_Close,4,RandomForest,0.025981345854251315,0.018829067263388313,-0.0876491253768088,0.08225743523497873,0.3511390686035156,False,BASELINE
target_379,US_Stock_EEM_adj_close - LME_AH_Close,4,ElasticNet,0.02498296414887404,0.018864298585599786,-0.005665279036586979,0.0,0.0041882991790771484,False,BASELINE
target_379,US_Stock_EEM_adj_close - LME_AH_Close,4,XGBoost,0.027763583367534643,0.019935562746627892,-0.24198560953652004,0.012274992179071312,0.5306980609893799,False,BASELINE
target_379,US_Stock_EEM_adj_close - LME_AH_Close,4,LightGBM,0.027651043230753607,0.020544058084176937,-0.2319371988541301,0.024336767404986123,1.4693758487701416,False,BASELINE
target_380,US_Stock_SPYV_adj_close - LME_AH_Close,4,Ridge,0.027648574999763937,0.02202639350986728,-0.08397116223270173,0.0930113608653813,0.007500886917114258,False,BASELINE
target_380,US_Stock_SPYV_adj_close - LME_AH_Close,4,Lasso,0.026591489197185632,0.020689293899230573,-0.002668894806601152,0.0,0.005559444427490234,False,BASELINE
target_380,US_Stock_SPYV_adj_close - LME_AH_Close,4,RandomForest,0.028182607787543317,0.02172492658911407,-0.12624940940183538,-0.08935425892686151,0.3786458969116211,False,BASELINE
target_380,US_Stock_SPYV_adj_close - LME_AH_Close,4,ElasticNet,0.026586563080593758,0.02067970128243698,-0.002297437131635327,0.19933941403104344,0.0049135684967041016,False,BASELINE
target_380,US_Stock_SPYV_adj_close - LME_AH_Close,4,XGBoost,0.030541767807494468,0.023648788373118217,-0.32269759875782267,-0.04183304725982017,0.577155351638794,False,BASELINE
target_380,US_Stock_SPYV_adj_close - LME_AH_Close,4,LightGBM,0.031951128170808626,0.025135458241097135,-0.4475868111915051,-0.11887543966703659,1.4449632167816162,False,BASELINE
target_381,FX_NZDCHF - LME_PB_Close,4,Ridge,0.01849432384600872,0.014936242090647795,0.049112750945148,0.25437856782112295,0.007576942443847656,False,BASELINE
target_381,FX_NZDCHF - LME_PB_Close,4,Lasso,0.01899268960053005,0.015499389109756975,-0.0028247610502281084,0.0,0.005382061004638672,False,BASELINE
target_381,FX_NZDCHF - LME_PB_Close,4,RandomForest,0.019966998075502528,0.015739336117467726,-0.10835187345500841,0.24759186422001495,0.38791441917419434,False,BASELINE
target_381,FX_NZDCHF - LME_PB_Close,4,ElasticNet,0.018864229318130407,0.015413083592520173,0.010694913736897793,0.1992656473985195,0.00914621353149414,False,BASELINE
target_381,FX_NZDCHF - LME_PB_Close,4,XGBoost,0.020571810063693494,0.016038247649442908,-0.17651405387689656,0.18117746386903574,0.555060625076294,False,BASELINE
target_381,FX_NZDCHF - LME_PB_Close,4,LightGBM,0.020408740101647258,0.016090374808290904,-0.15793584410990902,0.246243297980339,1.4766454696655273,False,BASELINE
target_382,JPX_Gold_Standard_Futures_Close - FX_AUDCAD,4,Ridge,0.022127934494559732,0.017075910329023433,-0.21365882505179168,0.10187207616775765,0.006453990936279297,False,BASELINE
target_382,JPX_Gold_Standard_Futures_Close - FX_AUDCAD,4,Lasso,0.020315568677719865,0.016082121590556595,-0.022993398894604056,0.0,0.00454401969909668,False,BASELINE
target_382,JPX_Gold_Standard_Futures_Close - FX_AUDCAD,4,RandomForest,0.026305419464516585,0.021179989099752588,-0.7151627132657978,0.0674487222735592,0.37053990364074707,False,BASELINE
target_382,JPX_Gold_Standard_Futures_Close - FX_AUDCAD,4,ElasticNet,0.020315568677719865,0.016082121590556595,-0.022993398894604056,0.0,0.0066106319427490234,False,BASELINE
target_382,JPX_Gold_Standard_Futures_Close - FX_AUDCAD,4,XGBoost,0.02779718153402217,0.022870216409599346,-0.9152099554702164,0.1002262539411087,0.691047191619873,False,BASELINE
target_382,JPX_Gold_Standard_Futures_Close - FX_AUDCAD,4,LightGBM,0.023376026275822626,0.018612797358504293,-0.3544289796592297,0.022614672648103417,1.5807480812072754,False,BASELINE
target_383,FX_CADCHF - LME_CA_Close,4,Ridge,0.025006305492628757,0.018399336322118296,-0.11326497664185364,-0.09031618738617407,0.00799560546875,False,BASELINE
target_383,FX_CADCHF - LME_CA_Close,4,Lasso,0.02390024522643345,0.01787479340037941,-0.01696075921279161,0.2076006387005606,0.012820005416870117,False,BASELINE
target_383,FX_CADCHF - LME_CA_Close,4,RandomForest,0.025521906858991545,0.019654851485720774,-0.15964676335733996,0.10570086163358382,0.3964519500732422,False,BASELINE
target_383,FX_CADCHF - LME_CA_Close,4,ElasticNet,0.023946336813402403,0.017932497431231296,-0.020886955987012845,0.21215189033939894,0.00958108901977539,False,BASELINE
target_383,FX_CADCHF - LME_CA_Close,4,XGBoost,0.02604979837690882,0.019795072646773583,-0.2081148256073897,0.06681409834560229,0.5669877529144287,False,BASELINE
target_383,FX_CADCHF - LME_CA_Close,4,LightGBM,0.026900111631071862,0.020509780435613356,-0.2882722319693214,0.13883064742402676,1.503929853439331,False,BASELINE
target_384,LME_CA_Close - US_Stock_STLD_adj_close,4,Ridge,0.04312037520756504,0.03442847016520192,-0.07037740636119794,0.09596457922214173,0.007451057434082031,False,BASELINE
target_384,LME_CA_Close - US_Stock_STLD_adj_close,4,Lasso,0.04244712893974627,0.03386158731457443,-0.03721433921978878,0.0665968433185479,0.007224082946777344,False,BASELINE
target_384,LME_CA_Close - US_Stock_STLD_adj_close,4,RandomForest,0.09624723720620279,0.08329294537556865,-4.332715500713096,0.09676124340276412,0.36034107208251953,False,BASELINE
target_384,LME_CA_Close - US_Stock_STLD_adj_close,4,ElasticNet,0.042525489172895656,0.033907066041397003,-0.0410474078050842,0.0665968433185479,0.0047686100006103516,False,BASELINE
target_384,LME_CA_Close - US_Stock_STLD_adj_close,4,XGBoost,0.08827777624055415,0.07477280535304105,-3.486158774872635,0.030417167741375272,0.5390629768371582,False,BASELINE
target_384,LME_CA_Close - US_Stock_STLD_adj_close,4,LightGBM,0.04974929859156766,0.03891748968184813,-0.4247733894421828,-0.03441089672448801,1.629823923110962,False,BASELINE
target_385,JPX_Platinum_Standard_Futures_Close - US_Stock_ENB_adj_close,4,Ridge,0.043061705162637166,0.032713095087893815,-0.15816299662579758,0.06167578038317338,0.007556438446044922,False,BASELINE
target_385,JPX_Platinum_Standard_Futures_Close - US_Stock_ENB_adj_close,4,Lasso,0.040029251164178714,0.029650931411266214,-0.0007881869633521443,0.060421081804448024,0.005885124206542969,False,BASELINE
target_385,JPX_Platinum_Standard_Futures_Close - US_Stock_ENB_adj_close,4,RandomForest,0.046098208577633075,0.036046503440735934,-0.32725795239833744,0.10327812775870406,0.32804250717163086,False,BASELINE
target_385,JPX_Platinum_Standard_Futures_Close - US_Stock_ENB_adj_close,4,ElasticNet,0.04013155108185507,0.029584556963492898,-0.005910010105676156,0.060421081804448024,0.00676727294921875,False,BASELINE
target_385,JPX_Platinum_Standard_Futures_Close - US_Stock_ENB_adj_close,4,XGBoost,0.04728617569836204,0.03774848893054021,-0.3965472118083222,0.0701776520624326,0.5683736801147461,False,BASELINE
target_385,JPX_Platinum_Standard_Futures_Close - US_Stock_ENB_adj_close,4,LightGBM,0.047194651719641594,0.03584841646917261,-0.39114631576098446,-0.12533283719055274,1.620908498764038,False,BASELINE
target_386,LME_PB_Close - FX_AUDJPY,4,Ridge,0.0209613559758338,0.01665984121837811,0.0084843044313474,0.15055962820689406,0.007232189178466797,False,BASELINE
target_386,LME_PB_Close - FX_AUDJPY,4,Lasso,0.021064441056453945,0.016879268794739975,-0.0012919528010999493,0.0,0.006809711456298828,False,BASELINE
target_386,LME_PB_Close - FX_AUDJPY,4,RandomForest,0.021838989841432607,0.01734353706993744,-0.0762816580799488,0.1738331726379047,0.3838224411010742,False,BASELINE
target_386,LME_PB_Close - FX_AUDJPY,4,ElasticNet,0.02091773911356747,0.016762629087473307,0.012606347787345817,0.20295807124674142,0.007857084274291992,False,BASELINE
target_386,LME_PB_Close - FX_AUDJPY,4,XGBoost,0.023330296853113518,0.018327576346463457,-0.22829130093921957,0.052079347831632,0.6282637119293213,False,BASELINE
target_386,LME_PB_Close - FX_AUDJPY,4,LightGBM,0.02448641306281887,0.019584331004390523,-0.35304172414985135,0.09604485187962637,1.836829423904419,False,BASELINE
target_387,US_Stock_COP_adj_close - JPX_Platinum_Standard_Futures_Close,4,Ridge,0.05823971013174303,0.04412250741183527,-0.6226137766690052,0.0930110730928785,0.00745081901550293,False,BASELINE
target_387,US_Stock_COP_adj_close - JPX_Platinum_Standard_Futures_Close,4,Lasso,0.04644628787125911,0.0362804862507128,-0.03199779328298136,0.04443869487315895,0.011218786239624023,False,BASELINE
target_387,US_Stock_COP_adj_close - JPX_Platinum_Standard_Futures_Close,4,RandomForest,0.05538082824912145,0.04191234747001077,-0.4672213657835542,-0.027046952355757627,0.3734617233276367,False,BASELINE
target_387,US_Stock_COP_adj_close - JPX_Platinum_Standard_Futures_Close,4,ElasticNet,0.046802261301765784,0.0364604830115289,-0.04787727840970568,0.04443869487315895,0.006969451904296875,False,BASELINE
target_387,US_Stock_COP_adj_close - JPX_Platinum_Standard_Futures_Close,4,XGBoost,0.055383267867224265,0.041331976094084365,-0.4673506357406336,-0.036413197785575224,0.6008205413818359,False,BASELINE
target_387,US_Stock_COP_adj_close - JPX_Platinum_Standard_Futures_Close,4,LightGBM,0.06173651926756552,0.04674131439391059,-0.8233121656837985,-0.11661157737550158,1.7670185565948486,False,BASELINE
target_388,LME_ZS_Close - US_Stock_VEA_adj_close,4,Ridge,0.026982904860728102,0.021643650730929945,-0.022535424640890422,0.044268240606261736,0.00767970085144043,False,BASELINE
target_388,LME_ZS_Close - US_Stock_VEA_adj_close,4,Lasso,0.026692881801439288,0.021158854546875643,-0.0006723163507058594,0.0,0.005633831024169922,False,BASELINE
target_388,LME_ZS_Close - US_Stock_VEA_adj_close,4,RandomForest,0.02817091433039417,0.02191840062281231,-0.11455843831337087,0.16760874659358407,0.3732280731201172,False,BASELINE
target_388,LME_ZS_Close - US_Stock_VEA_adj_close,4,ElasticNet,0.026667718070945416,0.02114035376329756,0.0012134882322847318,0.11433454304960311,0.016562223434448242,False,BASELINE
target_388,LME_ZS_Close - US_Stock_VEA_adj_close,4,XGBoost,0.034302214329614535,0.027130006432611164,-0.6525144693181795,0.11609529281200151,0.5378766059875488,False,BASELINE
target_388,LME_ZS_Close - US_Stock_VEA_adj_close,4,LightGBM,0.03252248400559474,0.025520837763487226,-0.4854853598650082,0.12322304337017197,1.8342633247375488,False,BASELINE
target_389,US_Stock_VGK_adj_close - LME_CA_Close,4,Ridge,0.02352342985589635,0.018292332984890112,-0.3371700744877566,0.05012204217235067,0.007505178451538086,False,BASELINE
target_389,US_Stock_VGK_adj_close - LME_CA_Close,4,Lasso,0.02032911368584963,0.01618841049315329,0.0013294379997162986,0.14918763448726227,0.005953550338745117,False,BASELINE
target_389,US_Stock_VGK_adj_close - LME_CA_Close,4,RandomForest,0.020698490998424558,0.016599691266855957,-0.035291691805984016,0.09866651679031464,0.4000053405761719,False,BASELINE
target_389,US_Stock_VGK_adj_close - LME_CA_Close,4,ElasticNet,0.02031551575911414,0.01616887956154442,0.0026649912989721303,0.14918763448726227,0.013731718063354492,False,BASELINE
target_389,US_Stock_VGK_adj_close - LME_CA_Close,4,XGBoost,0.02355551250188623,0.018603338956010858,-0.34081998516314593,0.06640741626253578,0.5739672183990479,False,BASELINE
target_389,US_Stock_VGK_adj_close - LME_CA_Close,4,LightGBM,0.023038199697678976,0.01796251973493239,-0.2825740127895091,0.010252256174370429,1.6904058456420898,False,BASELINE
target_390,JPX_Gold_Standard_Futures_Close - US_Stock_WMB_adj_close,4,Ridge,0.045246352261355344,0.03541395570018057,-0.930078127278253,0.09835739916527851,0.010245561599731445,False,BASELINE
target_390,JPX_Gold_Standard_Futures_Close - US_Stock_WMB_adj_close,4,Lasso,0.03258136350533695,0.024908744899036946,-0.0007975992716022784,-0.029701703843459198,0.011063098907470703,False,BASELINE
target_390,JPX_Gold_Standard_Futures_Close - US_Stock_WMB_adj_close,4,RandomForest,0.034544873024473864,0.02636213038838037,-0.12505808713633693,0.024154207377991992,0.40474796295166016,False,BASELINE
target_390,JPX_Gold_Standard_Futures_Close - US_Stock_WMB_adj_close,4,ElasticNet,0.032616516146563405,0.025007572040559024,-0.0029583226856062517,-0.029701703843459198,0.004960298538208008,False,BASELINE
target_390,JPX_Gold_Standard_Futures_Close - US_Stock_WMB_adj_close,4,XGBoost,0.03547204318042304,0.027452446561339147,-0.1862607287325435,0.026963615873080472,0.4999659061431885,False,BASELINE
target_390,JPX_Gold_Standard_Futures_Close - US_Stock_WMB_adj_close,4,LightGBM,0.037159115823077196,0.028457630553856066,-0.30178267625915467,-0.010685868942721671,1.7737925052642822,False,BASELINE
target_391,LME_AH_Close - US_Stock_CAT_adj_close,4,Ridge,0.03932159200479729,0.03111840652970234,-0.16719370702369019,0.16215996802637822,0.007433891296386719,False,BASELINE
target_391,LME_AH_Close - US_Stock_CAT_adj_close,4,Lasso,0.036404866669043454,0.027661258685800712,-0.000459797415794716,0.0,0.0056226253509521484,False,BASELINE
target_391,LME_AH_Close - US_Stock_CAT_adj_close,4,RandomForest,0.03801548375166821,0.028819559844601154,-0.09094233328000101,0.14136016357933273,0.39263463020324707,False,BASELINE
target_391,LME_AH_Close - US_Stock_CAT_adj_close,4,ElasticNet,0.036404866669043454,0.027661258685800712,-0.000459797415794716,0.0,0.006383419036865234,False,BASELINE
target_391,LME_AH_Close - US_Stock_CAT_adj_close,4,XGBoost,0.0413011562958542,0.03189595941753749,-0.28767176586599863,0.12209123901352811,0.5060231685638428,False,BASELINE
target_391,LME_AH_Close - US_Stock_CAT_adj_close,4,LightGBM,0.04081357566571342,0.03075205311235283,-0.25744802090423224,0.09156909835100327,1.7375102043151855,False,BASELINE
target_392,FX_EURCHF - LME_CA_Close,4,Ridge,0.02340585873968362,0.017566114086915274,-0.10314908381941379,-0.07397728837942485,0.00789189338684082,False,BASELINE
target_392,FX_EURCHF - LME_CA_Close,4,Lasso,0.022301070975435423,0.016720694067333324,-0.0014666449338791576,0.2510422246369048,0.007031917572021484,False,BASELINE
target_392,FX_EURCHF - LME_CA_Close,4,RandomForest,0.024956762655812117,0.018633369443664328,-0.2541848401986866,0.0888110068716426,0.3931703567504883,False,BASELINE
target_392,FX_EURCHF - LME_CA_Close,4,ElasticNet,0.022313792903792255,0.016738258205537215,-0.002609569499001596,0.2510422246369048,0.008061885833740234,False,BASELINE
target_392,FX_EURCHF - LME_CA_Close,4,XGBoost,0.026262750366227567,0.020184153327241678,-0.38888235549941075,0.05822837116052707,0.5877540111541748,False,BASELINE
target_392,FX_EURCHF - LME_CA_Close,4,LightGBM,0.02871737848083509,0.022446858724160447,-0.6606367069115817,-0.03535248414726843,1.697788953781128,False,BASELINE
target_393,US_Stock_HL_adj_close - LME_AH_Close,4,Ridge,0.06792776271594456,0.051648220683677686,-0.048250897958494354,0.01709185160337959,0.008904695510864258,False,BASELINE
target_393,US_Stock_HL_adj_close - LME_AH_Close,4,Lasso,0.0665192545466423,0.05082539112554802,-0.005229832346358876,0.009854370144630678,0.010581016540527344,False,BASELINE
target_393,US_Stock_HL_adj_close - LME_AH_Close,4,RandomForest,0.0753602738497849,0.05854902699772008,-0.29019560279358325,0.04719439795502044,0.3733861446380615,False,BASELINE
target_393,US_Stock_HL_adj_close - LME_AH_Close,4,ElasticNet,0.06659013808276676,0.05088888498405401,-0.007373338319582867,0.009854370144630678,0.0065119266510009766,False,BASELINE
target_393,US_Stock_HL_adj_close - LME_AH_Close,4,XGBoost,0.08261524358161051,0.06267219498070747,-0.5505686422794402,0.012870929102538023,0.5738480091094971,False,BASELINE
target_393,US_Stock_HL_adj_close - LME_AH_Close,4,LightGBM,0.07246491806613288,0.05378112377718943,-0.19296096275399277,0.07156417384229438,1.9030389785766602,False,BASELINE
target_394,US_Stock_OIH_adj_close - LME_CA_Close,4,Ridge,0.04351460076541459,0.0320358893376494,-0.07568841808914883,-0.02837807618238762,0.008263587951660156,False,BASELINE
target_394,US_Stock_OIH_adj_close - LME_CA_Close,4,Lasso,0.04253373863824005,0.03134950282879011,-0.027740810155715945,0.09897548807947727,0.012386083602905273,False,BASELINE
target_394,US_Stock_OIH_adj_close - LME_CA_Close,4,RandomForest,0.04297338018388417,0.03103092021914584,-0.04909669080249257,0.12345529224104398,0.45960545539855957,False,BASELINE
target_394,US_Stock_OIH_adj_close - LME_CA_Close,4,ElasticNet,0.04260158305495029,0.03139645851175705,-0.03102206816109243,0.09897548807947727,0.011957883834838867,False,BASELINE
target_394,US_Stock_OIH_adj_close - LME_CA_Close,4,XGBoost,0.04679886862723968,0.03443087480218518,-0.24419139679237478,0.035826098230864294,0.5661954879760742,False,BASELINE
target_394,US_Stock_OIH_adj_close - LME_CA_Close,4,LightGBM,0.047129978565561344,0.03518749182624179,-0.26185940915559125,0.08402353772423465,1.769556999206543,False,BASELINE
target_395,LME_CA_Close - US_Stock_SLV_adj_close,4,Ridge,0.03362352600320899,0.026657916280616166,-0.6560639105288442,0.14382836540806215,0.007628440856933594,False,BASELINE
target_395,LME_CA_Close - US_Stock_SLV_adj_close,4,Lasso,0.026446025745281033,0.021280756113463063,-0.024498711037615584,-0.07067087896627103,0.007085084915161133,False,BASELINE
target_395,LME_CA_Close - US_Stock_SLV_adj_close,4,RandomForest,0.028183077055075407,0.02301387647607981,-0.16350271128475602,0.07331808400926378,0.4282822608947754,False,BASELINE
target_395,LME_CA_Close - US_Stock_SLV_adj_close,4,ElasticNet,0.026518733252669704,0.021339133832743863,-0.03013972065482795,-0.07067087896627103,0.0039327144622802734,False,BASELINE
target_395,LME_CA_Close - US_Stock_SLV_adj_close,4,XGBoost,0.033731452572442804,0.02708528706606092,-0.6667124159868618,0.08845232445137523,0.5429811477661133,False,BASELINE
target_395,LME_CA_Close - US_Stock_SLV_adj_close,4,LightGBM,0.03178191028093569,0.025372709969602704,-0.479621312274396,0.15594693901340917,1.7795307636260986,False,BASELINE
target_396,LME_AH_Close - US_Stock_OKE_adj_close,4,Ridge,0.055086421008707254,0.04359732864291011,-1.0668401549198512,0.0939391668540121,0.008293867111206055,False,BASELINE
target_396,LME_AH_Close - US_Stock_OKE_adj_close,4,Lasso,0.03831971059990279,0.028132895296679762,-0.00014327158271632,0.11304988860380662,0.007103443145751953,False,BASELINE
target_396,LME_AH_Close - US_Stock_OKE_adj_close,4,RandomForest,0.04097766137742075,0.03054211711580359,-0.14369998432579156,-0.07179463847088056,0.431074857711792,False,BASELINE
target_396,LME_AH_Close - US_Stock_OKE_adj_close,4,ElasticNet,0.03835082671964552,0.028150879448010414,-0.0017681905852173774,0.11304988860380662,0.0067288875579833984,False,BASELINE
target_396,LME_AH_Close - US_Stock_OKE_adj_close,4,XGBoost,0.0424966622689235,0.03254404016820644,-0.23006318201413234,-0.05582210152814403,0.5946555137634277,False,BASELINE
target_396,LME_AH_Close - US_Stock_OKE_adj_close,4,LightGBM,0.04531523228186372,0.03457050221622742,-0.39864081473106716,-0.050529146787233865,1.7134909629821777,False,BASELINE
target_397,US_Stock_KMI_adj_close - LME_CA_Close,4,Ridge,0.04830336146606771,0.03798626337556511,-1.028951294528408,0.06363678536635846,0.007872819900512695,False,BASELINE
target_397,US_Stock_KMI_adj_close - LME_CA_Close,4,Lasso,0.03385520296077024,0.024833138957805354,0.0032924319056985007,0.22928316281924555,0.006307840347290039,False,BASELINE
target_397,US_Stock_KMI_adj_close - LME_CA_Close,4,RandomForest,0.05554019870371938,0.045693335357079014,-1.6824508351382303,-0.2093516896179699,0.4227161407470703,False,BASELINE
target_397,US_Stock_KMI_adj_close - LME_CA_Close,4,ElasticNet,0.03381094365535477,0.024789464861389023,0.005896743545063976,0.22928316281924555,0.005560398101806641,False,BASELINE
target_397,US_Stock_KMI_adj_close - LME_CA_Close,4,XGBoost,0.04597741578799452,0.03582756820841034,-0.8382561503781105,-0.050770614243249315,0.5853981971740723,False,BASELINE
target_397,US_Stock_KMI_adj_close - LME_CA_Close,4,LightGBM,0.03921991967242458,0.029610963450094806,-0.337612480134202,-0.10443437735296948,1.6848666667938232,False,BASELINE
target_398,US_Stock_VYM_adj_close - JPX_Gold_Standard_Futures_Close,4,Ridge,0.030740754842951214,0.023734204826410813,-0.5656220615233682,0.0362376097546322,0.00748896598815918,False,BASELINE
target_398,US_Stock_VYM_adj_close - JPX_Gold_Standard_Futures_Close,4,Lasso,0.024737053635554743,0.01923777044625555,-0.013803576436824283,0.0,0.005471467971801758,False,BASELINE
target_398,US_Stock_VYM_adj_close - JPX_Gold_Standard_Futures_Close,4,RandomForest,0.036863136362457166,0.030461606534005065,-1.2513470267040185,0.03133936263095214,0.39329075813293457,False,BASELINE
target_398,US_Stock_VYM_adj_close - JPX_Gold_Standard_Futures_Close,4,ElasticNet,0.024737053635554743,0.01923777044625555,-0.013803576436824283,0.0,0.00832509994506836,False,BASELINE
target_398,US_Stock_VYM_adj_close - JPX_Gold_Standard_Futures_Close,4,XGBoost,0.03847767022276593,0.031331598198250335,-1.4528749828822871,-0.10318006203722813,0.5336034297943115,False,BASELINE
target_398,US_Stock_VYM_adj_close - JPX_Gold_Standard_Futures_Close,4,LightGBM,0.031955397358222455,0.024951729217577445,-0.691789487824648,0.02160139772723969,1.6547200679779053,False,BASELINE
target_399,LME_CA_Close - US_Stock_HES_adj_close,4,Ridge,0.04550289841291413,0.03372667825135108,-0.6515414669462616,0.06903026066114051,0.007595062255859375,False,BASELINE
target_399,LME_CA_Close - US_Stock_HES_adj_close,4,Lasso,0.036013175555202684,0.026719032880489102,-0.03450881775553638,0.12083745676075645,0.008813142776489258,False,BASELINE
target_399,LME_CA_Close - US_Stock_HES_adj_close,4,RandomForest,0.03638187027666974,0.026974600068091735,-0.05579937987234507,0.08570857884749826,0.36704373359680176,False,BASELINE
target_399,LME_CA_Close - US_Stock_HES_adj_close,4,ElasticNet,0.03610935270181325,0.026758617096895514,-0.04004173521405918,0.07867045568034282,0.0054738521575927734,False,BASELINE
target_399,LME_CA_Close - US_Stock_HES_adj_close,4,XGBoost,0.038533810730360905,0.028750688998365467,-0.1843914956860886,0.09039521349518354,0.5823092460632324,False,BASELINE
target_399,LME_CA_Close - US_Stock_HES_adj_close,4,LightGBM,0.03707055766553132,0.028159229070998357,-0.09614901823753441,0.12208613650738888,1.6737229824066162,False,BASELINE
target_400,FX_NOKJPY - LME_CA_Close,4,Ridge,0.02430680495777696,0.018580622445391288,-0.168432196723435,-0.014770460609214223,0.008216142654418945,False,BASELINE
target_400,FX_NOKJPY - LME_CA_Close,4,Lasso,0.02254439753518806,0.0177399609891714,-0.005136470448199759,0.3099957658029925,0.007487773895263672,False,BASELINE
target_400,FX_NOKJPY - LME_CA_Close,4,RandomForest,0.02550446402827455,0.019414791112408097,-0.286412247095837,0.008941807849078933,0.40528130531311035,False,BASELINE
target_400,FX_NOKJPY - LME_CA_Close,4,ElasticNet,0.022571836544596633,0.017749167861428924,-0.007584682509840901,0.3099957658029925,0.009194374084472656,False,BASELINE
target_400,FX_NOKJPY - LME_CA_Close,4,XGBoost,0.02612156702279724,0.020338720716624518,-0.3494171222748277,-0.007826632589032918,0.5142421722412109,False,BASELINE
target_400,FX_NOKJPY - LME_CA_Close,4,LightGBM,0.02811967581108961,0.021722991305429065,-0.563753815097914,-0.10556082704580584,1.6297523975372314,False,BASELINE
target_401,LME_ZS_Close - US_Stock_EFA_adj_close,4,Ridge,0.027231225246240245,0.02186144632062001,-0.021598373969686113,0.041529428697515025,0.007917642593383789,False,BASELINE
target_401,LME_ZS_Close - US_Stock_EFA_adj_close,4,Lasso,0.0269561954623362,0.021489077822537492,-0.0010667153353933756,0.0,0.006863117218017578,False,BASELINE
target_401,LME_ZS_Close - US_Stock_EFA_adj_close,4,RandomForest,0.030030370511469326,0.02313794978193628,-0.24241649599222037,0.11045857405735506,0.4429905414581299,False,BASELINE
target_401,LME_ZS_Close - US_Stock_EFA_adj_close,4,ElasticNet,0.026923139081654023,0.02146736400390996,0.0013869953402950719,0.11599596999142374,0.006195783615112305,False,BASELINE
target_401,LME_ZS_Close - US_Stock_EFA_adj_close,4,XGBoost,0.03574400937932781,0.028666856525452557,-0.7601608570727285,0.062121666291975776,0.5498850345611572,False,BASELINE
target_401,LME_ZS_Close - US_Stock_EFA_adj_close,4,LightGBM,0.03394977160536637,0.0270235587487914,-0.5878868125577807,0.09429779955346361,1.6896772384643555,False,BASELINE
target_402,FX_EURJPY - JPX_Platinum_Standard_Futures_Close,4,Ridge,0.034927742971406175,0.02549102883839439,-0.2783247863774845,0.14635185137131396,0.009563684463500977,False,BASELINE
target_402,FX_EURJPY - JPX_Platinum_Standard_Futures_Close,4,Lasso,0.031575232070461805,0.02309641240492363,-0.04470402353224978,0.15014258768563865,0.007365703582763672,False,BASELINE
target_402,FX_EURJPY - JPX_Platinum_Standard_Futures_Close,4,RandomForest,0.03884606980854513,0.03021441458364226,-0.5812274224691909,0.011746217071707477,0.45307278633117676,False,BASELINE
target_402,FX_EURJPY - JPX_Platinum_Standard_Futures_Close,4,ElasticNet,0.03201741611267518,0.02349797142911661,-0.07416927426451636,0.15014258768563865,0.009217262268066406,False,BASELINE
target_402,FX_EURJPY - JPX_Platinum_Standard_Futures_Close,4,XGBoost,0.039608975774104195,0.031145649152073338,-0.6439454013997565,0.021358552285543946,0.7313930988311768,False,BASELINE
target_402,FX_EURJPY - JPX_Platinum_Standard_Futures_Close,4,LightGBM,0.04358052790079472,0.034386033822436275,-0.9901469173182724,-0.10023060467962328,1.7931628227233887,False,BASELINE
target_403,US_Stock_VALE_adj_close - JPX_Gold_Standard_Futures_Close,4,Ridge,0.05333144030654826,0.04256989539903465,-1.1496756137079491,0.12962292179646323,0.0076067447662353516,False,BASELINE
target_403,US_Stock_VALE_adj_close - JPX_Gold_Standard_Futures_Close,4,Lasso,0.03685385688155179,0.02948979612225579,-0.02653129599636883,0.0,0.0069277286529541016,False,BASELINE
target_403,US_Stock_VALE_adj_close - JPX_Gold_Standard_Futures_Close,4,RandomForest,0.04210982624324718,0.03338593607024532,-0.3402110772015623,-0.025479451258332432,0.35555171966552734,False,BASELINE
target_403,US_Stock_VALE_adj_close - JPX_Gold_Standard_Futures_Close,4,ElasticNet,0.03685385688155179,0.02948979612225579,-0.02653129599636883,0.0,0.0073223114013671875,False,BASELINE
target_403,US_Stock_VALE_adj_close - JPX_Gold_Standard_Futures_Close,4,XGBoost,0.05009428662413596,0.039470044962718415,-0.8966303550898549,-0.05476544171727419,0.6167731285095215,False,BASELINE
target_403,US_Stock_VALE_adj_close - JPX_Gold_Standard_Futures_Close,4,LightGBM,0.056782231843470046,0.046907763187328304,-1.4368636041090803,0.013607684786537472,1.679610013961792,False,BASELINE
target_404,JPX_Gold_Standard_Futures_Close - US_Stock_X_adj_close,4,Ridge,0.07606259558972221,0.05285505646327608,-0.5199394716815469,0.07571839372653652,0.008033514022827148,False,BASELINE
target_404,JPX_Gold_Standard_Futures_Close - US_Stock_X_adj_close,4,Lasso,0.0699242072601579,0.05142738437088481,-0.28451480309179433,0.18271421656952502,0.007814884185791016,False,BASELINE
target_404,JPX_Gold_Standard_Futures_Close - US_Stock_X_adj_close,4,RandomForest,0.16665231055897176,0.15195108858797832,-6.296367318202319,0.06837766054803322,0.42083144187927246,False,BASELINE
target_404,JPX_Gold_Standard_Futures_Close - US_Stock_X_adj_close,4,ElasticNet,0.07058303087331852,0.052186426931484536,-0.30883414756758065,0.18271421656952502,0.004903554916381836,False,BASELINE
target_404,JPX_Gold_Standard_Futures_Close - US_Stock_X_adj_close,4,XGBoost,0.10564660582280604,0.0855469533518162,-1.9322102544817987,0.004923106958810058,0.6013374328613281,False,BASELINE
target_404,JPX_Gold_Standard_Futures_Close - US_Stock_X_adj_close,4,LightGBM,0.09748551829837872,0.07741545936319151,-1.4966876946663286,-0.04088936431560922,1.7242228984832764,False,BASELINE
target_405,FX_ZARUSD - LME_AH_Close,4,Ridge,0.02381958413429998,0.01862078163351727,-0.0319012842465467,0.037591507119062555,0.007871150970458984,False,BASELINE
target_405,FX_ZARUSD - LME_AH_Close,4,Lasso,0.023462534408905524,0.018535342141825374,-0.0011972505439337144,0.0,0.00887155532836914,False,BASELINE
target_405,FX_ZARUSD - LME_AH_Close,4,RandomForest,0.024176144817929148,0.019025834356409553,-0.06302603261498874,0.10769476717622234,0.4449503421783447,False,BASELINE
target_405,FX_ZARUSD - LME_AH_Close,4,ElasticNet,0.023433150841337035,0.01851412183281129,0.0013089003347209749,0.20963024747095999,0.04753279685974121,False,BASELINE
target_405,FX_ZARUSD - LME_AH_Close,4,XGBoost,0.026969450862928075,0.020881373876952214,-0.32286038347617274,0.01893629829152701,0.5399789810180664,False,BASELINE
target_405,FX_ZARUSD - LME_AH_Close,4,LightGBM,0.02825820345073769,0.02235539392327654,-0.45230856425004573,-0.05597838008805089,1.770315408706665,False,BASELINE
target_406,FX_USDCHF - LME_PB_Close,4,Ridge,0.023512383207657313,0.018451040810200228,0.05737132239031972,0.21708932115108942,0.009415388107299805,False,BASELINE
target_406,FX_USDCHF - LME_PB_Close,4,Lasso,0.024235565785347333,0.019023758044790954,-0.0015062671713197417,0.0,0.00805521011352539,False,BASELINE
target_406,FX_USDCHF - LME_PB_Close,4,RandomForest,0.02537901202998573,0.02022001024611342,-0.09823876409786414,0.17574468302189028,0.45916748046875,False,BASELINE
target_406,FX_USDCHF - LME_PB_Close,4,ElasticNet,0.02392800800709482,0.018802831400281807,0.023751372608677768,0.2528170163705279,0.008184671401977539,False,BASELINE
target_407,FX_USDJPY - JPX_Platinum_Standard_Futures_Close,4,Ridge,0.03709036076098598,0.027451052197606646,-0.33088809133755204,0.12456770362893547,0.006791353225708008,False,BASELINE
target_407,FX_USDJPY - JPX_Platinum_Standard_Futures_Close,4,Lasso,0.033134656423647484,0.02452114995054388,-0.06214636562344533,0.19437499232793878,0.007283210754394531,False,BASELINE
target_407,FX_USDJPY - JPX_Platinum_Standard_Futures_Close,4,RandomForest,0.04036501272067403,0.03126356854332648,-0.576266375335714,0.13342021343790855,0.43288707733154297,False,BASELINE
target_407,FX_USDJPY - JPX_Platinum_Standard_Futures_Close,4,ElasticNet,0.03362864091864531,0.024983500420182686,-0.0940522303357092,0.19437499232793878,0.007661342620849609,False,BASELINE
target_408,LME_AH_Close - FX_ZARCHF,4,Ridge,0.024759110853020787,0.019173345901816068,-0.019626383319318652,0.02374797855353708,0.008188009262084961,False,BASELINE
target_408,LME_AH_Close - FX_ZARCHF,4,Lasso,0.024519814003409943,0.019072539451076627,-1.2247373829543662e-05,0.0,0.005813121795654297,False,BASELINE
target_408,LME_AH_Close - FX_ZARCHF,4,RandomForest,0.02495774050009995,0.019467895152496712,-0.03605188576370866,0.07129239936129943,0.43288302421569824,False,BASELINE
target_408,LME_AH_Close - FX_ZARCHF,4,ElasticNet,0.024468597594330264,0.01901299656751671,0.004160993570853755,0.21815067619616066,0.009319543838500977,False,BASELINE
target_408,LME_AH_Close - FX_ZARCHF,4,XGBoost,0.02729731639593628,0.021402651309225116,-0.23939826282469157,0.029425883697321225,0.5712668895721436,False,BASELINE
target_408,LME_AH_Close - FX_ZARCHF,4,LightGBM,0.028450590642664798,0.022949188465632916,-0.34633628245843084,-0.013020921014370761,1.6839487552642822,False,BASELINE
target_409,LME_PB_Close - FX_ZARGBP,4,Ridge,0.022640325919505197,0.017808010639160245,-0.02660618164679729,0.06888400850920555,0.007866859436035156,False,BASELINE
target_409,LME_PB_Close - FX_ZARGBP,4,Lasso,0.02236366240972582,0.017683460178267798,-0.0016693420574700468,0.0,0.0060770511627197266,False,BASELINE
target_409,LME_PB_Close - FX_ZARGBP,4,RandomForest,0.022597906330287562,0.01771232118241635,-0.02276282567620047,0.09473429138417429,0.4127321243286133,False,BASELINE
target_409,LME_PB_Close - FX_ZARGBP,4,ElasticNet,0.022260024626762836,0.017581637350932787,0.007593027206131753,0.18542058840034076,0.008533716201782227,False,BASELINE
target_409,LME_PB_Close - FX_ZARGBP,4,XGBoost,0.023785178991911557,0.0189546939425313,-0.13305599781492905,0.11195701524821065,0.5334091186523438,False,BASELINE
target_409,LME_PB_Close - FX_ZARGBP,4,LightGBM,0.022933738045733124,0.01842290354557823,-0.053387647390872095,0.133162945164598,1.655909538269043,False,BASELINE
target_410,FX_EURUSD - LME_AH_Close,4,Ridge,0.024928913407894403,0.019425379628401584,-0.0982659265502337,-0.007953658499257738,0.0077135562896728516,False,BASELINE
target_410,FX_EURUSD - LME_AH_Close,4,Lasso,0.023787548518144467,0.018629826840648445,-4.283368977286983e-07,0.0,0.0053882598876953125,False,BASELINE
target_410,FX_EURUSD - LME_AH_Close,4,RandomForest,0.02673961333805793,0.02043664928992048,-0.26360419121185963,0.03874953449340127,0.43343424797058105,False,BASELINE
target_410,FX_EURUSD - LME_AH_Close,4,ElasticNet,0.023787548518144467,0.018629826840648445,-4.283368977286983e-07,0.0,0.005696773529052734,False,BASELINE
target_410,FX_EURUSD - LME_AH_Close,4,XGBoost,0.02921801390789552,0.022005303029418825,-0.508697583614004,0.022495319426801955,0.5430862903594971,False,BASELINE
target_410,FX_EURUSD - LME_AH_Close,4,LightGBM,0.029905967804597547,0.022801831816344643,-0.5805801908212127,-0.07602755799064395,1.6596527099609375,False,BASELINE
target_411,LME_AH_Close - US_Stock_CVE_adj_close,4,Ridge,0.06509262745224512,0.05206741343955912,-0.9878143502704195,0.02130415026650632,0.008036136627197266,False,BASELINE
target_411,LME_AH_Close - US_Stock_CVE_adj_close,4,Lasso,0.04666161860755967,0.03519742203199967,-0.021484583406055968,-0.013661645808874344,0.008159399032592773,False,BASELINE
target_411,LME_AH_Close - US_Stock_CVE_adj_close,4,RandomForest,0.04744800358007002,0.03584301018347007,-0.0562047222230635,-0.029078391279575302,0.39928174018859863,False,BASELINE
target_411,LME_AH_Close - US_Stock_CVE_adj_close,4,ElasticNet,0.04682319224682656,0.03529967394198789,-0.02857095265006082,-0.019753048972692765,0.008640766143798828,False,BASELINE
target_411,LME_AH_Close - US_Stock_CVE_adj_close,4,XGBoost,0.04858583529359055,0.03656094983231538,-0.10746896434520914,0.048038344556217305,0.5261693000793457,False,BASELINE
target_411,LME_AH_Close - US_Stock_CVE_adj_close,4,LightGBM,0.04908947581233552,0.03771784581013357,-0.13054800132442268,0.05458859536120795,1.5966310501098633,False,BASELINE
target_412,US_Stock_MS_adj_close - LME_PB_Close,4,Ridge,0.04201461067408443,0.03284557232930442,-0.16138909301455895,0.13152988070556076,0.008133172988891602,False,BASELINE
target_412,US_Stock_MS_adj_close - LME_PB_Close,4,Lasso,0.039189207867558834,0.02964061929003741,-0.01043882782701,0.0,0.007694721221923828,False,BASELINE
target_412,US_Stock_MS_adj_close - LME_PB_Close,4,RandomForest,0.06829767216191358,0.05832964108124568,-2.0689432607446188,0.037916338068712356,0.41303062438964844,False,BASELINE
target_412,US_Stock_MS_adj_close - LME_PB_Close,4,ElasticNet,0.039189207867558834,0.02964061929003741,-0.01043882782701,0.0,0.004592180252075195,False,BASELINE
target_412,US_Stock_MS_adj_close - LME_PB_Close,4,XGBoost,0.06893032598085103,0.058849459920466175,-2.126062960766982,0.10714345189028573,0.6995148658752441,False,BASELINE
target_412,US_Stock_MS_adj_close - LME_PB_Close,4,LightGBM,0.06026870104289621,0.050698808069671024,-1.389795388170215,-0.006927023301014757,1.750257968902588,False,BASELINE
target_413,FX_GBPNZD - JPX_Gold_Standard_Futures_Close,4,Ridge,0.02563331373531368,0.019707021713994584,-0.18578061058545603,0.16137401916096322,0.008244752883911133,False,BASELINE
target_413,FX_GBPNZD - JPX_Gold_Standard_Futures_Close,4,Lasso,0.02365611060755238,0.018402038541364126,-0.00990732644605985,0.0,0.007308006286621094,False,BASELINE
target_413,FX_GBPNZD - JPX_Gold_Standard_Futures_Close,4,RandomForest,0.026606117286878943,0.02076402359702042,-0.27749097605413486,0.08617399007316856,0.3722660541534424,False,BASELINE
target_413,FX_GBPNZD - JPX_Gold_Standard_Futures_Close,4,ElasticNet,0.023713492919300253,0.01849197605683945,-0.014812706139859522,0.150426317990195,0.031064510345458984,False,BASELINE
target_413,FX_GBPNZD - JPX_Gold_Standard_Futures_Close,4,XGBoost,0.02498173079589958,0.01893756618966599,-0.12626318105907863,0.04208515980184872,0.601405143737793,False,BASELINE
target_413,FX_GBPNZD - JPX_Gold_Standard_Futures_Close,4,LightGBM,0.024666023750170744,0.01898094521596123,-0.09797671296252553,0.13683057089924638,1.7038235664367676,False,BASELINE
target_414,JPX_Gold_Standard_Futures_Close - US_Stock_IEF_adj_close,4,Ridge,0.0269657052416425,0.020696103853851,-0.2300382086260515,0.046923672503127525,0.007528543472290039,False,BASELINE
target_414,JPX_Gold_Standard_Futures_Close - US_Stock_IEF_adj_close,4,Lasso,0.02446718588211795,0.019225521228679838,-0.012658655119412998,-0.12105321809642028,0.006371736526489258,False,BASELINE
target_414,JPX_Gold_Standard_Futures_Close - US_Stock_IEF_adj_close,4,RandomForest,0.03017787670663628,0.024282489309002276,-0.5405379307174982,-0.035927132905216375,0.38208723068237305,False,BASELINE
target_414,JPX_Gold_Standard_Futures_Close - US_Stock_IEF_adj_close,4,ElasticNet,0.024399300340089157,0.019112946607630167,-0.007047097352910869,-0.12105321809642028,0.007311105728149414,False,BASELINE
target_414,JPX_Gold_Standard_Futures_Close - US_Stock_IEF_adj_close,4,XGBoost,0.02961095166190205,0.02363010152991809,-0.4832001707626008,0.0006506059822028157,0.6843349933624268,False,BASELINE
target_414,JPX_Gold_Standard_Futures_Close - US_Stock_IEF_adj_close,4,LightGBM,0.029361850772664788,0.02322841165433494,-0.4583504175352753,0.007393496459653028,1.7177188396453857,False,BASELINE
target_415,FX_NZDUSD - LME_PB_Close,4,Ridge,0.018952490401722654,0.014643352543558086,0.0317919202036675,0.21760711753212628,0.007833719253540039,False,BASELINE
target_415,FX_NZDUSD - LME_PB_Close,4,Lasso,0.019263211110662766,0.01503938302799076,-0.0002153154322934725,0.0,0.005621194839477539,False,BASELINE
target_415,FX_NZDUSD - LME_PB_Close,4,RandomForest,0.023600614243782965,0.018053152626211065,-0.5013527523296697,0.0352203567948659,0.39056921005249023,False,BASELINE
target_415,FX_NZDUSD - LME_PB_Close,4,ElasticNet,0.019238209509563696,0.01501705165094981,0.0023793460685175294,0.1275725297541615,0.00526738166809082,False,BASELINE
target_415,FX_NZDUSD - LME_PB_Close,4,XGBoost,0.023274584189144628,0.01814839101006007,-0.4601584750627654,0.09302148217301029,0.65871262550354,False,BASELINE
target_415,FX_NZDUSD - LME_PB_Close,4,LightGBM,0.02318816493640819,0.017636993439399153,-0.4493353783005434,0.07312356203098615,1.7387564182281494,False,BASELINE
target_416,LME_CA_Close - US_Stock_GLD_adj_close,4,Ridge,0.025982738780902095,0.020432939121592053,-0.3292359394935953,0.09487708354892928,0.007707118988037109,False,BASELINE
target_416,LME_CA_Close - US_Stock_GLD_adj_close,4,Lasso,0.02273455132170442,0.017194882104190033,-0.017665369521553842,0.0,0.00558161735534668,False,BASELINE
target_416,LME_CA_Close - US_Stock_GLD_adj_close,4,RandomForest,0.022955668884581695,0.01757249158180296,-0.03755738144970211,-0.005341129282627546,0.4143812656402588,False,BASELINE
target_416,LME_CA_Close - US_Stock_GLD_adj_close,4,ElasticNet,0.02268647091428677,0.01715304615839218,-0.013365480328890955,0.1508044665832587,0.0051801204681396484,False,BASELINE
target_416,LME_CA_Close - US_Stock_GLD_adj_close,4,XGBoost,0.024525514541136408,0.019077278911873698,-0.18431839803181105,-0.03719758580123778,0.6670956611633301,False,BASELINE
target_416,LME_CA_Close - US_Stock_GLD_adj_close,4,LightGBM,0.024078382947847577,0.018746325985741913,-0.14152875393592712,0.04452427937427812,1.6931519508361816,False,BASELINE
target_417,JPX_Platinum_Standard_Futures_Close - FX_EURCAD,4,Ridge,0.036531258714322244,0.02698222087203696,-0.18720443560140843,0.07505039475959761,0.007477521896362305,False,BASELINE
target_417,JPX_Platinum_Standard_Futures_Close - FX_EURCAD,4,Lasso,0.033887457743654176,0.024763697559249332,-0.021584313626490825,0.12109301739098954,0.006766557693481445,False,BASELINE
target_417,JPX_Platinum_Standard_Futures_Close - FX_EURCAD,4,RandomForest,0.03883623326276162,0.027512967618869053,-0.3417464024922441,-0.01700346303247407,0.39438772201538086,False,BASELINE
target_417,JPX_Platinum_Standard_Futures_Close - FX_EURCAD,4,ElasticNet,0.03421434468965812,0.025115675392669526,-0.041388291013845446,0.12109301739098954,0.0043566226959228516,False,BASELINE
target_417,JPX_Platinum_Standard_Futures_Close - FX_EURCAD,4,XGBoost,0.03859524688168015,0.028912094818808055,-0.3251464708875267,-0.05575362637939777,0.5770275592803955,False,BASELINE
target_417,JPX_Platinum_Standard_Futures_Close - FX_EURCAD,4,LightGBM,0.04016751120625042,0.030190819441770173,-0.4353112361885938,-0.14745414205068022,1.689955711364746,False,BASELINE
target_418,FX_NOKGBP - LME_ZS_Close,4,Ridge,0.02774375628125279,0.0227384933570794,-0.025855411687831564,0.18213449442157295,0.007513523101806641,False,BASELINE
target_418,FX_NOKGBP - LME_ZS_Close,4,Lasso,0.02735550453963876,0.02233700777021165,0.002655743739581884,0.2978334175071292,0.0065801143646240234,False,BASELINE
target_418,FX_NOKGBP - LME_ZS_Close,4,RandomForest,0.02897489437906381,0.023587743488004,-0.11892082141345095,0.14094213434137828,0.4148831367492676,False,BASELINE
target_418,FX_NOKGBP - LME_ZS_Close,4,ElasticNet,0.027246087705690297,0.022244936431544456,0.010618163775193534,0.2978334175071292,0.01135706901550293,False,BASELINE
target_418,FX_NOKGBP - LME_ZS_Close,4,XGBoost,0.03067290033855563,0.024920599234374625,-0.25390697870542533,-0.06698856766807976,0.6270761489868164,False,BASELINE
target_418,FX_NOKGBP - LME_ZS_Close,4,LightGBM,0.03265078539900732,0.026621596936451768,-0.4208325485447064,-0.00498691480081419,1.7093837261199951,False,BASELINE
target_419,FX_NOKUSD - LME_AH_Close,4,Ridge,0.022843192956746746,0.01785600185159955,-0.06355076600605902,0.05933563918519765,0.007828474044799805,False,BASELINE
target_419,FX_NOKUSD - LME_AH_Close,4,Lasso,0.02215029467818529,0.017688800013649177,-8.346268878911545e-06,0.0,0.005838632583618164,False,BASELINE
target_419,FX_NOKUSD - LME_AH_Close,4,RandomForest,0.026932937063461688,0.019967165572701673,-0.4784683798480316,-0.01561704493860414,0.3862888813018799,False,BASELINE
target_419,FX_NOKUSD - LME_AH_Close,4,ElasticNet,0.022149534603904036,0.017687595399407455,6.028194534779541e-05,0.28385061957015245,0.010695457458496094,False,BASELINE
target_419,FX_NOKUSD - LME_AH_Close,4,XGBoost,0.028199387807428297,0.02143642509749147,-0.6207796249043314,-0.07575692648311677,0.5400943756103516,False,BASELINE
target_419,FX_NOKUSD - LME_AH_Close,4,LightGBM,0.028220756455395075,0.021458857631306318,-0.6232369116883669,-0.06526325992358038,1.7352073192596436,False,BASELINE
target_420,JPX_Gold_Standard_Futures_Close - US_Stock_RY_adj_close,4,Ridge,0.035013144596380705,0.028387518242581858,-0.5789165660622884,-0.003882511063887104,0.007311820983886719,False,BASELINE
target_420,JPX_Gold_Standard_Futures_Close - US_Stock_RY_adj_close,4,Lasso,0.02789101348196703,0.022281682458028935,-0.0019026792287106797,0.0,0.005797624588012695,False,BASELINE
target_420,JPX_Gold_Standard_Futures_Close - US_Stock_RY_adj_close,4,RandomForest,0.029937952865851426,0.024042875455575822,-0.15435967532452355,0.07335025257737453,0.3730757236480713,False,BASELINE
target_420,JPX_Gold_Standard_Futures_Close - US_Stock_RY_adj_close,4,ElasticNet,0.027915565521259775,0.022323451560446392,-0.0036673752961542405,0.020180413794707357,0.013517379760742188,False,BASELINE
target_420,JPX_Gold_Standard_Futures_Close - US_Stock_RY_adj_close,4,XGBoost,0.03125307818380948,0.02463132169812139,-0.2580055107203121,-0.0012134179489341167,0.5823886394500732,False,BASELINE
target_420,JPX_Gold_Standard_Futures_Close - US_Stock_RY_adj_close,4,LightGBM,0.032330647269717946,0.02508671195343642,-0.3462500907349928,0.003991817520235744,1.6607673168182373,False,BASELINE
target_421,US_Stock_EWT_adj_close - LME_AH_Close,4,Ridge,0.03328681440220721,0.024893914843173947,-0.03903237757668965,0.0948857073866441,0.00760340690612793,False,BASELINE
target_421,US_Stock_EWT_adj_close - LME_AH_Close,4,Lasso,0.032657291583660396,0.024095135599051833,-0.00010348283659888935,0.0,0.005616426467895508,False,BASELINE
target_421,US_Stock_EWT_adj_close - LME_AH_Close,4,RandomForest,0.03963297791108725,0.03279764941193487,-0.4729839760669716,0.1686995133776539,0.3822760581970215,False,BASELINE
target_421,US_Stock_EWT_adj_close - LME_AH_Close,4,ElasticNet,0.03265959863351218,0.024101378240358722,-0.00024479094748564023,-0.06091046315361254,0.006223440170288086,False,BASELINE
target_421,US_Stock_EWT_adj_close - LME_AH_Close,4,XGBoost,0.03644464764049032,0.028838780991083432,-0.24552406563290763,0.17606427078612524,0.5521855354309082,False,BASELINE
target_421,US_Stock_EWT_adj_close - LME_AH_Close,4,LightGBM,0.04351502274308033,0.036566060415866256,-0.7756732065411829,0.15566443398481966,1.6701867580413818,False,BASELINE
target_422,JPX_Platinum_Standard_Futures_Close - FX_NOKCHF,4,Ridge,0.0346485676104601,0.02485190642729924,-0.2627833357967395,0.0791456827699412,0.008925199508666992,False,BASELINE
target_422,JPX_Platinum_Standard_Futures_Close - FX_NOKCHF,4,Lasso,0.031108863621752476,0.022433404745970425,-0.017950278312917956,0.099796463129278,0.009473085403442383,False,BASELINE
target_422,JPX_Platinum_Standard_Futures_Close - FX_NOKCHF,4,RandomForest,0.040126694249097844,0.03010260379939594,-0.6936553448014435,-0.022535737820767912,0.4401869773864746,False,BASELINE
target_422,JPX_Platinum_Standard_Futures_Close - FX_NOKCHF,4,ElasticNet,0.031409208308999105,0.02263368223255628,-0.03770103784369616,0.099796463129278,0.0038499832153320312,False,BASELINE
target_422,JPX_Platinum_Standard_Futures_Close - FX_NOKCHF,4,XGBoost,0.039411199323908734,0.02998580880950594,-0.6337950413038276,-0.01261574324054503,0.6254847049713135,False,BASELINE
target_422,JPX_Platinum_Standard_Futures_Close - FX_NOKCHF,4,LightGBM,0.04318541147810803,0.033561261837302334,-0.9616991114977285,-0.10228042405405235,1.6794192790985107,False,BASELINE
target_423,LME_CA_Close - US_Stock_CCJ_adj_close,4,Ridge,0.05631400117799888,0.04395898321610792,-0.09434163676281604,0.09920714220292068,0.0085296630859375,False,BASELINE
target_423,LME_CA_Close - US_Stock_CCJ_adj_close,4,Lasso,0.05383068027726611,0.0419001808990865,4.630743940814419e-05,0.08115626037090827,0.006272315979003906,False,BASELINE
target_423,LME_CA_Close - US_Stock_CCJ_adj_close,4,RandomForest,0.05320858062370863,0.04131641442169949,0.023024888816495115,0.21769986189964705,0.4120521545410156,False,BASELINE
target_423,LME_CA_Close - US_Stock_CCJ_adj_close,4,ElasticNet,0.05384040234221609,0.041909490203897094,-0.00031491751928913736,0.08115626037090827,0.011260747909545898,False,BASELINE
target_423,LME_CA_Close - US_Stock_CCJ_adj_close,4,XGBoost,0.06619850466451706,0.05191941201924129,-0.5122253392609502,0.026402027850832586,0.6001513004302979,False,BASELINE
target_423,LME_CA_Close - US_Stock_CCJ_adj_close,4,LightGBM,0.059955099273547946,0.046911959401028554,-0.24043041063489423,-0.0640908750281018,1.707104206085205,False,BASELINE
