Target,Pair,Lag,Model,RMSE,MAE,R2,Spearman,Train_Time,Optimized,Run_Mode
target_0,US_Stock_VT_adj_close,1,Ridge,0.010705729406777552,0.007040532331171757,-0.18454706524702003,0.012716124600490675,0.020992040634155273,False,OPTIMIZED
target_0,US_Stock_VT_adj_close,1,Lasso,0.009847951019659879,0.00645586248938209,-0.0023319097793026433,0.0,0.0026602745056152344,False,OPTIMIZED
target_0,US_Stock_VT_adj_close,1,RandomForest,0.011720850570305696,0.007033689325451423,-0.41983557999232857,-0.004591425313070062,0.2896232604980469,False,OPTIMIZED
target_0,US_Stock_VT_adj_close,1,ElasticNet,0.009887685598870322,0.006533110137215156,-0.010436658510525776,0.05705920915082363,0.0028793811798095703,True,OPTIMIZED
target_0,US_Stock_VT_adj_close,1,XGBoost,0.009907385545498451,0.006471713228056124,-0.014467000630872029,0.036377848188220645,0.1641082763671875,True,OPTIMIZED
target_0,US_Stock_VT_adj_close,1,LightGBM,0.01009746955109703,0.006645372082670092,-0.05376774552421648,-0.024629467709199073,1.3452157974243164,True,OPTIMIZED
target_1,LME_PB_Close - US_Stock_VT_adj_close,1,Ridge,0.014160489458324144,0.010644000284176574,-0.0797726747530636,0.07247806024858171,0.006950855255126953,False,OPTIMIZED
target_1,LME_PB_Close - US_Stock_VT_adj_close,1,Lasso,0.013638816942683206,0.009922362756412716,-0.0016804636647693716,0.0,0.006189823150634766,False,OPTIMIZED
target_1,LME_PB_Close - US_Stock_VT_adj_close,1,RandomForest,0.014346420426655394,0.010037329231208404,-0.10831423278097851,0.07162748521959306,0.3985257148742676,False,OPTIMIZED
target_1,LME_PB_Close - US_Stock_VT_adj_close,1,ElasticNet,0.013621562842603456,0.009914333879248262,0.0008523312032233665,0.11749451189349272,0.0033156871795654297,True,OPTIMIZED
target_1,LME_PB_Close - US_Stock_VT_adj_close,1,XGBoost,0.013638502548202914,0.009921692594140939,-0.0016342838266789617,0.0,0.1546802520751953,True,OPTIMIZED
target_1,LME_PB_Close - US_Stock_VT_adj_close,1,LightGBM,0.014441008875464127,0.010605762686482174,-0.12297702871823124,0.06702203861338309,2.266122817993164,True,OPTIMIZED
target_2,LME_CA_Close - LME_ZS_Close,1,Ridge,0.012012943269333828,0.009378087210446698,-0.014827990748392361,0.04640316097352211,0.008129119873046875,False,OPTIMIZED
target_2,LME_CA_Close - LME_ZS_Close,1,Lasso,0.011933274617684305,0.009337508050541996,-0.0014121472961083903,0.0,0.005976676940917969,False,OPTIMIZED
target_2,LME_CA_Close - LME_ZS_Close,1,RandomForest,0.012085116004586864,0.009390215950204006,-0.02705862046675045,0.13168823704315608,0.41184306144714355,False,OPTIMIZED
target_2,LME_CA_Close - LME_ZS_Close,1,ElasticNet,0.011942651045973257,0.00933504401359895,-0.002986460868546592,0.07765036955572448,0.3002340793609619,True,OPTIMIZED
target_2,LME_CA_Close - LME_ZS_Close,1,XGBoost,0.011933322493729272,0.009337515045702656,-0.0014201826008684026,0.0,0.32943296432495117,True,OPTIMIZED
target_2,LME_CA_Close - LME_ZS_Close,1,LightGBM,0.011940086349641634,0.009370342215017377,-0.002555722420447104,0.12998558104411156,2.5145907402038574,True,OPTIMIZED
target_3,LME_AH_Close - LME_ZS_Close,1,Ridge,0.01236756882774835,0.00983789659841071,0.003954608034241636,0.08985037378561662,0.00726771354675293,False,OPTIMIZED
target_3,LME_AH_Close - LME_ZS_Close,1,Lasso,0.012399433198895114,0.009791197490603497,-0.0011845177832812137,0.0,0.005950450897216797,False,OPTIMIZED
target_3,LME_AH_Close - LME_ZS_Close,1,RandomForest,0.012244807328674463,0.009618511037384871,0.023630126520745143,0.12800648915219273,0.3771321773529053,False,OPTIMIZED
target_3,LME_AH_Close - LME_ZS_Close,1,ElasticNet,0.012366901395861262,0.009777625878954097,0.004062110895418192,0.0908573369345474,0.0032095909118652344,True,OPTIMIZED
target_3,LME_AH_Close - LME_ZS_Close,1,XGBoost,0.012399609409860336,0.009791337396420019,-0.0012129740749493578,0.0,0.20194387435913086,True,OPTIMIZED
target_3,LME_AH_Close - LME_ZS_Close,1,LightGBM,0.01238939471513744,0.009787621132869365,0.00043592824951776965,0.08350370246322882,0.3611023426055908,True,OPTIMIZED
target_4,LME_AH_Close - JPX_Gold_Standard_Futures_Close,1,Ridge,0.015615638057555904,0.011939183776675652,-0.14056881611044258,-0.021636690961844337,0.007063388824462891,False,OPTIMIZED
target_4,LME_AH_Close - JPX_Gold_Standard_Futures_Close,1,Lasso,0.014624201863299477,0.011121942109882993,-0.00033708915618979596,0.0,0.0052258968353271484,False,OPTIMIZED
target_4,LME_AH_Close - JPX_Gold_Standard_Futures_Close,1,RandomForest,0.014841575580083506,0.011262941751840585,-0.03029606484211933,-0.0018345480922168044,0.34089040756225586,False,OPTIMIZED
target_4,LME_AH_Close - JPX_Gold_Standard_Futures_Close,1,ElasticNet,0.014620868042327208,0.011129288584079914,0.0001189445708210668,0.11295334976316573,0.003207683563232422,True,OPTIMIZED
target_4,LME_AH_Close - JPX_Gold_Standard_Futures_Close,1,XGBoost,0.014624586436378895,0.011123495246840833,-0.00038970163743101693,0.0,0.14360570907592773,True,OPTIMIZED
target_4,LME_AH_Close - JPX_Gold_Standard_Futures_Close,1,LightGBM,0.014992169151653672,0.01124296999272648,-0.05131042773886607,-0.09996923776064881,0.9184410572052002,True,OPTIMIZED
target_5,LME_ZS_Close - JPX_Platinum_Standard_Futures_Close,1,Ridge,0.020228689697307956,0.015461569241620184,-0.04425872918647977,-0.059292118924020774,0.00640559196472168,False,OPTIMIZED
target_5,LME_ZS_Close - JPX_Platinum_Standard_Futures_Close,1,Lasso,0.01980821250326381,0.015073867324937063,-0.001297616409879243,0.0,0.0053479671478271484,False,OPTIMIZED
target_5,LME_ZS_Close - JPX_Platinum_Standard_Futures_Close,1,RandomForest,0.020664467521634842,0.015450382900669045,-0.08973537003424492,0.030788457168825275,0.3620333671569824,False,OPTIMIZED
target_5,LME_ZS_Close - JPX_Platinum_Standard_Futures_Close,1,ElasticNet,0.01985201598814772,0.015065969884866845,-0.005731011994678514,0.04386275846398546,0.004729270935058594,True,OPTIMIZED
target_5,LME_ZS_Close - JPX_Platinum_Standard_Futures_Close,1,XGBoost,0.019810914725976517,0.01507283739342172,-0.0015708277072286059,0.0,0.1596388816833496,True,OPTIMIZED
target_5,LME_ZS_Close - JPX_Platinum_Standard_Futures_Close,1,LightGBM,0.019883764653284876,0.015074966030553801,-0.00895044823943092,0.017200985789942846,0.7046070098876953,True,OPTIMIZED
target_6,LME_PB_Close - LME_AH_Close,1,Ridge,0.012911293496673783,0.009716346777686007,-0.0577278195559392,0.027160433740041977,0.007184028625488281,False,OPTIMIZED
target_6,LME_PB_Close - LME_AH_Close,1,Lasso,0.012554238892198713,0.00951479219182972,-3.499286045305361e-05,0.0,0.006997346878051758,False,OPTIMIZED
target_6,LME_PB_Close - LME_AH_Close,1,RandomForest,0.012936038306729321,0.009862923259957022,-0.0617860271789441,-0.08233002557462629,0.42989253997802734,False,OPTIMIZED
target_6,LME_PB_Close - LME_AH_Close,1,ElasticNet,0.012597153383307181,0.009538983229789503,-0.006883571037487268,0.05416732940590299,0.0053484439849853516,True,OPTIMIZED
target_6,LME_PB_Close - LME_AH_Close,1,XGBoost,0.012554021904564946,0.009518198672972489,-4.23922682291078e-07,0.0,0.21084117889404297,True,OPTIMIZED
target_6,LME_PB_Close - LME_AH_Close,1,LightGBM,0.014081405578192485,0.01087982941441366,-0.25813265515535,-0.033630106708961556,1.9990191459655762,True,OPTIMIZED
target_7,LME_ZS_Close - US_Stock_VYM_adj_close,1,Ridge,0.016428672421703885,0.012592417551724647,-0.018799412157796347,0.017322209611990328,0.008436918258666992,False,OPTIMIZED
target_7,LME_ZS_Close - US_Stock_VYM_adj_close,1,Lasso,0.016278421111412866,0.012298668910287193,-0.0002494099170882169,0.0,0.0056416988372802734,False,OPTIMIZED
target_7,LME_ZS_Close - US_Stock_VYM_adj_close,1,RandomForest,0.016854029182637096,0.012602472974216482,-0.07223808416158484,-0.05770945880860107,0.3897674083709717,False,OPTIMIZED
target_7,LME_ZS_Close - US_Stock_VYM_adj_close,1,ElasticNet,0.01624799629187995,0.012274082237275035,0.003486083601648704,0.08783302540064444,0.004467487335205078,True,OPTIMIZED
target_7,LME_ZS_Close - US_Stock_VYM_adj_close,1,XGBoost,0.01627844542292002,0.012298651164364648,-0.00025239762562301316,0.0,0.15567827224731445,True,OPTIMIZED
target_7,LME_ZS_Close - US_Stock_VYM_adj_close,1,LightGBM,0.016258533219750366,0.012316491697760355,0.002193173412401439,0.046255087045606144,0.46012330055236816,True,OPTIMIZED
target_8,US_Stock_IEMG_adj_close - JPX_Gold_Standard_Futures_Close,1,Ridge,0.015745577312414778,0.011552036916964983,-0.1606497079165956,0.01070121296132557,0.007658481597900391,False,OPTIMIZED
target_8,US_Stock_IEMG_adj_close - JPX_Gold_Standard_Futures_Close,1,Lasso,0.014615592794710674,0.010511595671560958,-3.881844711872695e-05,0.0,0.005836009979248047,False,OPTIMIZED
target_8,US_Stock_IEMG_adj_close - JPX_Gold_Standard_Futures_Close,1,RandomForest,0.018926870037161696,0.01377242143192084,-0.6770329248040681,-0.03028315107538843,0.3271164894104004,False,OPTIMIZED
target_8,US_Stock_IEMG_adj_close - JPX_Gold_Standard_Futures_Close,1,ElasticNet,0.015188024226507134,0.010915974979166425,-0.07990748535098713,-0.029837061207104738,0.09828996658325195,True,OPTIMIZED
target_8,US_Stock_IEMG_adj_close - JPX_Gold_Standard_Futures_Close,1,XGBoost,0.014615314541588344,0.010512541523659815,-7.411308191596078e-07,0.0,0.2265779972076416,True,OPTIMIZED
target_8,US_Stock_IEMG_adj_close - JPX_Gold_Standard_Futures_Close,1,LightGBM,0.014657181367155336,0.01054154683463852,-0.005738123255894179,-0.05384966941143824,0.5218677520751953,True,OPTIMIZED
target_9,FX_AUDJPY - LME_PB_Close,1,Ridge,0.012990314835039554,0.00991662951188024,-0.005976970080701749,0.030104888884465466,0.008385419845581055,False,OPTIMIZED
target_9,FX_AUDJPY - LME_PB_Close,1,Lasso,0.01295298389641847,0.009805500802806242,-0.00020342194531552948,0.0,0.005697965621948242,False,OPTIMIZED
target_9,FX_AUDJPY - LME_PB_Close,1,RandomForest,0.012804135298703017,0.009798698798432762,0.022652077715372587,0.12209956917304363,0.37685561180114746,False,OPTIMIZED
target_9,FX_AUDJPY - LME_PB_Close,1,ElasticNet,0.012894852993021722,0.009754955318853417,0.008753936662763806,0.13899276315216538,0.0032663345336914062,True,OPTIMIZED
target_9,FX_AUDJPY - LME_PB_Close,1,XGBoost,0.012952948358405434,0.00980543187477974,-0.00019793360474928967,0.0,0.3647031784057617,True,OPTIMIZED
target_9,FX_AUDJPY - LME_PB_Close,1,LightGBM,0.012911869933782707,0.00980324641279465,0.006135976516545072,0.10365748821539607,0.3959624767303467,True,OPTIMIZED
target_10,JPX_Platinum_Standard_Futures_Close - US_Stock_VGIT_adj_close,1,Ridge,0.01762243301249433,0.012972972882077808,-0.13331841558675417,0.017956923615191397,0.00799703598022461,False,OPTIMIZED
target_10,JPX_Platinum_Standard_Futures_Close - US_Stock_VGIT_adj_close,1,Lasso,0.016588511145898915,0.012200141470741124,-0.00423424473188283,0.0,0.005889415740966797,False,OPTIMIZED
target_10,JPX_Platinum_Standard_Futures_Close - US_Stock_VGIT_adj_close,1,RandomForest,0.01728845797800882,0.012689134177786804,-0.09076884854202527,-0.026601483543543206,0.3677527904510498,False,OPTIMIZED
target_10,JPX_Platinum_Standard_Futures_Close - US_Stock_VGIT_adj_close,1,ElasticNet,0.016613163035828774,0.012232463370163182,-0.007221211648172465,0.0875676776485095,0.0036873817443847656,True,OPTIMIZED
target_10,JPX_Platinum_Standard_Futures_Close - US_Stock_VGIT_adj_close,1,XGBoost,0.016588689669562336,0.012200384772596861,-0.004255859756814084,0.0,0.25740909576416016,True,OPTIMIZED
target_10,JPX_Platinum_Standard_Futures_Close - US_Stock_VGIT_adj_close,1,LightGBM,0.017647445257004766,0.01322140529966587,-0.13653782963874184,-0.04648613907887957,1.5857863426208496,True,OPTIMIZED
target_11,FX_EURAUD - LME_CA_Close,1,Ridge,0.014231635024182258,0.01042612273443832,-0.03611246044168448,-0.07055509869955698,0.007803440093994141,False,OPTIMIZED
target_11,FX_EURAUD - LME_CA_Close,1,Lasso,0.013981806144890826,0.01024016317549288,-5.4928146187238625e-05,0.0,0.006005764007568359,False,OPTIMIZED
target_11,FX_EURAUD - LME_CA_Close,1,RandomForest,0.015149080854851137,0.011480787989454181,-0.17400478924832652,0.026576910014020846,0.36215949058532715,False,OPTIMIZED
target_11,FX_EURAUD - LME_CA_Close,1,ElasticNet,0.013981806144890826,0.01024016317549288,-5.4928146187238625e-05,0.0,0.0029735565185546875,True,OPTIMIZED
target_11,FX_EURAUD - LME_CA_Close,1,XGBoost,0.01398170438385277,0.010240000696052487,-4.037119178357251e-05,0.0,0.2023022174835205,True,OPTIMIZED
target_11,FX_EURAUD - LME_CA_Close,1,LightGBM,0.015381037732346624,0.011598571943062264,-0.21023184559097574,-0.05563278564523894,0.5675585269927979,True,OPTIMIZED
target_12,JPX_Platinum_Standard_Futures_Close - FX_CADCHF,1,Ridge,0.017591327009483796,0.012676099059462652,-0.07073470311872043,0.005001679634656765,0.0077474117279052734,False,OPTIMIZED
target_12,JPX_Platinum_Standard_Futures_Close - FX_CADCHF,1,Lasso,0.01702344026706115,0.012263004031561544,-0.0027192147198553673,0.0,0.0061643123626708984,False,OPTIMIZED
target_12,JPX_Platinum_Standard_Futures_Close - FX_CADCHF,1,RandomForest,0.01838056114300706,0.013096786928897942,-0.16896688014316985,-0.01299189841085377,0.33373141288757324,False,OPTIMIZED
target_12,JPX_Platinum_Standard_Futures_Close - FX_CADCHF,1,ElasticNet,0.01712585551840835,0.012340525371773997,-0.014820487823512307,0.06522066767747384,0.0033216476440429688,True,OPTIMIZED
target_12,JPX_Platinum_Standard_Futures_Close - FX_CADCHF,1,XGBoost,0.017020364905714014,0.01225959626600193,-0.0023569559375786753,0.0,0.2104027271270752,True,OPTIMIZED
target_12,JPX_Platinum_Standard_Futures_Close - FX_CADCHF,1,LightGBM,0.017023440267561526,0.012263004032096925,-0.0027192147788019927,0.0,0.23074698448181152,True,OPTIMIZED
target_13,LME_PB_Close - FX_ZARCHF,1,Ridge,0.013080678594320307,0.010016404265660328,-0.011761715283741703,-0.0023640120775861744,0.007615327835083008,False,OPTIMIZED
target_13,LME_PB_Close - FX_ZARCHF,1,Lasso,0.01300443948036613,0.009920565329851912,-2.2292788344202563e-06,0.0,0.004383087158203125,False,OPTIMIZED
target_13,LME_PB_Close - FX_ZARCHF,1,RandomForest,0.012907566161766363,0.009966529456136523,0.014840812149081062,0.0650032408438386,0.34310150146484375,False,OPTIMIZED
target_13,LME_PB_Close - FX_ZARCHF,1,ElasticNet,0.012957057018199419,0.009914311077420272,0.007271632426679053,0.09999514806488652,0.004904747009277344,True,OPTIMIZED
target_13,LME_PB_Close - FX_ZARCHF,1,XGBoost,0.013004489544497167,0.009919380231015755,-9.928855442487006e-06,0.0,0.16257667541503906,True,OPTIMIZED
target_13,LME_PB_Close - FX_ZARCHF,1,LightGBM,0.013343441455174512,0.010325568563401945,-0.05281824213766151,0.041968492279824784,1.918595314025879,True,OPTIMIZED
target_14,JPX_Platinum_Standard_Futures_Close - FX_NZDJPY,1,Ridge,0.017606517308173284,0.01287306470169019,-0.08690153795509259,0.029802468911627,0.007743120193481445,False,OPTIMIZED
target_14,JPX_Platinum_Standard_Futures_Close - FX_NZDJPY,1,Lasso,0.01691515277396256,0.012541650827971167,-0.003217585840048054,0.0,0.005918741226196289,False,OPTIMIZED
target_14,JPX_Platinum_Standard_Futures_Close - FX_NZDJPY,1,RandomForest,0.02222000331146022,0.01668618205584291,-0.7311373476071359,0.05322656304380063,0.36072611808776855,False,OPTIMIZED
target_14,JPX_Platinum_Standard_Futures_Close - FX_NZDJPY,1,ElasticNet,0.017004697434876207,0.012615484290738253,-0.01386727444461422,0.04950412948016065,0.0038313865661621094,True,OPTIMIZED
target_14,JPX_Platinum_Standard_Futures_Close - FX_NZDJPY,1,XGBoost,0.016915770078537954,0.0125423747821598,-0.0032908103759874408,0.0,0.24481487274169922,True,OPTIMIZED
target_14,JPX_Platinum_Standard_Futures_Close - FX_NZDJPY,1,LightGBM,0.01792851389212757,0.013242113420602565,-0.1270206445018407,-0.02724912159647004,2.1295270919799805,True,OPTIMIZED
target_15,FX_CHFJPY - LME_AH_Close,1,Ridge,0.013513673380874064,0.010427883997187656,-0.03330374137439218,0.029447762698074025,0.008082866668701172,False,OPTIMIZED
target_15,FX_CHFJPY - LME_AH_Close,1,Lasso,0.013296805909606961,0.010246751853593488,-0.0004049336373632695,0.0,0.006368875503540039,False,OPTIMIZED
target_15,FX_CHFJPY - LME_AH_Close,1,RandomForest,0.013526910607888234,0.010432967730052362,-0.03532906416366011,-0.04718295403226909,0.40631675720214844,False,OPTIMIZED
target_15,FX_CHFJPY - LME_AH_Close,1,ElasticNet,0.013287057534729462,0.010285592191596858,0.0010613955692936328,0.05721824875000466,0.007112026214599609,True,OPTIMIZED
target_15,FX_CHFJPY - LME_AH_Close,1,XGBoost,0.013297330136883235,0.010247983089086622,-0.0004838172271708352,0.0,0.15672588348388672,True,OPTIMIZED
target_15,FX_CHFJPY - LME_AH_Close,1,LightGBM,0.014756407158972407,0.01153903550347337,-0.23208997919266627,-0.012719783329995037,0.6580798625946045,True,OPTIMIZED
target_16,US_Stock_VTV_adj_close - LME_ZS_Close,1,Ridge,0.016246399948328893,0.0124612395840166,-0.010177367134589055,0.027850103533464232,0.007941246032714844,False,OPTIMIZED
target_16,US_Stock_VTV_adj_close - LME_ZS_Close,1,Lasso,0.016168364818476163,0.012293845145482072,-0.0004964526247759338,0.0,0.006203174591064453,False,OPTIMIZED
target_16,US_Stock_VTV_adj_close - LME_ZS_Close,1,RandomForest,0.016630638147136965,0.012460934557072449,-0.058525151446354506,0.02859261845148123,0.34799933433532715,False,OPTIMIZED
target_16,US_Stock_VTV_adj_close - LME_ZS_Close,1,ElasticNet,0.016150501499071927,0.012283541912564097,0.001713086189848001,0.08627383098442615,0.0031270980834960938,True,OPTIMIZED
target_16,US_Stock_VTV_adj_close - LME_ZS_Close,1,XGBoost,0.016269450098064905,0.012388430071897855,-0.013045849711277313,0.0028563719775779855,0.37548351287841797,True,OPTIMIZED
target_16,US_Stock_VTV_adj_close - LME_ZS_Close,1,LightGBM,0.016344888868949383,0.012501672115623384,-0.02246228525063909,0.07371741991275522,2.907766103744507,True,OPTIMIZED
target_17,US_Stock_OIH_adj_close - JPX_Gold_Standard_Futures_Close,1,Ridge,0.02548834946800213,0.018257478084278324,-0.13822292471358244,-0.022612915309477226,0.007900238037109375,False,OPTIMIZED
target_17,US_Stock_OIH_adj_close - JPX_Gold_Standard_Futures_Close,1,Lasso,0.02397295252623637,0.016162485430661535,-0.00690141917790732,0.049611810543008894,0.004685401916503906,False,OPTIMIZED
target_17,US_Stock_OIH_adj_close - JPX_Gold_Standard_Futures_Close,1,RandomForest,0.027296594701201382,0.018266590407567115,-0.3054518111007034,-0.07852474695903999,0.3131587505340576,False,OPTIMIZED
target_17,US_Stock_OIH_adj_close - JPX_Gold_Standard_Futures_Close,1,ElasticNet,0.024807742610522633,0.017395836131054693,-0.07824734351600249,0.0009157582291791454,0.0675048828125,True,OPTIMIZED
target_17,US_Stock_OIH_adj_close - JPX_Gold_Standard_Futures_Close,1,XGBoost,0.023898211835309106,0.01622617799106805,-0.0006327550460876186,0.0,0.28221917152404785,True,OPTIMIZED
target_17,US_Stock_OIH_adj_close - JPX_Gold_Standard_Futures_Close,1,LightGBM,0.024724266351364998,0.017537542193665125,-0.07100310361897222,0.09489316470908134,2.2163991928100586,True,OPTIMIZED
target_18,LME_AH_Close - FX_ZARUSD,1,Ridge,0.012491549434937516,0.009764717528277237,-0.07065824374524832,-0.08063816631687115,0.007816553115844727,False,OPTIMIZED
target_18,LME_AH_Close - FX_ZARUSD,1,Lasso,0.01207307725158312,0.009388934034807119,-0.000124813295543591,0.0,0.006278276443481445,False,OPTIMIZED
target_18,LME_AH_Close - FX_ZARUSD,1,RandomForest,0.01232787068246227,0.00962816126201896,-0.042784058628836164,-0.051506401444134944,0.39687275886535645,False,OPTIMIZED
target_18,LME_AH_Close - FX_ZARUSD,1,ElasticNet,0.012090202719004153,0.009392909808241465,-0.0029641478192967696,0.013828512707715694,0.003885984420776367,True,OPTIMIZED
target_18,LME_AH_Close - FX_ZARUSD,1,XGBoost,0.01207279964983493,0.00938847757002718,-7.882117623814189e-05,0.0,0.28816723823547363,True,OPTIMIZED
target_18,LME_AH_Close - FX_ZARUSD,1,LightGBM,0.01224245752836348,0.009525344176299258,-0.028384341504215538,-0.003296081253740033,0.8889181613922119,True,OPTIMIZED
target_19,JPX_Gold_Standard_Futures_Close - FX_USDJPY,1,Ridge,0.013162518159850714,0.009907529575746627,-0.07004821087857405,0.03201716556355525,0.007376432418823242,False,OPTIMIZED
target_19,JPX_Gold_Standard_Futures_Close - FX_USDJPY,1,Lasso,0.012751536970737394,0.009398707267185913,-0.004269902398700065,0.0,0.0059316158294677734,False,OPTIMIZED
target_19,JPX_Gold_Standard_Futures_Close - FX_USDJPY,1,RandomForest,0.021858028937925916,0.015963349147113955,-1.9508516170105428,-0.04521727814447279,0.3657534122467041,False,OPTIMIZED
target_19,JPX_Gold_Standard_Futures_Close - FX_USDJPY,1,ElasticNet,0.012770074014808933,0.009421220289786418,-0.007191860240060688,0.041312959818902095,0.003805875778198242,True,OPTIMIZED
target_20,LME_ZS_Close - FX_AUDCHF,1,Ridge,0.014743914873541849,0.011585040287297448,-0.007001544357694067,0.06763174558940437,0.007318973541259766,False,OPTIMIZED
target_20,LME_ZS_Close - FX_AUDCHF,1,Lasso,0.014709461250056281,0.011563795736659844,-0.0023007149185756415,0.0,0.006050586700439453,False,OPTIMIZED
target_20,LME_ZS_Close - FX_AUDCHF,1,RandomForest,0.0149975152062521,0.011680325939539006,-0.04194100313000915,0.01465458576292947,0.34169483184814453,False,OPTIMIZED
target_20,LME_ZS_Close - FX_AUDCHF,1,ElasticNet,0.014684618896360245,0.01155089714071515,0.0010819355323216095,0.08833408185836579,0.004438877105712891,True,OPTIMIZED
target_20,LME_ZS_Close - FX_AUDCHF,1,XGBoost,0.014709466005233601,0.011563797372548309,-0.0023013629529688995,0.0,0.21146917343139648,True,OPTIMIZED
target_20,LME_ZS_Close - FX_AUDCHF,1,LightGBM,0.014787920801363368,0.011604487324640369,-0.013021678000397996,0.03453507886882731,1.0492050647735596,True,OPTIMIZED
target_21,LME_AH_Close - US_Stock_SLV_adj_close,1,Ridge,0.018877036464009792,0.014748298868625291,-0.09168871123832467,0.017367983063822822,0.007997989654541016,False,OPTIMIZED
target_21,LME_AH_Close - US_Stock_SLV_adj_close,1,Lasso,0.018080536233901098,0.014119102920472802,-0.0015065715178779193,0.0,0.006036996841430664,False,OPTIMIZED
target_21,LME_AH_Close - US_Stock_SLV_adj_close,1,RandomForest,0.04256081418300606,0.036974443092572536,-4.549464080368507,0.06389379979764079,0.35027456283569336,False,OPTIMIZED
target_21,LME_AH_Close - US_Stock_SLV_adj_close,1,ElasticNet,0.018080536233901098,0.014119102920472802,-0.0015065715178779193,0.0,0.003484487533569336,True,OPTIMIZED
target_21,LME_AH_Close - US_Stock_SLV_adj_close,1,XGBoost,0.018080610938252955,0.01411911403875068,-0.0015148474951942603,0.0,0.17849159240722656,True,OPTIMIZED
target_21,LME_AH_Close - US_Stock_SLV_adj_close,1,LightGBM,0.01808359137338625,0.014121856627877077,-0.0018450571402128801,-0.0036993794542221612,0.22366619110107422,True,OPTIMIZED
target_22,US_Stock_BKR_adj_close - JPX_Platinum_Standard_Futures_Close,1,Ridge,0.026638799099484852,0.01942394991766615,-0.042764785102733294,0.04480636162942596,0.007002115249633789,False,OPTIMIZED
target_22,US_Stock_BKR_adj_close - JPX_Platinum_Standard_Futures_Close,1,Lasso,0.026086933786820372,0.01908228104651177,-7.236920011477466e-06,0.0,0.005408525466918945,False,OPTIMIZED
target_22,US_Stock_BKR_adj_close - JPX_Platinum_Standard_Futures_Close,1,RandomForest,0.027070744764283654,0.019866732493242542,-0.07685562137109692,-0.02613105458611189,0.3340134620666504,False,OPTIMIZED
target_22,US_Stock_BKR_adj_close - JPX_Platinum_Standard_Futures_Close,1,ElasticNet,0.026372489873550568,0.01928422347749188,-0.02201987067529898,0.04175674981888295,0.19182205200195312,True,OPTIMIZED
target_22,US_Stock_BKR_adj_close - JPX_Platinum_Standard_Futures_Close,1,XGBoost,0.026086995354545412,0.019082407808686953,-1.1957156108133304e-05,0.0,0.2103583812713623,True,OPTIMIZED
target_22,US_Stock_BKR_adj_close - JPX_Platinum_Standard_Futures_Close,1,LightGBM,0.02645262349061063,0.019481886893046682,-0.02824018391480898,-0.07694498795405237,0.978508472442627,True,OPTIMIZED
target_23,FX_GBPJPY - LME_CA_Close,1,Ridge,0.012985943034178517,0.009619980047521296,-0.04499410634380063,-0.041434779417344796,0.007593631744384766,False,OPTIMIZED
target_23,FX_GBPJPY - LME_CA_Close,1,Lasso,0.012705456462056643,0.009426354784134847,-0.00033945616053809857,0.0,0.006198406219482422,False,OPTIMIZED
target_23,FX_GBPJPY - LME_CA_Close,1,RandomForest,0.012638401557355556,0.009436855196494632,0.010191556401293211,0.15838607220923534,0.3637549877166748,False,OPTIMIZED
target_23,FX_GBPJPY - LME_CA_Close,1,ElasticNet,0.012709077854420141,0.009434900755557347,-0.0009097840271417024,0.09896429846616644,0.005459785461425781,True,OPTIMIZED
target_23,FX_GBPJPY - LME_CA_Close,1,XGBoost,0.012704791774392118,0.009425446365660643,-0.00023479311182073026,0.0,0.3243701457977295,True,OPTIMIZED
target_23,FX_GBPJPY - LME_CA_Close,1,LightGBM,0.013166215955623152,0.009862051520344388,-0.07420903963071313,0.08956348757095955,1.3962275981903076,True,OPTIMIZED
target_24,US_Stock_URA_adj_close - JPX_Platinum_Standard_Futures_Close,1,Ridge,0.027941678012908942,0.020881669428869303,0.003741741203150961,0.15386449592415333,0.007529020309448242,False,OPTIMIZED
target_24,US_Stock_URA_adj_close - JPX_Platinum_Standard_Futures_Close,1,Lasso,0.028017898286772657,0.02131678365388888,-0.001700927376166117,0.0,0.005978107452392578,False,OPTIMIZED
target_24,US_Stock_URA_adj_close - JPX_Platinum_Standard_Futures_Close,1,RandomForest,0.03017107480678616,0.02259718857694205,-0.1615784077825726,-0.0028739140107586383,0.3712747097015381,False,OPTIMIZED
target_24,US_Stock_URA_adj_close - JPX_Platinum_Standard_Futures_Close,1,ElasticNet,0.028017898286772657,0.02131678365388888,-0.001700927376166117,0.0,0.0040416717529296875,True,OPTIMIZED
target_24,US_Stock_URA_adj_close - JPX_Platinum_Standard_Futures_Close,1,XGBoost,0.02801909245405764,0.02131805186267026,-0.001786317361989198,0.0,0.2222275733947754,True,OPTIMIZED
target_24,US_Stock_URA_adj_close - JPX_Platinum_Standard_Futures_Close,1,LightGBM,0.02796571950027564,0.02123893855846081,0.0020266090997367314,0.08855511082306379,0.2752261161804199,True,OPTIMIZED
target_25,LME_AH_Close - US_Stock_VEA_adj_close,1,Ridge,0.014463909353938804,0.010925281337034137,-0.09096532723289452,-0.007849712431185917,0.00739598274230957,False,OPTIMIZED
target_25,LME_AH_Close - US_Stock_VEA_adj_close,1,Lasso,0.013849412865617068,0.010352856670773217,-0.00023555884876769184,0.0,0.004464626312255859,False,OPTIMIZED
target_25,LME_AH_Close - US_Stock_VEA_adj_close,1,RandomForest,0.015651240731642698,0.011846832223380082,-0.2774299910015603,-0.0008646257404688738,0.33754444122314453,False,OPTIMIZED
target_25,LME_AH_Close - US_Stock_VEA_adj_close,1,ElasticNet,0.013846547980981361,0.01037939843378569,0.00017821509647097944,0.03647637126615017,0.0049533843994140625,True,OPTIMIZED
target_25,LME_AH_Close - US_Stock_VEA_adj_close,1,XGBoost,0.013849900088343454,0.010354787389564553,-0.0003059367157596249,0.0,0.28009653091430664,True,OPTIMIZED
target_25,LME_AH_Close - US_Stock_VEA_adj_close,1,LightGBM,0.013884161515625914,0.010384380816462932,-0.005261105959271539,-0.025919796510933117,0.6363997459411621,True,OPTIMIZED
target_26,FX_ZARJPY - LME_CA_Close,1,Ridge,0.01328663041459312,0.009884130407738789,-0.03327460589767561,0.005921351375896829,0.008469343185424805,False,OPTIMIZED
target_26,FX_ZARJPY - LME_CA_Close,1,Lasso,0.013071392872974754,0.009792888874208604,-6.857962810347118e-05,0.0,0.004912376403808594,False,OPTIMIZED
target_26,FX_ZARJPY - LME_CA_Close,1,RandomForest,0.013016196488330902,0.009758961607757508,0.008359538789051935,0.07714228486333094,0.3345813751220703,False,OPTIMIZED
target_26,FX_ZARJPY - LME_CA_Close,1,ElasticNet,0.013071392872974754,0.009792888874208604,-6.857962810347118e-05,0.0,0.0030601024627685547,True,OPTIMIZED
target_26,FX_ZARJPY - LME_CA_Close,1,XGBoost,0.0130713774650273,0.009792754809185298,-6.622196122063606e-05,0.0,0.23345708847045898,True,OPTIMIZED
target_26,FX_ZARJPY - LME_CA_Close,1,LightGBM,0.01310767693085404,0.009841025737221716,-0.005628340451000247,-0.022365927969913022,0.5739448070526123,True,OPTIMIZED
target_27,US_Stock_OKE_adj_close - LME_ZS_Close,1,Ridge,0.023186717745373144,0.017627190399571818,-0.1370351131846348,0.005786720339418836,0.00728154182434082,False,OPTIMIZED
target_27,US_Stock_OKE_adj_close - LME_ZS_Close,1,Lasso,0.02174825412641213,0.01588407674614308,-0.0003319126965299901,0.0,0.00456547737121582,False,OPTIMIZED
target_27,US_Stock_OKE_adj_close - LME_ZS_Close,1,RandomForest,0.022216892620723662,0.016185777545378144,-0.04390735579210503,-0.02052200565939482,0.3706059455871582,False,OPTIMIZED
target_27,US_Stock_OKE_adj_close - LME_ZS_Close,1,ElasticNet,0.02172098030306908,0.01588682331852493,0.0021754856813658296,0.062042002936164145,0.0037271976470947266,True,OPTIMIZED
target_27,US_Stock_OKE_adj_close - LME_ZS_Close,1,XGBoost,0.021746844600169127,0.015887593421265604,-0.00020225186188138622,0.0,0.28983235359191895,True,OPTIMIZED
target_27,US_Stock_OKE_adj_close - LME_ZS_Close,1,LightGBM,0.02194414735092374,0.01601860824244035,-0.018433666607459598,-0.021433129115174553,0.6534748077392578,True,OPTIMIZED
target_28,US_Stock_CVX_adj_close - LME_ZS_Close,1,Ridge,0.019899433567357905,0.014562289005861753,-0.04046527380630094,0.09472511666073977,0.007107973098754883,False,OPTIMIZED
target_28,US_Stock_CVX_adj_close - LME_ZS_Close,1,Lasso,0.01952370756691065,0.01436739354058302,-0.001545649866887766,0.0,0.00421595573425293,False,OPTIMIZED
target_28,US_Stock_CVX_adj_close - LME_ZS_Close,1,RandomForest,0.01932478647975271,0.014331493994074657,0.018759265010723003,0.09758943386496688,0.3602449893951416,False,OPTIMIZED
target_28,US_Stock_CVX_adj_close - LME_ZS_Close,1,ElasticNet,0.019489659696494015,0.014364625937647073,0.0019445439953118537,0.07767247791539587,0.0052700042724609375,True,OPTIMIZED
target_28,US_Stock_CVX_adj_close - LME_ZS_Close,1,XGBoost,0.019523096889715853,0.014367393540583022,-0.0014829966520248927,0.0,0.19646739959716797,True,OPTIMIZED
target_28,US_Stock_CVX_adj_close - LME_ZS_Close,1,LightGBM,0.019773000479806423,0.014699401578868503,-0.02728587039828123,0.0307439706876085,0.9670283794403076,True,OPTIMIZED
target_29,FX_CADUSD - LME_AH_Close,1,Ridge,0.012309140805850625,0.009534495067224846,-0.036068645692358015,-0.01550753107415623,0.007834911346435547,False,OPTIMIZED
target_29,FX_CADUSD - LME_AH_Close,1,Lasso,0.012094850929951108,0.009321918071990672,-0.00030880509679609425,0.0,0.006075859069824219,False,OPTIMIZED
target_29,FX_CADUSD - LME_AH_Close,1,RandomForest,0.012355161533579703,0.00940452733961564,-0.04383031917527269,0.02236518151835711,0.3455812931060791,False,OPTIMIZED
target_29,FX_CADUSD - LME_AH_Close,1,ElasticNet,0.01209075641914342,0.00930665258651936,0.0003683561115381817,0.11008568019775988,0.0037717819213867188,True,OPTIMIZED
target_29,FX_CADUSD - LME_AH_Close,1,XGBoost,0.012095261395121909,0.009320727859723134,-0.0003767015750713032,0.0,0.17092347145080566,True,OPTIMIZED
target_29,FX_CADUSD - LME_AH_Close,1,LightGBM,0.012142571832566179,0.00930631605184686,-0.008217924630517182,0.004551115419519183,0.535607099533081,True,OPTIMIZED
target_30,LME_ZS_Close - US_Stock_CCJ_adj_close,1,Ridge,0.031173322530517186,0.02319270012528449,-0.04075766849961471,0.06331757577425577,0.007524013519287109,False,OPTIMIZED
target_30,LME_ZS_Close - US_Stock_CCJ_adj_close,1,Lasso,0.03055864251159785,0.02226947028299771,-0.00011870420296933304,0.0,0.005860805511474609,False,OPTIMIZED
target_30,LME_ZS_Close - US_Stock_CCJ_adj_close,1,RandomForest,0.03069536086602521,0.02244629804777263,-0.009087718871562123,0.11137187815280945,0.34189677238464355,False,OPTIMIZED
target_30,LME_ZS_Close - US_Stock_CCJ_adj_close,1,ElasticNet,0.030750592231772837,0.022506251731816515,-0.012722368072457968,-0.02297696914565156,0.19741225242614746,True,OPTIMIZED
target_30,LME_ZS_Close - US_Stock_CCJ_adj_close,1,XGBoost,0.03065647869751479,0.02230939384545417,-0.0065328918502740585,-0.058108341185507804,0.18489694595336914,True,OPTIMIZED
target_30,LME_ZS_Close - US_Stock_CCJ_adj_close,1,LightGBM,0.03256970715246882,0.024343275616215083,-0.13608582456638274,-0.03235849883357367,1.1512486934661865,True,OPTIMIZED
target_31,LME_ZS_Close - US_Stock_GLD_adj_close,1,Ridge,0.016507294712732153,0.013084972640688957,-0.029136810584533768,0.09606500409570996,0.007940292358398438,False,OPTIMIZED
target_31,LME_ZS_Close - US_Stock_GLD_adj_close,1,Lasso,0.016273140477995204,0.012892297159103899,-0.00014749020866600127,0.0,0.006703853607177734,False,OPTIMIZED
target_31,LME_ZS_Close - US_Stock_GLD_adj_close,1,RandomForest,0.0221895286530631,0.018023812153391716,-0.859591090058776,0.031457804771882356,0.34909987449645996,False,OPTIMIZED
target_31,LME_ZS_Close - US_Stock_GLD_adj_close,1,ElasticNet,0.016686428404849334,0.01324638928648186,-0.05159395576983217,0.07787092610846715,0.262925386428833,True,OPTIMIZED
target_31,LME_ZS_Close - US_Stock_GLD_adj_close,1,XGBoost,0.01627344231810876,0.0128922967861722,-0.00018459274977167262,0.0,0.13706207275390625,True,OPTIMIZED
target_31,LME_ZS_Close - US_Stock_GLD_adj_close,1,LightGBM,0.01627856853364396,0.012941122604184728,-0.0008148182715703722,0.06396217026999818,0.950533390045166,True,OPTIMIZED
target_32,LME_ZS_Close - US_Stock_FCX_adj_close,1,Ridge,0.024164029263073657,0.016859625664832685,-0.016147144538046554,0.07770984991087937,0.007950544357299805,False,OPTIMIZED
target_32,LME_ZS_Close - US_Stock_FCX_adj_close,1,Lasso,0.02399504951361101,0.016674540715072732,-0.00198494438995489,0.0,0.00625920295715332,False,OPTIMIZED
target_32,LME_ZS_Close - US_Stock_FCX_adj_close,1,RandomForest,0.02449945585800631,0.016851346326635947,-0.04455370144388526,0.06492428187465463,0.3508327007293701,False,OPTIMIZED
target_32,LME_ZS_Close - US_Stock_FCX_adj_close,1,ElasticNet,0.02415625161471605,0.01677646784862094,-0.015493117580773763,0.053976315135730604,0.22940778732299805,True,OPTIMIZED
target_32,LME_ZS_Close - US_Stock_FCX_adj_close,1,XGBoost,0.02399533155516292,0.01667473253606985,-0.002008499502806016,0.0,0.3058922290802002,True,OPTIMIZED
target_32,LME_ZS_Close - US_Stock_FCX_adj_close,1,LightGBM,0.024572844710092207,0.01785741988163677,-0.050821058081935266,0.08809144260972411,2.8793466091156006,True,OPTIMIZED
target_33,JPX_Gold_Standard_Futures_Close - US_Stock_EWY_adj_close,1,Ridge,0.019692183282576048,0.014727908033390313,-0.1685292989836582,0.012344481777057749,0.007946252822875977,False,OPTIMIZED
target_33,JPX_Gold_Standard_Futures_Close - US_Stock_EWY_adj_close,1,Lasso,0.018220048538392805,0.013409255432848079,-0.00034758214574837076,0.0,0.004670619964599609,False,OPTIMIZED
target_33,JPX_Gold_Standard_Futures_Close - US_Stock_EWY_adj_close,1,RandomForest,0.020584940527724298,0.015173146247263384,-0.27688298776305564,-0.010252461005166353,0.33863377571105957,False,OPTIMIZED
target_33,JPX_Gold_Standard_Futures_Close - US_Stock_EWY_adj_close,1,ElasticNet,0.01878624060811155,0.013768023851062723,-0.06348563547459207,-0.036562636075474,0.07843995094299316,True,OPTIMIZED
target_33,JPX_Gold_Standard_Futures_Close - US_Stock_EWY_adj_close,1,XGBoost,0.01822042052614939,0.013409746625076756,-0.0003884295508191915,0.0,0.29403018951416016,True,OPTIMIZED
target_33,JPX_Gold_Standard_Futures_Close - US_Stock_EWY_adj_close,1,LightGBM,0.018220048538400545,0.013409255432858591,-0.0003475821465979134,0.0,0.1801300048828125,True,OPTIMIZED
target_34,FX_AUDCAD - JPX_Platinum_Standard_Futures_Close,1,Ridge,0.01692642215308082,0.012271912172044343,-0.08899632791616297,0.01611057140868386,0.007729768753051758,False,OPTIMIZED
target_34,FX_AUDCAD - JPX_Platinum_Standard_Futures_Close,1,Lasso,0.016234343597440606,0.011971573916900225,-0.0017642892461606774,0.0,0.0062940120697021484,False,OPTIMIZED
target_34,FX_AUDCAD - JPX_Platinum_Standard_Futures_Close,1,RandomForest,0.017880398954507687,0.012685174196765353,-0.2152076319274394,-0.07501581277672359,0.31694769859313965,False,OPTIMIZED
target_34,FX_AUDCAD - JPX_Platinum_Standard_Futures_Close,1,ElasticNet,0.016319708442421418,0.012067775898225813,-0.012327116768067636,0.06304440590868235,0.005693674087524414,True,OPTIMIZED
target_34,FX_AUDCAD - JPX_Platinum_Standard_Futures_Close,1,XGBoost,0.01623417258020045,0.01197127425894427,-0.0017431836115973098,0.0,0.1660780906677246,True,OPTIMIZED
target_34,FX_AUDCAD - JPX_Platinum_Standard_Futures_Close,1,LightGBM,0.017969949057103314,0.01315143809782368,-0.22741032091796498,-0.09811971709504916,5.024822473526001,True,OPTIMIZED
target_35,US_Stock_VWO_adj_close - JPX_Gold_Standard_Futures_Close,1,Ridge,0.01555876878646709,0.011538437443841207,-0.161521445749085,0.0033200038790423335,0.008620262145996094,False,OPTIMIZED
target_35,US_Stock_VWO_adj_close - JPX_Gold_Standard_Futures_Close,1,Lasso,0.01443731955029734,0.010413915544383463,-0.00011494497737740694,0.0,0.006229877471923828,False,OPTIMIZED
target_35,US_Stock_VWO_adj_close - JPX_Gold_Standard_Futures_Close,1,RandomForest,0.019442395001161714,0.014207514360007448,-0.8137453138078496,-0.030341717008649887,0.34364986419677734,False,OPTIMIZED
target_35,US_Stock_VWO_adj_close - JPX_Gold_Standard_Futures_Close,1,ElasticNet,0.01472647691938914,0.010621077742500446,-0.04057766763551518,-0.052973266933255755,0.08423972129821777,True,OPTIMIZED
target_35,US_Stock_VWO_adj_close - JPX_Gold_Standard_Futures_Close,1,XGBoost,0.015551304881642199,0.011006344007779412,-0.16040729511612217,-0.04047920940741927,0.3500089645385742,True,OPTIMIZED
target_35,US_Stock_VWO_adj_close - JPX_Gold_Standard_Futures_Close,1,LightGBM,0.015691062158041898,0.011278637691972305,-0.1813578310766668,0.019947024451277138,1.147892713546753,True,OPTIMIZED
target_36,LME_PB_Close - FX_NOKUSD,1,Ridge,0.011156160099979938,0.00859921659792315,0.003465052795410095,0.0897244722898521,0.008008241653442383,False,OPTIMIZED
target_36,LME_PB_Close - FX_NOKUSD,1,Lasso,0.01117696451472502,0.008579535935506637,-0.00025516228993671675,0.0,0.006037473678588867,False,OPTIMIZED
target_36,LME_PB_Close - FX_NOKUSD,1,RandomForest,0.011125750930382058,0.008543462170874119,0.008890306519858893,0.1124424765769722,0.3513925075531006,False,OPTIMIZED
target_36,LME_PB_Close - FX_NOKUSD,1,ElasticNet,0.011134759543816087,0.00854878772563599,0.0072846371308114,0.098553252476042,0.0050547122955322266,True,OPTIMIZED
target_36,LME_PB_Close - FX_NOKUSD,1,XGBoost,0.01117642932474438,0.008579947278442432,-0.0001593735409191055,0.0,0.3540627956390381,True,OPTIMIZED
target_36,LME_PB_Close - FX_NOKUSD,1,LightGBM,0.011431940931652647,0.008881544307623827,-0.04641269739549436,0.06726374497233775,1.2453384399414062,True,OPTIMIZED
target_37,LME_CA_Close - US_Stock_VGK_adj_close,1,Ridge,0.012710713241906509,0.009404297547885358,-0.05341126376162331,0.022745494537966978,0.008096456527709961,False,OPTIMIZED
target_37,LME_CA_Close - US_Stock_VGK_adj_close,1,Lasso,0.012388619971124226,0.009135074480087312,-0.0007001792711145427,0.0,0.005429267883300781,False,OPTIMIZED
target_37,LME_CA_Close - US_Stock_VGK_adj_close,1,RandomForest,0.012850059720203673,0.00922091132047233,-0.07663478639727539,0.06138553051937658,0.388810396194458,False,OPTIMIZED
target_37,LME_CA_Close - US_Stock_VGK_adj_close,1,ElasticNet,0.012384507626916985,0.009139384672941847,-3.593408796565001e-05,0.029487375688312976,0.0034198760986328125,True,OPTIMIZED
target_37,LME_CA_Close - US_Stock_VGK_adj_close,1,XGBoost,0.01238963544004628,0.009134233494219112,-0.0008642365400872709,0.0,0.13602852821350098,True,OPTIMIZED
target_37,LME_CA_Close - US_Stock_VGK_adj_close,1,LightGBM,0.01248228412890576,0.009231723824724512,-0.015888967293825162,-0.0184671253185854,0.356447696685791,True,OPTIMIZED
target_38,US_Stock_RIO_adj_close - JPX_Platinum_Standard_Futures_Close,1,Ridge,0.022099888112833217,0.016437860741191905,-0.11124343384245483,0.08404667780940593,0.007876873016357422,False,OPTIMIZED
target_38,US_Stock_RIO_adj_close - JPX_Platinum_Standard_Futures_Close,1,Lasso,0.02104011457531312,0.015987904956273735,-0.007222129121888576,0.0,0.004252433776855469,False,OPTIMIZED
target_38,US_Stock_RIO_adj_close - JPX_Platinum_Standard_Futures_Close,1,RandomForest,0.022118365928429914,0.016600623267014582,-0.11310244192089014,-0.08412539955086776,0.35418176651000977,False,OPTIMIZED
target_38,US_Stock_RIO_adj_close - JPX_Platinum_Standard_Futures_Close,1,ElasticNet,0.02151836756255963,0.016150417022383526,-0.053531926372230254,0.08857488928566674,0.24426007270812988,True,OPTIMIZED
target_38,US_Stock_RIO_adj_close - JPX_Platinum_Standard_Futures_Close,1,XGBoost,0.021032712460204616,0.01598733751689616,-0.0065135528789705965,0.0,0.25281786918640137,True,OPTIMIZED
target_38,US_Stock_RIO_adj_close - JPX_Platinum_Standard_Futures_Close,1,LightGBM,0.02171670448251534,0.016286602423417094,-0.0730424448027267,-0.04101554849468438,1.3410325050354004,True,OPTIMIZED
target_39,FX_EURCAD - LME_AH_Close,1,Ridge,0.012664004159992744,0.009988624746227918,-0.05587268683724589,-0.0042480558047183195,0.008046150207519531,False,OPTIMIZED
target_39,FX_EURCAD - LME_AH_Close,1,Lasso,0.012324470077598421,0.009569425024857747,-1.3760810925633749e-05,0.0,0.005405902862548828,False,OPTIMIZED
target_39,FX_EURCAD - LME_AH_Close,1,RandomForest,0.012535503224632993,0.009821748610419248,-0.034553638874559756,-0.02371377066271213,0.3407919406890869,False,OPTIMIZED
target_39,FX_EURCAD - LME_AH_Close,1,ElasticNet,0.012521950760027415,0.009709504468542992,-0.03231788140725467,-0.027566207142794934,0.22147822380065918,True,OPTIMIZED
target_39,FX_EURCAD - LME_AH_Close,1,XGBoost,0.0123243935768414,0.009567698740320693,-1.3462289081278556e-06,0.0,0.18005156517028809,True,OPTIMIZED
target_39,FX_EURCAD - LME_AH_Close,1,LightGBM,0.012479371080205295,0.009706020863159345,-0.025309224042760814,-0.13382607429929969,0.7453193664550781,True,OPTIMIZED
target_40,LME_CA_Close - US_Stock_HL_adj_close,1,Ridge,0.03322781239744102,0.024547211574135388,0.0034689357215303973,0.06739981444369683,0.007959604263305664,False,OPTIMIZED
target_40,LME_CA_Close - US_Stock_HL_adj_close,1,Lasso,0.033309557285224604,0.024252172819459347,-0.00144029645715249,0.05455398768607234,0.005628108978271484,False,OPTIMIZED
target_40,LME_CA_Close - US_Stock_HL_adj_close,1,RandomForest,0.03438799770062061,0.02539390527299724,-0.0673359061120491,-0.04672962447662911,0.39484119415283203,False,OPTIMIZED
target_40,LME_CA_Close - US_Stock_HL_adj_close,1,ElasticNet,0.03314432624228499,0.02443875360839698,0.008470289936245323,0.06770429481000036,0.2780954837799072,True,OPTIMIZED
target_40,LME_CA_Close - US_Stock_HL_adj_close,1,XGBoost,0.033310791924580606,0.02425560316891847,-0.0015145358417465449,-0.004191589344440364,0.1460103988647461,True,OPTIMIZED
target_40,LME_CA_Close - US_Stock_HL_adj_close,1,LightGBM,0.03575866677281493,0.026494242097187537,-0.15411737162280037,0.017937833568598256,1.6300122737884521,True,OPTIMIZED
target_41,LME_ZS_Close - US_Stock_TECK_adj_close,1,Ridge,0.024957211075494347,0.0179454127762318,-0.003933965318792643,0.18062624165920071,0.007587909698486328,False,OPTIMIZED
target_41,LME_ZS_Close - US_Stock_TECK_adj_close,1,Lasso,0.024940150172074738,0.017969108560389722,-0.0025618435732999156,0.0,0.0044307708740234375,False,OPTIMIZED
target_41,LME_ZS_Close - US_Stock_TECK_adj_close,1,RandomForest,0.025208705509809286,0.018326706996065475,-0.024269246108571174,0.016353724488724304,0.34113574028015137,False,OPTIMIZED
target_41,LME_ZS_Close - US_Stock_TECK_adj_close,1,ElasticNet,0.024948121595229394,0.01789122829470432,-0.0032028278355256123,0.08481777168752666,0.19077205657958984,True,OPTIMIZED
target_41,LME_ZS_Close - US_Stock_TECK_adj_close,1,XGBoost,0.02494202707264904,0.017970377916276432,-0.0027127472119798934,0.0,0.2989821434020996,True,OPTIMIZED
target_41,LME_ZS_Close - US_Stock_TECK_adj_close,1,LightGBM,0.025295279158030492,0.018605669116610088,-0.031316572842206236,0.07820321819233976,1.5671539306640625,True,OPTIMIZED
target_42,US_Stock_ALB_adj_close - LME_AH_Close,1,Ridge,0.038308422841540186,0.027546385013557523,-0.019098012076596893,-0.05597035734435758,0.007665872573852539,False,OPTIMIZED
target_42,US_Stock_ALB_adj_close - LME_AH_Close,1,Lasso,0.037950562709893276,0.02710295935391102,-0.00014702870240368426,0.0,0.005945920944213867,False,OPTIMIZED
target_42,US_Stock_ALB_adj_close - LME_AH_Close,1,RandomForest,0.040726904353603356,0.02934498070238706,-0.15183484061511332,-0.05583332669425145,0.36641955375671387,False,OPTIMIZED
target_42,US_Stock_ALB_adj_close - LME_AH_Close,1,ElasticNet,0.03805693289613405,0.027187390503678202,-0.005761433891297463,-0.05348381597044425,0.11572098731994629,True,OPTIMIZED
target_42,US_Stock_ALB_adj_close - LME_AH_Close,1,XGBoost,0.03795278904604685,0.027103819089964575,-0.00026437762386866126,0.0,0.3872802257537842,True,OPTIMIZED
target_42,US_Stock_ALB_adj_close - LME_AH_Close,1,LightGBM,0.03902826277848834,0.028089852751992404,-0.057756859616586276,0.010477630036075564,3.6978647708892822,True,OPTIMIZED
target_43,FX_ZARGBP - LME_AH_Close,1,Ridge,0.012588709159021171,0.009791658328555362,-0.06188634889047684,-0.0679641653489723,0.008219718933105469,False,OPTIMIZED
target_43,FX_ZARGBP - LME_AH_Close,1,Lasso,0.01221690114868342,0.009482923628813072,-8.694349426829895e-05,0.0,0.006048679351806641,False,OPTIMIZED
target_43,FX_ZARGBP - LME_AH_Close,1,RandomForest,0.012581082126289741,0.009731996567073669,-0.06060002344074822,-0.026849613649115513,0.3626694679260254,False,OPTIMIZED
target_43,FX_ZARGBP - LME_AH_Close,1,ElasticNet,0.012210385214446218,0.009470985023940214,0.0009795729446928636,0.11159550287819277,0.00390625,True,OPTIMIZED
target_43,FX_ZARGBP - LME_AH_Close,1,XGBoost,0.012216663867548085,0.009483244374150263,-4.809576062170251e-05,0.0,0.3258993625640869,True,OPTIMIZED
target_43,FX_ZARGBP - LME_AH_Close,1,LightGBM,0.012385025211995266,0.009508869746789404,-0.027801927331646104,-0.02470108186354445,0.2943854331970215,True,OPTIMIZED
target_44,JPX_Gold_Standard_Futures_Close - FX_NOKGBP,1,Ridge,0.011528363609237513,0.008547100330049745,-0.08088263851593003,-0.09281691376967519,0.007255077362060547,False,OPTIMIZED
target_44,JPX_Gold_Standard_Futures_Close - FX_NOKGBP,1,Lasso,0.011096766093121881,0.008034960986301904,-0.0014656849351761814,0.0,0.006027936935424805,False,OPTIMIZED
target_44,JPX_Gold_Standard_Futures_Close - FX_NOKGBP,1,RandomForest,0.022342298219902416,0.015457892630146889,-3.0597463328636847,0.06252265993602256,0.30904364585876465,False,OPTIMIZED
target_44,JPX_Gold_Standard_Futures_Close - FX_NOKGBP,1,ElasticNet,0.011095479948983586,0.008007527329787895,-0.0012335534174710006,-0.08788393270566446,0.0031092166900634766,True,OPTIMIZED
target_44,JPX_Gold_Standard_Futures_Close - FX_NOKGBP,1,XGBoost,0.01109675486777848,0.00803492741582301,-0.0014636587970315862,0.0,0.2273557186126709,True,OPTIMIZED
target_44,JPX_Gold_Standard_Futures_Close - FX_NOKGBP,1,LightGBM,0.011111468097130577,0.008057953454696691,-0.004121108315456867,-0.008856524872086493,0.4663405418395996,True,OPTIMIZED
target_45,LME_CA_Close - FX_NOKEUR,1,Ridge,0.011862400958632129,0.008896407623125786,-0.011566916865637822,0.03718622597825586,0.007884502410888672,False,OPTIMIZED
target_45,LME_CA_Close - FX_NOKEUR,1,Lasso,0.011796701883213887,0.008850808718382465,-0.00039296108591524437,0.0,0.0059931278228759766,False,OPTIMIZED
target_45,LME_CA_Close - FX_NOKEUR,1,RandomForest,0.01188796969794251,0.008942490351464463,-0.015932367942796954,0.02490510734595417,0.38190674781799316,False,OPTIMIZED
target_45,LME_CA_Close - FX_NOKEUR,1,ElasticNet,0.011796234292124489,0.008853170734919912,-0.0003136566212551539,0.13038020510000586,0.003359079360961914,True,OPTIMIZED
target_45,LME_CA_Close - FX_NOKEUR,1,XGBoost,0.011797586191268947,0.008852611857778046,-0.0005429502473579539,0.0,0.24250245094299316,True,OPTIMIZED
target_45,LME_CA_Close - FX_NOKEUR,1,LightGBM,0.011796701883086338,0.008850808718099587,-0.00039296106428254873,0.0,0.262923002243042,True,OPTIMIZED
target_46,US_Stock_EEM_adj_close - LME_PB_Close,1,Ridge,0.013887895195705722,0.010640504817054022,-0.09604241632404698,0.06213673659913393,0.007344722747802734,False,OPTIMIZED
target_46,US_Stock_EEM_adj_close - LME_PB_Close,1,Lasso,0.013304141263536517,0.009845700171465875,-0.00583836292005846,0.0,0.005855560302734375,False,OPTIMIZED
target_46,US_Stock_EEM_adj_close - LME_PB_Close,1,RandomForest,0.014075453293306693,0.010211402702228907,-0.12584675533389178,-0.1091199981458855,0.3838508129119873,False,OPTIMIZED
target_46,US_Stock_EEM_adj_close - LME_PB_Close,1,ElasticNet,0.013297736046608966,0.009837584661397435,-0.0048700836605470865,0.10161519470233164,0.003451824188232422,True,OPTIMIZED
target_46,US_Stock_EEM_adj_close - LME_PB_Close,1,XGBoost,0.01330638874919778,0.009848221971724924,-0.0061782267559988835,0.0,0.16144847869873047,True,OPTIMIZED
target_46,US_Stock_EEM_adj_close - LME_PB_Close,1,LightGBM,0.014300636191635569,0.01090255317394991,-0.16215810989818968,-0.02613591673287642,1.112450122833252,True,OPTIMIZED
target_47,US_Stock_DE_adj_close - LME_CA_Close,1,Ridge,0.019721330687405364,0.014741942187153148,-0.02017401536979202,0.07484350476891287,0.008282184600830078,False,OPTIMIZED
target_47,US_Stock_DE_adj_close - LME_CA_Close,1,Lasso,0.019525950921280556,0.014524211235021147,-6.036050848079455e-05,0.0,0.0067064762115478516,False,OPTIMIZED
target_47,US_Stock_DE_adj_close - LME_CA_Close,1,RandomForest,0.0196461853038157,0.014484325704508472,-0.01241436515204053,0.12240588739296292,0.35582709312438965,False,OPTIMIZED
target_47,US_Stock_DE_adj_close - LME_CA_Close,1,ElasticNet,0.019483548208686443,0.014452365908343683,0.0042784016238927025,0.09118578589467906,0.07961034774780273,True,OPTIMIZED
target_47,US_Stock_DE_adj_close - LME_CA_Close,1,XGBoost,0.019525902925564137,0.014524320640771117,-5.544412262414866e-05,0.0,0.24711346626281738,True,OPTIMIZED
target_47,US_Stock_DE_adj_close - LME_CA_Close,1,LightGBM,0.01963748847866215,0.014769465295582675,-0.011518227631055034,0.06600980797602399,2.837273597717285,True,OPTIMIZED
target_48,LME_CA_Close - US_Stock_EWZ_adj_close,1,Ridge,0.01679624860015404,0.012830485361710834,-0.032496196911656616,0.07091423054610191,0.008173942565917969,False,OPTIMIZED
target_48,LME_CA_Close - US_Stock_EWZ_adj_close,1,Lasso,0.016537663627446488,0.012506942515773667,-0.000949532699220601,0.0,0.004523754119873047,False,OPTIMIZED
target_48,LME_CA_Close - US_Stock_EWZ_adj_close,1,RandomForest,0.016560784491939963,0.012571445493436561,-0.0037502906187620866,0.0597237803946222,0.3537411689758301,False,OPTIMIZED
target_48,LME_CA_Close - US_Stock_EWZ_adj_close,1,ElasticNet,0.016543092914778797,0.012516919200731884,-0.001606860699090884,0.03480969614974292,0.0034666061401367188,True,OPTIMIZED
target_48,LME_CA_Close - US_Stock_EWZ_adj_close,1,XGBoost,0.016538931088445497,0.012508774318878795,-0.0011029658732206737,0.0,0.17296862602233887,True,OPTIMIZED
target_48,LME_CA_Close - US_Stock_EWZ_adj_close,1,LightGBM,0.018773833922019253,0.014671158249954712,-0.2899409087466085,-0.004331819864084716,1.647057294845581,True,OPTIMIZED
target_49,LME_PB_Close - US_Stock_STLD_adj_close,1,Ridge,0.024255629892461283,0.01778451846779293,-0.06798958243735798,0.03693787195456261,0.008169889450073242,False,OPTIMIZED
target_49,LME_PB_Close - US_Stock_STLD_adj_close,1,Lasso,0.023476852089609947,0.017311096066379292,-0.0005104510259359429,0.0,0.005038022994995117,False,OPTIMIZED
target_49,LME_PB_Close - US_Stock_STLD_adj_close,1,RandomForest,0.034862464488207116,0.02798736301498649,-1.2062670130586954,0.12833354940527106,0.36914873123168945,False,OPTIMIZED
target_49,LME_PB_Close - US_Stock_STLD_adj_close,1,ElasticNet,0.023754295897921787,0.017408883681499728,-0.024297766952718902,0.014675171451271916,0.05393648147583008,True,OPTIMIZED
target_49,LME_PB_Close - US_Stock_STLD_adj_close,1,XGBoost,0.023427449656938312,0.017293378134209746,0.0036958748141511233,0.03516718215680145,0.16476774215698242,True,OPTIMIZED
target_49,LME_PB_Close - US_Stock_STLD_adj_close,1,LightGBM,0.024953131070941444,0.018520564775448826,-0.13029549734303836,-0.008332361613166531,3.5219199657440186,True,OPTIMIZED
target_50,US_Stock_SLB_adj_close - JPX_Gold_Standard_Futures_Close,1,Ridge,0.024619185140290156,0.01780063161389018,-0.11629861943174746,0.020102566442861135,0.0077474117279052734,False,OPTIMIZED
target_50,US_Stock_SLB_adj_close - JPX_Gold_Standard_Futures_Close,1,Lasso,0.023371993368754288,0.016285937796262747,-0.0060615420000655895,0.04811115357775103,0.006821393966674805,False,OPTIMIZED
target_50,US_Stock_SLB_adj_close - JPX_Gold_Standard_Futures_Close,1,RandomForest,0.02697704862581368,0.01869113722992593,-0.34036138787374215,-0.04056375415238172,0.30725598335266113,False,OPTIMIZED
target_50,US_Stock_SLB_adj_close - JPX_Gold_Standard_Futures_Close,1,ElasticNet,0.024120079067943515,0.016919616926702817,-0.07149584988987034,0.03353622245927481,0.2330925464630127,True,OPTIMIZED
target_50,US_Stock_SLB_adj_close - JPX_Gold_Standard_Futures_Close,1,XGBoost,0.023325932426468018,0.016277958029377794,-0.002100007449481245,0.0,0.28253769874572754,True,OPTIMIZED
target_50,US_Stock_SLB_adj_close - JPX_Gold_Standard_Futures_Close,1,LightGBM,0.02420039576217177,0.017116916676127917,-0.07864361146135335,0.05092307897083683,2.246722459793091,True,OPTIMIZED
target_51,JPX_Gold_Standard_Futures_Close - US_Stock_AMP_adj_close,1,Ridge,0.022721689687345458,0.015932951801705276,-0.3118725070792552,0.0638212750260029,0.008186101913452148,False,OPTIMIZED
target_51,JPX_Gold_Standard_Futures_Close - US_Stock_AMP_adj_close,1,Lasso,0.019844893322495425,0.013693790693891025,-0.0007092618365855952,0.0,0.005587577819824219,False,OPTIMIZED
target_51,JPX_Gold_Standard_Futures_Close - US_Stock_AMP_adj_close,1,RandomForest,0.02210688219421239,0.014770215183996413,-0.24183923182209388,-0.036250030899234266,0.3633689880371094,False,OPTIMIZED
target_51,JPX_Gold_Standard_Futures_Close - US_Stock_AMP_adj_close,1,ElasticNet,0.020909320212970376,0.014419399570226149,-0.11093898993904117,0.035514153750786745,0.06115245819091797,True,OPTIMIZED
target_51,JPX_Gold_Standard_Futures_Close - US_Stock_AMP_adj_close,1,XGBoost,0.019845042027590194,0.013693896196815554,-0.0007242592589196128,0.0,0.17090988159179688,True,OPTIMIZED
target_51,JPX_Gold_Standard_Futures_Close - US_Stock_AMP_adj_close,1,LightGBM,0.019839151662412267,0.013632327647625758,-0.00013028152836258577,0.07164324980081879,1.7000696659088135,True,OPTIMIZED
target_52,US_Stock_CAT_adj_close - JPX_Gold_Standard_Futures_Close,1,Ridge,0.02165345171309178,0.016007582558970192,-0.09250979642841628,0.11493146074466204,0.0076999664306640625,False,OPTIMIZED
target_52,US_Stock_CAT_adj_close - JPX_Gold_Standard_Futures_Close,1,Lasso,0.020722415025825554,0.014807028794620068,-0.0005799664131371784,0.0,0.005352973937988281,False,OPTIMIZED
target_52,US_Stock_CAT_adj_close - JPX_Gold_Standard_Futures_Close,1,RandomForest,0.021606821754452596,0.015826877382577802,-0.08780949879810018,-0.04618228076280227,0.3622772693634033,False,OPTIMIZED
target_52,US_Stock_CAT_adj_close - JPX_Gold_Standard_Futures_Close,1,ElasticNet,0.020799564807319097,0.014918449977650013,-0.00804417593871487,0.0013797221160556227,0.0032341480255126953,True,OPTIMIZED
target_52,US_Stock_CAT_adj_close - JPX_Gold_Standard_Futures_Close,1,XGBoost,0.020730062138721164,0.014800076926192895,-0.0013185830044297742,-0.01949707315306501,0.1329786777496338,True,OPTIMIZED
target_52,US_Stock_CAT_adj_close - JPX_Gold_Standard_Futures_Close,1,LightGBM,0.021259421904911056,0.015565719848173244,-0.05311056562060812,0.03682656307341848,3.4630239009857178,True,OPTIMIZED
target_53,US_Stock_EOG_adj_close - LME_AH_Close,1,Ridge,0.019944176579325828,0.014166938440713317,0.014973147684096966,0.1323045412044357,0.007962703704833984,False,OPTIMIZED
target_53,US_Stock_EOG_adj_close - LME_AH_Close,1,Lasso,0.020100282281064703,0.014358253919022866,-0.0005070692921977926,0.0,0.005889892578125,False,OPTIMIZED
target_53,US_Stock_EOG_adj_close - LME_AH_Close,1,RandomForest,0.020019706029726695,0.014415973805676961,0.007498343025129639,0.103199578768361,0.35692477226257324,False,OPTIMIZED
target_53,US_Stock_EOG_adj_close - LME_AH_Close,1,ElasticNet,0.020085281258620694,0.014219561569549732,0.0009857483960590274,0.10800984708625183,0.25336694717407227,True,OPTIMIZED
target_53,US_Stock_EOG_adj_close - LME_AH_Close,1,XGBoost,0.02010124923264051,0.014357303920144473,-0.0006033331300669964,0.0,0.19897127151489258,True,OPTIMIZED
target_53,US_Stock_EOG_adj_close - LME_AH_Close,1,LightGBM,0.022303111737975004,0.01666151228838662,-0.2318186323549205,-0.06354615332802689,0.7452719211578369,True,OPTIMIZED
target_54,US_Stock_TIP_adj_close - JPX_Platinum_Standard_Futures_Close,1,Ridge,0.01746740262281618,0.012757226871509944,-0.10804080216927359,0.003110839831679987,0.007837295532226562,False,OPTIMIZED
target_54,US_Stock_TIP_adj_close - JPX_Platinum_Standard_Futures_Close,1,Lasso,0.016628988654270104,0.012181012591506949,-0.004224390707587844,0.0,0.006232738494873047,False,OPTIMIZED
target_54,US_Stock_TIP_adj_close - JPX_Platinum_Standard_Futures_Close,1,RandomForest,0.017017459516311898,0.012504487715544207,-0.05169193519612447,-0.07651639180609353,0.35130739212036133,False,OPTIMIZED
target_54,US_Stock_TIP_adj_close - JPX_Platinum_Standard_Futures_Close,1,ElasticNet,0.016756559551740748,0.012317646924775513,-0.019691502130318783,0.07877802560548239,0.003248929977416992,True,OPTIMIZED
target_54,US_Stock_TIP_adj_close - JPX_Platinum_Standard_Futures_Close,1,XGBoost,0.016628916985544646,0.012180935621711153,-0.004215734579598562,0.0,0.1975705623626709,True,OPTIMIZED
target_54,US_Stock_TIP_adj_close - JPX_Platinum_Standard_Futures_Close,1,LightGBM,0.01662898865430208,0.01218101259154127,-0.004224390711449422,0.0,0.19455671310424805,True,OPTIMIZED
target_55,LME_ZS_Close - US_Stock_MS_adj_close,1,Ridge,0.02335904363557058,0.016995308000446383,-0.010830574565471318,0.012031609755249644,0.00753331184387207,False,OPTIMIZED
target_55,LME_ZS_Close - US_Stock_MS_adj_close,1,Lasso,0.023244122174869195,0.016562101848377614,-0.0009089038151268714,0.0,0.006017446517944336,False,OPTIMIZED
target_55,LME_ZS_Close - US_Stock_MS_adj_close,1,RandomForest,0.02335501163287303,0.01695468974273742,-0.010481645909288906,-0.022819948823542623,0.37021613121032715,False,OPTIMIZED
target_55,LME_ZS_Close - US_Stock_MS_adj_close,1,ElasticNet,0.023244122174869195,0.016562101848377614,-0.0009089038151268714,0.0,0.0035588741302490234,True,OPTIMIZED
target_55,LME_ZS_Close - US_Stock_MS_adj_close,1,XGBoost,0.023244207964778843,0.016562249654297333,-0.0009162921812901903,0.0,0.24263882637023926,True,OPTIMIZED
target_55,LME_ZS_Close - US_Stock_MS_adj_close,1,LightGBM,0.023241785060105498,0.016578083271559057,-0.0007076381912844987,0.016531774793120308,0.6338512897491455,True,OPTIMIZED
target_56,FX_NZDUSD - LME_ZS_Close,1,Ridge,0.014148750888100433,0.011445236750534346,-0.0010421263855078244,0.08084667511815705,0.008157014846801758,False,OPTIMIZED
target_56,FX_NZDUSD - LME_ZS_Close,1,Lasso,0.014152167100225316,0.011472394439862635,-0.0015255874526045599,0.0,0.005938291549682617,False,OPTIMIZED
target_56,FX_NZDUSD - LME_ZS_Close,1,RandomForest,0.014277013942246156,0.011525138282198552,-0.019273940714607862,0.10710783612402541,0.34752678871154785,False,OPTIMIZED
target_56,FX_NZDUSD - LME_ZS_Close,1,ElasticNet,0.01414239200470767,0.011462085524686071,-0.00014253040345479917,0.10592222223604539,0.0036382675170898438,True,OPTIMIZED
target_56,FX_NZDUSD - LME_ZS_Close,1,XGBoost,0.014151211337011336,0.011472394439862635,-0.0013903164393793688,0.0,0.3037092685699463,True,OPTIMIZED
target_56,FX_NZDUSD - LME_ZS_Close,1,LightGBM,0.014400527438530288,0.011537886140672195,-0.03698613976687315,0.11142829772966757,1.4272844791412354,True,OPTIMIZED
target_57,JPX_Platinum_Standard_Futures_Close - US_Stock_JNK_adj_close,1,Ridge,0.01695264601758574,0.012486852249679464,-0.06072218128716811,0.028123056913537288,0.008176565170288086,False,OPTIMIZED
target_57,JPX_Platinum_Standard_Futures_Close - US_Stock_JNK_adj_close,1,Lasso,0.016491898542002868,0.012153714644887261,-0.003848031976625199,0.0,0.0055119991302490234,False,OPTIMIZED
target_57,JPX_Platinum_Standard_Futures_Close - US_Stock_JNK_adj_close,1,RandomForest,0.016993220030663597,0.012512956888665404,-0.06580566599178939,-0.08240378929194168,0.3275148868560791,False,OPTIMIZED
target_57,JPX_Platinum_Standard_Futures_Close - US_Stock_JNK_adj_close,1,ElasticNet,0.01656316717796092,0.012232350518407658,-0.012542902812711088,0.05129615157167767,0.0035521984100341797,True,OPTIMIZED
target_57,JPX_Platinum_Standard_Futures_Close - US_Stock_JNK_adj_close,1,XGBoost,0.016491056015813816,0.012152587456505246,-0.003745466871629244,0.0,0.13735508918762207,True,OPTIMIZED
target_57,JPX_Platinum_Standard_Futures_Close - US_Stock_JNK_adj_close,1,LightGBM,0.016852484805814257,0.012497880484808372,-0.048225092531871905,-0.14497711837363622,0.3698554039001465,True,OPTIMIZED
target_58,US_Stock_ENB_adj_close - JPX_Gold_Standard_Futures_Close,1,Ridge,0.015795084469196374,0.012352917303056588,-0.2260226302145001,-0.02337008916092892,0.007178068161010742,False,OPTIMIZED
target_58,US_Stock_ENB_adj_close - JPX_Gold_Standard_Futures_Close,1,Lasso,0.014265134373615956,0.0110751835464054,-1.4540723977329861e-05,0.0,0.006116390228271484,False,OPTIMIZED
target_58,US_Stock_ENB_adj_close - JPX_Gold_Standard_Futures_Close,1,RandomForest,0.01680442355481117,0.012751900788250406,-0.38771991159190056,0.051571107219392176,0.3785560131072998,False,OPTIMIZED
target_58,US_Stock_ENB_adj_close - JPX_Gold_Standard_Futures_Close,1,ElasticNet,0.015069897955136564,0.011804771483807222,-0.11602829122874869,0.0018284740722148383,0.17788362503051758,True,OPTIMIZED
target_58,US_Stock_ENB_adj_close - JPX_Gold_Standard_Futures_Close,1,XGBoost,0.014265145576622685,0.011075256018032026,-1.6111431091925255e-05,0.0,0.22819089889526367,True,OPTIMIZED
target_58,US_Stock_ENB_adj_close - JPX_Gold_Standard_Futures_Close,1,LightGBM,0.015829688343376447,0.01266890485724713,-0.23140045588113733,-0.006597794650344266,3.682530403137207,True,OPTIMIZED
target_59,JPX_Gold_Standard_Futures_Close - US_Stock_VXUS_adj_close,1,Ridge,0.015018382359070446,0.011007935852968598,-0.14932378148338143,0.016928597098704517,0.008724212646484375,False,OPTIMIZED
target_59,JPX_Gold_Standard_Futures_Close - US_Stock_VXUS_adj_close,1,Lasso,0.01401105561545459,0.010087451876169782,-0.0003173304404138211,0.0,0.00552058219909668,False,OPTIMIZED
target_59,JPX_Gold_Standard_Futures_Close - US_Stock_VXUS_adj_close,1,RandomForest,0.024237363533538416,0.01687959165202505,-1.9934143256520498,-0.029849991348214408,0.337116003036499,False,OPTIMIZED
target_59,JPX_Gold_Standard_Futures_Close - US_Stock_VXUS_adj_close,1,ElasticNet,0.01429045784694453,0.010299927647571356,-0.040610887691832964,-0.02119326187528879,0.0698251724243164,True,OPTIMIZED
target_59,JPX_Gold_Standard_Futures_Close - US_Stock_VXUS_adj_close,1,XGBoost,0.01401089239318377,0.01008715634311646,-0.00029402411437229325,0.0,0.22820830345153809,True,OPTIMIZED
target_59,JPX_Gold_Standard_Futures_Close - US_Stock_VXUS_adj_close,1,LightGBM,0.014244630608198246,0.010289590426613874,-0.03394744000590588,0.0012371102655812957,1.3109703063964844,True,OPTIMIZED
target_60,LME_AH_Close - FX_NOKCHF,1,Ridge,0.012417237834439248,0.009376849419456714,-0.025384098877609285,0.024944918095603022,0.0076220035552978516,False,OPTIMIZED
target_60,LME_AH_Close - FX_NOKCHF,1,Lasso,0.012263891625907965,0.009279377424534977,-0.00021459518378397213,0.0,0.005797624588012695,False,OPTIMIZED
target_60,LME_AH_Close - FX_NOKCHF,1,RandomForest,0.012328023380988859,0.009399386168453865,-0.010702821592437406,-0.051705952826749835,0.40035462379455566,False,OPTIMIZED
target_60,LME_AH_Close - FX_NOKCHF,1,ElasticNet,0.012419990119120324,0.009358432058448966,-0.025838702671189484,0.0021477899435558214,0.2109355926513672,True,OPTIMIZED
target_60,LME_AH_Close - FX_NOKCHF,1,XGBoost,0.01267902940745458,0.009553151096420708,-0.06907604328346428,-0.09301333784521827,0.189833402633667,True,OPTIMIZED
target_60,LME_AH_Close - FX_NOKCHF,1,LightGBM,0.012449331167597659,0.009367680269037722,-0.03069132107883621,0.0003373961032740609,0.43846607208251953,True,OPTIMIZED
target_61,LME_AH_Close - US_Stock_BNDX_adj_close,1,Ridge,0.012477920661960745,0.0097469942284359,-0.055385262465582175,-0.010127955628722263,0.007647991180419922,False,OPTIMIZED
target_61,LME_AH_Close - US_Stock_BNDX_adj_close,1,Lasso,0.012146221866195156,0.009339512976422527,-2.073513373601621e-05,0.0,0.0043714046478271484,False,OPTIMIZED
target_61,LME_AH_Close - US_Stock_BNDX_adj_close,1,RandomForest,0.012413391252574693,0.009519868286119572,-0.04449766482867945,-0.018015764318870035,0.37227296829223633,False,OPTIMIZED
target_61,LME_AH_Close - US_Stock_BNDX_adj_close,1,ElasticNet,0.012346113943663774,0.009570613032087373,-0.033206541315475624,-0.0257758129314347,0.24585676193237305,True,OPTIMIZED
target_61,LME_AH_Close - US_Stock_BNDX_adj_close,1,XGBoost,0.012146107033296397,0.009341086699341895,-1.8264165624337636e-06,0.0,0.3094327449798584,True,OPTIMIZED
target_61,LME_AH_Close - US_Stock_BNDX_adj_close,1,LightGBM,0.013901001248119813,0.010752014383239666,-0.3098415119535727,-0.07412706333611693,2.8974363803863525,True,OPTIMIZED
target_62,JPX_Gold_Standard_Futures_Close - US_Stock_HES_adj_close,1,Ridge,0.02409307649848505,0.0176606362983405,-0.4625917085772655,0.10472235979774479,0.00758671760559082,False,OPTIMIZED
target_62,JPX_Gold_Standard_Futures_Close - US_Stock_HES_adj_close,1,Lasso,0.01993380656097747,0.013796245892012905,-0.0011959104512901941,0.0,0.006085872650146484,False,OPTIMIZED
target_62,JPX_Gold_Standard_Futures_Close - US_Stock_HES_adj_close,1,RandomForest,0.024131631995124758,0.01594113088214236,-0.4672765457471708,-0.0005121648756253288,0.3450348377227783,False,OPTIMIZED
target_62,JPX_Gold_Standard_Futures_Close - US_Stock_HES_adj_close,1,ElasticNet,0.02325555688395603,0.017045782700428273,-0.36267433184358455,0.07808556301662808,0.2503669261932373,True,OPTIMIZED
target_62,JPX_Gold_Standard_Futures_Close - US_Stock_HES_adj_close,1,XGBoost,0.019935639635188972,0.013793972654076848,-0.0013800549880866875,0.0,0.2358996868133545,True,OPTIMIZED
target_62,JPX_Gold_Standard_Futures_Close - US_Stock_HES_adj_close,1,LightGBM,0.02231500200122447,0.016604144770636906,-0.2546784773273445,0.010598434326564618,1.622556447982788,True,OPTIMIZED
target_63,US_Stock_COP_adj_close - JPX_Gold_Standard_Futures_Close,1,Ridge,0.023034440056466637,0.016298036778804162,-0.11720813417617504,0.03685546574178128,0.007477998733520508,False,OPTIMIZED
target_63,US_Stock_COP_adj_close - JPX_Gold_Standard_Futures_Close,1,Lasso,0.021817688558298184,0.014951328836748018,-0.002296574680769492,0.0,0.006182432174682617,False,OPTIMIZED
target_63,US_Stock_COP_adj_close - JPX_Gold_Standard_Futures_Close,1,RandomForest,0.02595180538181333,0.018019258190731583,-0.41812306771500096,-0.04255727767287884,0.33419156074523926,False,OPTIMIZED
target_63,US_Stock_COP_adj_close - JPX_Gold_Standard_Futures_Close,1,ElasticNet,0.02285479104328739,0.015980022124095588,-0.09984954651499756,0.038218074435779986,0.21410012245178223,True,OPTIMIZED
target_63,US_Stock_COP_adj_close - JPX_Gold_Standard_Futures_Close,1,XGBoost,0.021817481338242652,0.014951164102220261,-0.0022775355451631896,0.0,0.2377321720123291,True,OPTIMIZED
target_63,US_Stock_COP_adj_close - JPX_Gold_Standard_Futures_Close,1,LightGBM,0.02187360565986086,0.015024114580514817,-0.0074407804426650515,0.038111210622491225,1.2192494869232178,True,OPTIMIZED
target_64,FX_CADJPY - LME_AH_Close,1,Ridge,0.01431326978866837,0.010933696405852874,-0.024128751989064723,0.048532289628180035,0.007837772369384766,False,OPTIMIZED
target_64,FX_CADJPY - LME_AH_Close,1,Lasso,0.01415169716073535,0.010911214196807947,-0.001137886691523038,0.0,0.006163358688354492,False,OPTIMIZED
target_64,FX_CADJPY - LME_AH_Close,1,RandomForest,0.014430033462885683,0.011110094496430014,-0.040906021214573984,-0.0159290273860635,0.35253119468688965,False,OPTIMIZED
target_64,FX_CADJPY - LME_AH_Close,1,ElasticNet,0.014148772387401,0.010907570002175897,-0.0007241131656996469,0.054016469209495356,0.0062596797943115234,True,OPTIMIZED
target_64,FX_CADJPY - LME_AH_Close,1,XGBoost,0.014151942161518364,0.010911500840481961,-0.0011725513238360907,0.0,0.30226731300354004,True,OPTIMIZED
target_64,FX_CADJPY - LME_AH_Close,1,LightGBM,0.015099359391461769,0.011523652308656792,-0.13970876634234974,0.010556566720950282,0.45065879821777344,True,OPTIMIZED
target_65,US_Stock_OXY_adj_close - LME_ZS_Close,1,Ridge,0.023228914016834717,0.01676020689863596,-0.03695144948453,0.0670098709869466,0.00787043571472168,False,OPTIMIZED
target_65,US_Stock_OXY_adj_close - LME_ZS_Close,1,Lasso,0.02286056323519769,0.0164879844670448,-0.004325437731092618,0.01621466590087875,0.009472131729125977,False,OPTIMIZED
target_65,US_Stock_OXY_adj_close - LME_ZS_Close,1,RandomForest,0.026399051744714595,0.017273021962953057,-0.3392981369665429,0.0340387974992923,0.35762953758239746,False,OPTIMIZED
target_65,US_Stock_OXY_adj_close - LME_ZS_Close,1,ElasticNet,0.022880323433846085,0.01647481061594396,-0.006062424440178349,0.026672740823038527,0.008122920989990234,True,OPTIMIZED
target_65,US_Stock_OXY_adj_close - LME_ZS_Close,1,XGBoost,0.022976272005743936,0.016617452295082925,-0.014517956357513517,-0.09191659966827813,0.13559246063232422,True,OPTIMIZED
target_65,US_Stock_OXY_adj_close - LME_ZS_Close,1,LightGBM,0.024776831577471056,0.018356887893255354,-0.1797558717714216,-0.023476421240330177,0.7024023532867432,True,OPTIMIZED
target_66,US_Stock_RSP_adj_close - JPX_Platinum_Standard_Futures_Close,1,Ridge,0.019047567109048966,0.014320207510738382,-0.037003077192843126,0.08187099141856959,0.007246971130371094,False,OPTIMIZED
target_66,US_Stock_RSP_adj_close - JPX_Platinum_Standard_Futures_Close,1,Lasso,0.018750455314356713,0.013928199340635336,-0.004904188899555795,0.0,0.006220579147338867,False,OPTIMIZED
target_66,US_Stock_RSP_adj_close - JPX_Platinum_Standard_Futures_Close,1,RandomForest,0.01970161682125289,0.014434115727046172,-0.10944239301780878,-0.001566448565610008,0.317746639251709,False,OPTIMIZED
target_66,US_Stock_RSP_adj_close - JPX_Platinum_Standard_Futures_Close,1,ElasticNet,0.018778582066015105,0.013944520525901545,-0.007921277222034506,0.03238315811090639,0.003155231475830078,True,OPTIMIZED
target_66,US_Stock_RSP_adj_close - JPX_Platinum_Standard_Futures_Close,1,XGBoost,0.018748776757709536,0.013927124917762523,-0.004724277203929983,0.0,0.34612178802490234,True,OPTIMIZED
target_66,US_Stock_RSP_adj_close - JPX_Platinum_Standard_Futures_Close,1,LightGBM,0.018881434007166183,0.014002948015167821,-0.018992459829861863,-0.015541603899327908,0.30603551864624023,True,OPTIMIZED
target_67,JPX_Gold_Standard_Futures_Close - US_Stock_HAL_adj_close,1,Ridge,0.027939110085147493,0.019905706150404625,-0.18016460293261582,0.01417409674407638,0.007865428924560547,False,OPTIMIZED
target_67,JPX_Gold_Standard_Futures_Close - US_Stock_HAL_adj_close,1,Lasso,0.02591746850094659,0.017974799280817386,-0.015553028398774815,0.08049126930251398,0.006511688232421875,False,OPTIMIZED
target_67,JPX_Gold_Standard_Futures_Close - US_Stock_HAL_adj_close,1,RandomForest,0.03080848761485105,0.020610639915952193,-0.4350208314870747,-0.0399655449769254,0.34890031814575195,False,OPTIMIZED
target_67,JPX_Gold_Standard_Futures_Close - US_Stock_HAL_adj_close,1,ElasticNet,0.025761442859217235,0.0178925950230519,-0.003362380696191547,0.0,0.0028421878814697266,True,OPTIMIZED
target_67,JPX_Gold_Standard_Futures_Close - US_Stock_HAL_adj_close,1,XGBoost,0.02576560674441319,0.01789348462894584,-0.0036867587542805946,0.0,0.2479698657989502,True,OPTIMIZED
target_67,JPX_Gold_Standard_Futures_Close - US_Stock_HAL_adj_close,1,LightGBM,0.027100173966144524,0.01945119799088559,-0.11035436544859323,-0.043601957014886776,1.2781140804290771,True,OPTIMIZED
target_68,FX_EURUSD - JPX_Gold_Standard_Futures_Close,1,Ridge,0.011552659319709172,0.00858995490409509,-0.07702227453491939,-0.021223924050249827,0.0076465606689453125,False,OPTIMIZED
target_68,FX_EURUSD - JPX_Gold_Standard_Futures_Close,1,Lasso,0.011137032478125313,0.008085334293276656,-0.0009208237715403467,0.0,0.0058917999267578125,False,OPTIMIZED
target_68,FX_EURUSD - JPX_Gold_Standard_Futures_Close,1,RandomForest,0.02121387064453783,0.01432296409393835,-2.6316215540058536,-0.03515520732139128,0.32526397705078125,False,OPTIMIZED
target_68,FX_EURUSD - JPX_Gold_Standard_Futures_Close,1,ElasticNet,0.011137032478125313,0.008085334293276656,-0.0009208237715403467,0.0,0.002823352813720703,True,OPTIMIZED
target_68,FX_EURUSD - JPX_Gold_Standard_Futures_Close,1,XGBoost,0.01113686892818807,0.008084903888937577,-0.0008914264727091226,0.0,0.1928563117980957,True,OPTIMIZED
target_68,FX_EURUSD - JPX_Gold_Standard_Futures_Close,1,LightGBM,0.011137032477908272,0.008085334292710071,-0.0009208237325277757,0.0,0.22113800048828125,True,OPTIMIZED
target_69,LME_CA_Close - FX_NZDCHF,1,Ridge,0.011926769031914496,0.008837345988819087,-0.02006280902764268,0.011051712919707938,0.0071942806243896484,False,OPTIMIZED
target_69,LME_CA_Close - FX_NZDCHF,1,Lasso,0.011813818426926866,0.008788217792608018,-0.000833604512135766,0.0,0.005141258239746094,False,OPTIMIZED
target_69,LME_CA_Close - FX_NZDCHF,1,RandomForest,0.012143711983838143,0.009025974250653074,-0.057509341641569955,0.07145905153377133,0.34393978118896484,False,OPTIMIZED
target_69,LME_CA_Close - FX_NZDCHF,1,ElasticNet,0.01183581695746947,0.008821243263053483,-0.0045643825965795415,0.021012362481851895,0.2508699893951416,True,OPTIMIZED
target_69,LME_CA_Close - FX_NZDCHF,1,XGBoost,0.011813522602843405,0.008787989023105779,-0.0007834823642967059,0.0,0.3491692543029785,True,OPTIMIZED
target_69,LME_CA_Close - FX_NZDCHF,1,LightGBM,0.011813818427034491,0.008788217792689979,-0.0008336045303711792,0.0,0.24818134307861328,True,OPTIMIZED
target_70,FX_USDCHF - JPX_Gold_Standard_Futures_Close,1,Ridge,0.01230039791702643,0.00880232797128401,-0.033778840618891914,0.08022873295019504,0.006577491760253906,False,OPTIMIZED
target_70,FX_USDCHF - JPX_Gold_Standard_Futures_Close,1,Lasso,0.012117512757180392,0.008596309595408344,-0.0032664466287826155,0.0,0.004339456558227539,False,OPTIMIZED
target_70,FX_USDCHF - JPX_Gold_Standard_Futures_Close,1,RandomForest,0.018014272274724488,0.01337640736156168,-1.2172913449659708,0.04759751716707674,0.35244035720825195,False,OPTIMIZED
target_70,FX_USDCHF - JPX_Gold_Standard_Futures_Close,1,ElasticNet,0.012105962460410473,0.008562590197565646,-0.001354750287659856,-0.012819698028926034,0.003804445266723633,True,OPTIMIZED
target_71,FX_EURNZD - JPX_Gold_Standard_Futures_Close,1,Ridge,0.012322257505376417,0.009399728981379567,-0.07126437481103531,0.03359057467716211,0.007400989532470703,False,OPTIMIZED
target_71,FX_EURNZD - JPX_Gold_Standard_Futures_Close,1,Lasso,0.011912749714366906,0.008827589721049436,-0.0012444847958743566,0.0,0.006129741668701172,False,OPTIMIZED
target_71,FX_EURNZD - JPX_Gold_Standard_Futures_Close,1,RandomForest,0.0222919765694784,0.016805077321107136,-2.5060108670426158,0.02619382681302186,0.3588297367095947,False,OPTIMIZED
target_71,FX_EURNZD - JPX_Gold_Standard_Futures_Close,1,ElasticNet,0.011912749714366906,0.008827589721049436,-0.0012444847958743566,0.0,0.003130674362182617,True,OPTIMIZED
target_71,FX_EURNZD - JPX_Gold_Standard_Futures_Close,1,XGBoost,0.011912462856742958,0.008826794541330164,-0.0011962656755639678,0.0,0.3099956512451172,True,OPTIMIZED
target_71,FX_EURNZD - JPX_Gold_Standard_Futures_Close,1,LightGBM,0.011912749714313274,0.008827589720902215,-0.0012444847868589015,0.0,0.289597749710083,True,OPTIMIZED
target_72,LME_AH_Close - US_Stock_TD_adj_close,1,Ridge,0.016756452610721992,0.012494272181569644,-0.06178301384206675,0.04176784023906489,0.007653474807739258,False,OPTIMIZED
target_72,LME_AH_Close - US_Stock_TD_adj_close,1,Lasso,0.016269961267595022,0.012122478592169073,-0.0010243599178576535,0.0,0.00586247444152832,False,OPTIMIZED
target_72,LME_AH_Close - US_Stock_TD_adj_close,1,RandomForest,0.017679402537617447,0.012957410356355724,-0.18197087873803164,0.006260098948876414,0.3503305912017822,False,OPTIMIZED
target_72,LME_AH_Close - US_Stock_TD_adj_close,1,ElasticNet,0.01635676605194927,0.012189652177280736,-0.011734342977287815,-0.014514964369858184,0.006007671356201172,True,OPTIMIZED
target_72,LME_AH_Close - US_Stock_TD_adj_close,1,XGBoost,0.016271115218110338,0.012122483766164503,-0.001166360691060131,0.0,0.1519777774810791,True,OPTIMIZED
target_72,LME_AH_Close - US_Stock_TD_adj_close,1,LightGBM,0.016326467702344475,0.01217792032253723,-0.007989655308017207,0.018503628197894854,0.7506735324859619,True,OPTIMIZED
target_73,LME_CA_Close - US_Stock_RY_adj_close,1,Ridge,0.016048852440239243,0.01198782694905907,-0.12311621812308049,0.051923462732660595,0.007943868637084961,False,OPTIMIZED
target_73,LME_CA_Close - US_Stock_RY_adj_close,1,Lasso,0.015157671944169329,0.010917538600271542,-0.001847773943517872,0.0,0.006212711334228516,False,OPTIMIZED
target_73,LME_CA_Close - US_Stock_RY_adj_close,1,RandomForest,0.016688852631353984,0.012599277140833781,-0.21447810622833163,-0.02277504448788416,0.39362239837646484,False,OPTIMIZED
target_73,LME_CA_Close - US_Stock_RY_adj_close,1,ElasticNet,0.015126723137004338,0.010894869781711104,0.002239178167600997,0.09920627965406278,0.0037267208099365234,True,OPTIMIZED
target_73,LME_CA_Close - US_Stock_RY_adj_close,1,XGBoost,0.015157406396842469,0.010917251300087945,-0.001812671499169971,0.0,0.30672645568847656,True,OPTIMIZED
target_73,LME_CA_Close - US_Stock_RY_adj_close,1,LightGBM,0.015150149083240855,0.010918997879858451,-0.0008535722972047299,0.020871796538694712,0.4407787322998047,True,OPTIMIZED
target_74,FX_ZAREUR - LME_CA_Close,1,Ridge,0.012507106817122873,0.009062767572417522,-0.012828012931178634,0.021214899670690453,0.008186578750610352,False,OPTIMIZED
target_74,FX_ZAREUR - LME_CA_Close,1,Lasso,0.012428629081331952,0.009079000502585905,-0.0001576037386714635,0.0,0.0052585601806640625,False,OPTIMIZED
target_74,FX_ZAREUR - LME_CA_Close,1,RandomForest,0.012438097288722751,0.009120623274718357,-0.0016820368184418122,0.08270459304083214,0.37058329582214355,False,OPTIMIZED
target_74,FX_ZAREUR - LME_CA_Close,1,ElasticNet,0.012451725678609823,0.00907963477183935,-0.0038783200404350904,-0.0034259638244694287,0.1619431972503662,True,OPTIMIZED
target_74,FX_ZAREUR - LME_CA_Close,1,XGBoost,0.012428733738102032,0.009079167801185282,-0.00017444770503316498,0.0,0.19616317749023438,True,OPTIMIZED
target_74,FX_ZAREUR - LME_CA_Close,1,LightGBM,0.0130407574805854,0.009536458783075612,-0.10110218257733172,0.011745664049524571,2.0697786808013916,True,OPTIMIZED
target_75,LME_ZS_Close - US_Stock_XLB_adj_close,1,Ridge,0.016078164571283634,0.012102671463499875,0.010419938581295196,0.07063611337041079,0.008348226547241211,False,OPTIMIZED
target_75,LME_ZS_Close - US_Stock_XLB_adj_close,1,Lasso,0.01617358350645524,0.012226379443163866,-0.0013606183267214078,0.0,0.00639033317565918,False,OPTIMIZED
target_75,LME_ZS_Close - US_Stock_XLB_adj_close,1,RandomForest,0.01638621007986721,0.012300672409408653,-0.02786252866705685,0.05123396390125971,0.36541032791137695,False,OPTIMIZED
target_75,LME_ZS_Close - US_Stock_XLB_adj_close,1,ElasticNet,0.016165528160240257,0.012222495046652957,-0.0003633999022076839,0.03315489895438082,0.0032982826232910156,True,OPTIMIZED
target_75,LME_ZS_Close - US_Stock_XLB_adj_close,1,XGBoost,0.016177727012119166,0.01223249070404166,-0.0018737606214929148,0.0,0.2645552158355713,True,OPTIMIZED
target_75,LME_ZS_Close - US_Stock_XLB_adj_close,1,LightGBM,0.0161278816376635,0.01220803185512714,0.004290497097075074,0.05273525917057347,0.2557222843170166,True,OPTIMIZED
target_76,LME_ZS_Close - FX_EURGBP,1,Ridge,0.014846171839366176,0.011756941574740625,-0.022100565638848213,0.06334736247563146,0.007475614547729492,False,OPTIMIZED
target_76,LME_ZS_Close - FX_EURGBP,1,Lasso,0.014697130554097815,0.011671424208738382,-0.001681762156623412,0.0,0.006008625030517578,False,OPTIMIZED
target_76,LME_ZS_Close - FX_EURGBP,1,RandomForest,0.014801789389414831,0.011719083889765291,-0.01599858579749469,0.0541809373689822,0.370225191116333,False,OPTIMIZED
target_76,LME_ZS_Close - FX_EURGBP,1,ElasticNet,0.014674107943082913,0.011650706810598491,0.001453988328546263,0.13738416004916626,0.0031290054321289062,True,OPTIMIZED
target_76,LME_ZS_Close - FX_EURGBP,1,XGBoost,0.014698105096642815,0.011672629552756624,-0.0018146062998627421,0.0,0.3358299732208252,True,OPTIMIZED
target_76,LME_ZS_Close - FX_EURGBP,1,LightGBM,0.014710234879910751,0.01163995327345674,-0.0034688070521735614,0.018542468472376384,0.29141974449157715,True,OPTIMIZED
target_77,LME_PB_Close - US_Stock_VALE_adj_close,1,Ridge,0.0196489394688691,0.01548991503728859,-0.057885283008518584,0.013558646873028643,0.007149219512939453,False,OPTIMIZED
target_77,LME_PB_Close - US_Stock_VALE_adj_close,1,Lasso,0.019121619089197763,0.014670249374817418,-0.0018660756082913288,0.0,0.00583648681640625,False,OPTIMIZED
target_77,LME_PB_Close - US_Stock_VALE_adj_close,1,RandomForest,0.019659455867134065,0.014857119220273949,-0.05901797723271085,0.08079231527478918,0.3510441780090332,False,OPTIMIZED
target_77,LME_PB_Close - US_Stock_VALE_adj_close,1,ElasticNet,0.019364344554836793,0.015105013192054411,-0.027462426436717813,0.022660900563694266,0.21612882614135742,True,OPTIMIZED
target_77,LME_PB_Close - US_Stock_VALE_adj_close,1,XGBoost,0.019117645699671074,0.014662330149207052,-0.0014497520159764132,0.0,0.2628517150878906,True,OPTIMIZED
target_77,LME_PB_Close - US_Stock_VALE_adj_close,1,LightGBM,0.020857821588036538,0.01612084476873032,-0.192060349113788,0.02987485451357378,2.2405495643615723,True,OPTIMIZED
target_78,US_Stock_CLF_adj_close - JPX_Platinum_Standard_Futures_Close,1,Ridge,0.04337698388998303,0.0303125229385287,-0.036199907022247846,0.11349203180054118,0.008205413818359375,False,OPTIMIZED
target_78,US_Stock_CLF_adj_close - JPX_Platinum_Standard_Futures_Close,1,Lasso,0.04272773939726683,0.02925381778814597,-0.005413422757612141,0.0,0.006135463714599609,False,OPTIMIZED
target_78,US_Stock_CLF_adj_close - JPX_Platinum_Standard_Futures_Close,1,RandomForest,0.049510827932392254,0.034202821902702,-0.3499734405038535,-0.03307111767759454,0.3015596866607666,False,OPTIMIZED
target_78,US_Stock_CLF_adj_close - JPX_Platinum_Standard_Futures_Close,1,ElasticNet,0.04312372114493882,0.029939838577035003,-0.024135227122308534,0.11953268948836575,0.24369096755981445,True,OPTIMIZED
target_78,US_Stock_CLF_adj_close - JPX_Platinum_Standard_Futures_Close,1,XGBoost,0.0427300684122547,0.02925741572916222,-0.005523032429574304,0.0,0.3108811378479004,True,OPTIMIZED
target_78,US_Stock_CLF_adj_close - JPX_Platinum_Standard_Futures_Close,1,LightGBM,0.043349075965975224,0.030299678110637992,-0.034866993437013605,0.012339537899574638,2.8317978382110596,True,OPTIMIZED
target_79,LME_ZS_Close - US_Stock_DVN_adj_close,1,Ridge,0.030321393207127227,0.022293218749056806,-0.3392443020886513,0.07953151741165615,0.008559465408325195,False,OPTIMIZED
target_79,LME_ZS_Close - US_Stock_DVN_adj_close,1,Lasso,0.026252984456792045,0.01849380729724283,-0.003965676474575908,-0.026432575053613603,0.00736689567565918,False,OPTIMIZED
target_79,LME_ZS_Close - US_Stock_DVN_adj_close,1,RandomForest,0.026248308980310525,0.01857701005641095,-0.003608109514511959,0.02882351364838312,0.381319522857666,False,OPTIMIZED
target_79,LME_ZS_Close - US_Stock_DVN_adj_close,1,ElasticNet,0.026370158416436227,0.018487846075018223,-0.012947600788848046,-0.012760508519873428,0.07545948028564453,True,OPTIMIZED
target_79,LME_ZS_Close - US_Stock_DVN_adj_close,1,XGBoost,0.02624866201112924,0.018493782111655938,-0.0036351060707835448,0.0,0.2228529453277588,True,OPTIMIZED
target_79,LME_ZS_Close - US_Stock_DVN_adj_close,1,LightGBM,0.029651862793212316,0.02139799425180008,-0.28075324905169885,0.012045805319425543,1.4541401863098145,True,OPTIMIZED
target_80,JPX_Gold_Standard_Futures_Close - US_Stock_ACWI_adj_close,1,Ridge,0.015919339357636952,0.011638930645333988,-0.15986521836244583,0.02867410910377009,0.007405757904052734,False,OPTIMIZED
target_80,JPX_Gold_Standard_Futures_Close - US_Stock_ACWI_adj_close,1,Lasso,0.014784969571297364,0.010385064117503201,-0.00045673818123304066,0.0,0.005556583404541016,False,OPTIMIZED
target_80,JPX_Gold_Standard_Futures_Close - US_Stock_ACWI_adj_close,1,RandomForest,0.02299045233969711,0.016002145195908944,-1.4190925043119376,-0.024372935693464385,0.36788392066955566,False,OPTIMIZED
target_80,JPX_Gold_Standard_Futures_Close - US_Stock_ACWI_adj_close,1,ElasticNet,0.01530799614719637,0.010888498081024668,-0.07249217442250977,0.009642082285136234,0.20589256286621094,True,OPTIMIZED
target_80,JPX_Gold_Standard_Futures_Close - US_Stock_ACWI_adj_close,1,XGBoost,0.014785018050748307,0.010385178591145475,-0.00046329912444553756,0.0,0.32987022399902344,True,OPTIMIZED
target_80,JPX_Gold_Standard_Futures_Close - US_Stock_ACWI_adj_close,1,LightGBM,0.015120023261716218,0.010960078071583305,-0.046314784851014146,0.00801250420704959,1.3454318046569824,True,OPTIMIZED
target_81,FX_GBPUSD - JPX_Gold_Standard_Futures_Close,1,Ridge,0.011512120233184186,0.008379507245903407,-0.054447729075757456,0.028529880851862272,0.007288694381713867,False,OPTIMIZED
target_81,FX_GBPUSD - JPX_Gold_Standard_Futures_Close,1,Lasso,0.011216748363286158,0.00812858919481247,-0.0010329578632335412,0.0,0.006918668746948242,False,OPTIMIZED
target_81,FX_GBPUSD - JPX_Gold_Standard_Futures_Close,1,RandomForest,0.019713578207152464,0.013454719897242179,-2.0920417021991327,-0.021179739066486295,0.3716742992401123,False,OPTIMIZED
target_81,FX_GBPUSD - JPX_Gold_Standard_Futures_Close,1,ElasticNet,0.011216748363286158,0.00812858919481247,-0.0010329578632335412,0.0,0.0029480457305908203,True,OPTIMIZED
target_81,FX_GBPUSD - JPX_Gold_Standard_Futures_Close,1,XGBoost,0.011216598980006468,0.00812832839260014,-0.0010062947723417093,0.0,0.3121469020843506,True,OPTIMIZED
target_81,FX_GBPUSD - JPX_Gold_Standard_Futures_Close,1,LightGBM,0.011676584848041436,0.008619328839878619,-0.084791069663396,0.02267960741944563,2.056779623031616,True,OPTIMIZED
target_82,JPX_Gold_Standard_Futures_Close - US_Stock_X_adj_close,1,Ridge,0.035165923345021256,0.02303402749802817,-0.17847868903224162,0.03937151428594225,0.007935285568237305,False,OPTIMIZED
target_82,JPX_Gold_Standard_Futures_Close - US_Stock_X_adj_close,1,Lasso,0.032628898580802874,0.02036518075566604,-0.014571155925576562,0.06778621751653595,0.00706934928894043,False,OPTIMIZED
target_82,JPX_Gold_Standard_Futures_Close - US_Stock_X_adj_close,1,RandomForest,0.05654524672191273,0.04504270315696198,-2.046982008924464,-0.10628804863842724,0.35956501960754395,False,OPTIMIZED
target_82,JPX_Gold_Standard_Futures_Close - US_Stock_X_adj_close,1,ElasticNet,0.03396439655109601,0.021487511105209703,-0.09932344179356667,0.009404147351455724,0.11262750625610352,True,OPTIMIZED
target_82,JPX_Gold_Standard_Futures_Close - US_Stock_X_adj_close,1,XGBoost,0.032393765297590554,0.01999631107929551,-1.2566591414131523e-06,0.0,0.20770263671875,True,OPTIMIZED
target_82,JPX_Gold_Standard_Futures_Close - US_Stock_X_adj_close,1,LightGBM,0.03479334218027144,0.022487820863700794,-0.1536391334944991,0.0395841478301804,2.489107370376587,True,OPTIMIZED
target_83,US_Stock_MPC_adj_close - LME_PB_Close,1,Ridge,0.023366892117921013,0.01691162220261664,-0.015081256490941941,0.15718704756165836,0.008332252502441406,False,OPTIMIZED
target_83,US_Stock_MPC_adj_close - LME_PB_Close,1,Lasso,0.023197545819187294,0.016700671749627766,-0.00042142508418274716,0.0,0.0063991546630859375,False,OPTIMIZED
target_83,US_Stock_MPC_adj_close - LME_PB_Close,1,RandomForest,0.022735838257891362,0.01656530289743943,0.03900562923694895,0.11314690308557969,0.36136960983276367,False,OPTIMIZED
target_83,US_Stock_MPC_adj_close - LME_PB_Close,1,ElasticNet,0.023297117510016264,0.016856442580765914,-0.009028149374185057,0.10458060436890215,0.13649559020996094,True,OPTIMIZED
target_83,US_Stock_MPC_adj_close - LME_PB_Close,1,XGBoost,0.02319735565947952,0.016700996269907398,-0.0004050234296633093,0.0,0.2759547233581543,True,OPTIMIZED
target_83,US_Stock_MPC_adj_close - LME_PB_Close,1,LightGBM,0.0260919475370592,0.01924922795367737,-0.2656449624011539,0.006897450809835209,1.9468317031860352,True,OPTIMIZED
target_84,FX_NOKJPY - LME_ZS_Close,1,Ridge,0.015098421970849254,0.011897101927450417,-0.007757175425764151,0.0668805665069675,0.008160591125488281,False,OPTIMIZED
target_84,FX_NOKJPY - LME_ZS_Close,1,Lasso,0.015053556508621637,0.011902213086545599,-0.00177690611282455,0.0,0.006154775619506836,False,OPTIMIZED
target_84,FX_NOKJPY - LME_ZS_Close,1,RandomForest,0.01509980438653112,0.011898778873641512,-0.00794172492419798,0.08574588549681948,0.3513343334197998,False,OPTIMIZED
target_84,FX_NOKJPY - LME_ZS_Close,1,ElasticNet,0.015042877273050682,0.011890902825939633,-0.0003560569172271766,0.1241050356866048,0.003131389617919922,True,OPTIMIZED
target_84,FX_NOKJPY - LME_ZS_Close,1,XGBoost,0.015054550533453162,0.01190214115813943,-0.0019092102626208085,0.0,0.1360793113708496,True,OPTIMIZED
target_84,FX_NOKJPY - LME_ZS_Close,1,LightGBM,0.015045705232519685,0.011849587262336219,-0.000732212654654063,0.07593975140675015,1.4498662948608398,True,OPTIMIZED
target_85,JPX_Gold_Standard_Futures_Close - US_Stock_CVE_adj_close,1,Ridge,0.030289133688718217,0.02245726816609542,-0.4714617406009638,0.02375342981500391,0.008041620254516602,False,OPTIMIZED
target_85,JPX_Gold_Standard_Futures_Close - US_Stock_CVE_adj_close,1,Lasso,0.024983892924737176,0.017201017050375012,-0.0011415594829757847,0.0,0.005621671676635742,False,OPTIMIZED
target_85,JPX_Gold_Standard_Futures_Close - US_Stock_CVE_adj_close,1,RandomForest,0.033441201692298944,0.020240287349698332,-0.7936554469839696,-0.03147614674188967,0.3030719757080078,False,OPTIMIZED
target_85,JPX_Gold_Standard_Futures_Close - US_Stock_CVE_adj_close,1,ElasticNet,0.029318935459859863,0.021363262799398635,-0.37870599900828905,0.042246193689710845,0.10891175270080566,True,OPTIMIZED
target_85,JPX_Gold_Standard_Futures_Close - US_Stock_CVE_adj_close,1,XGBoost,0.02909514809416513,0.018605109774019392,-0.357739380079249,0.017687777969932823,0.1288750171661377,True,OPTIMIZED
target_85,JPX_Gold_Standard_Futures_Close - US_Stock_CVE_adj_close,1,LightGBM,0.029104138727572303,0.019785477446302296,-0.35857861437424776,0.09150318594873962,1.0861659049987793,True,OPTIMIZED
target_86,LME_AH_Close - FX_EURCHF,1,Ridge,0.012364004245914172,0.009529442992411997,-0.03475250764422144,0.01316143383391204,0.008082151412963867,False,OPTIMIZED
target_86,LME_AH_Close - FX_EURCHF,1,Lasso,0.012155711034114015,0.009367543451953198,-0.00018176285318705077,0.0,0.005800724029541016,False,OPTIMIZED
target_86,LME_AH_Close - FX_EURCHF,1,RandomForest,0.012380060364648535,0.00958416561411553,-0.037441749168814376,-0.04324094336547636,0.37752604484558105,False,OPTIMIZED
target_86,LME_AH_Close - FX_EURCHF,1,ElasticNet,0.012353630186460587,0.009467876248732897,-0.033016810959528575,-0.006649888094470907,0.1523449420928955,True,OPTIMIZED
target_86,LME_AH_Close - FX_EURCHF,1,XGBoost,0.012154772076996063,0.009372439654090894,-2.7252514500419878e-05,0.0,0.3515312671661377,True,OPTIMIZED
target_86,LME_AH_Close - FX_EURCHF,1,LightGBM,0.01283681618113586,0.009848803072272871,-0.11540565267120062,-0.04308692552777235,0.8426392078399658,True,OPTIMIZED
target_87,FX_EURJPY - LME_ZS_Close,1,Ridge,0.015264859125644795,0.012126142668240665,-0.019427635988227943,0.040222293273351806,0.007790803909301758,False,OPTIMIZED
target_87,FX_EURJPY - LME_ZS_Close,1,Lasso,0.015131340838663257,0.01203107729438537,-0.001672220230223953,0.0,0.005939483642578125,False,OPTIMIZED
target_87,FX_EURJPY - LME_ZS_Close,1,RandomForest,0.01550599888428335,0.01221746659854897,-0.0518899316972905,0.04594185391196599,0.38827037811279297,False,OPTIMIZED
target_87,FX_EURJPY - LME_ZS_Close,1,ElasticNet,0.015108134860366183,0.012012182430157331,0.0013978261754926669,0.11575995610864849,0.0038251876831054688,True,OPTIMIZED
target_87,FX_EURJPY - LME_ZS_Close,1,XGBoost,0.015131498403991523,0.01203107729438537,-0.0016930815188076487,0.0,0.2145705223083496,True,OPTIMIZED
target_87,FX_EURJPY - LME_ZS_Close,1,LightGBM,0.015119297982328684,0.012001862816362271,-7.841643275430243e-05,0.05876558397105631,0.3498964309692383,True,OPTIMIZED
target_88,LME_AH_Close - US_Stock_NEM_adj_close,1,Ridge,0.02595791013437253,0.018671298657867118,-0.031103290187730392,-0.0651131697898115,0.007688760757446289,False,OPTIMIZED
target_88,LME_AH_Close - US_Stock_NEM_adj_close,1,Lasso,0.02560060280340197,0.01814157039166915,-0.002912643853059338,0.0,0.005937099456787109,False,OPTIMIZED
target_88,LME_AH_Close - US_Stock_NEM_adj_close,1,RandomForest,0.02638237200889602,0.019034146901546006,-0.06510004558661842,-0.06943991980954768,0.3504629135131836,False,OPTIMIZED
target_88,LME_AH_Close - US_Stock_NEM_adj_close,1,ElasticNet,0.025679108367642638,0.018265289031258434,-0.009073041314479724,-0.018525356102245722,0.19829344749450684,True,OPTIMIZED
target_88,LME_AH_Close - US_Stock_NEM_adj_close,1,XGBoost,0.025601811125750263,0.018142470398778636,-0.0030073189956023594,0.0,0.3411567211151123,True,OPTIMIZED
target_88,LME_AH_Close - US_Stock_NEM_adj_close,1,LightGBM,0.025662585885307024,0.018521263919461444,-0.007774941117471679,-0.017261950890590586,0.5384342670440674,True,OPTIMIZED
target_89,LME_AH_Close - FX_GBPNZD,1,Ridge,0.013605319970230626,0.01061880862613993,-0.03330064133898003,0.06410998714859238,0.007433652877807617,False,OPTIMIZED
target_89,LME_AH_Close - FX_GBPNZD,1,Lasso,0.013384702981086261,0.010337588317971179,-6.137831327035492e-05,0.0,0.005139350891113281,False,OPTIMIZED
target_89,LME_AH_Close - FX_GBPNZD,1,RandomForest,0.013704947847521874,0.01067011762280455,-0.048489180847570035,-0.07780712438246684,0.3535754680633545,False,OPTIMIZED
target_89,LME_AH_Close - FX_GBPNZD,1,ElasticNet,0.013373624772544748,0.010328757521197801,0.0015933918597035301,0.11024741136820837,0.04164552688598633,True,OPTIMIZED
target_89,LME_AH_Close - FX_GBPNZD,1,XGBoost,0.013384863331678615,0.010337175450820872,-8.534020397488185e-05,0.0,0.32679080963134766,True,OPTIMIZED
target_89,LME_AH_Close - FX_GBPNZD,1,LightGBM,0.014143180866399409,0.010902386466154256,-0.11661477345939253,-0.06294502508699269,1.623750925064087,True,OPTIMIZED
target_90,US_Stock_LYB_adj_close - LME_AH_Close,1,Ridge,0.022501896334979284,0.016092118101628264,-0.0765252431254535,0.034227388313139664,0.008184432983398438,False,OPTIMIZED
target_90,US_Stock_LYB_adj_close - LME_AH_Close,1,Lasso,0.021740596129660873,0.01548009246031963,-0.004913950796117783,0.0,0.005122661590576172,False,OPTIMIZED
target_90,US_Stock_LYB_adj_close - LME_AH_Close,1,RandomForest,0.021605682220283275,0.015472065491798945,0.007519581340675541,0.023731651690105042,0.3836171627044678,False,OPTIMIZED
target_90,US_Stock_LYB_adj_close - LME_AH_Close,1,ElasticNet,0.02176025585413682,0.015475696506526757,-0.006732232499828239,0.008203442714018046,0.013152599334716797,True,OPTIMIZED
target_90,US_Stock_LYB_adj_close - LME_AH_Close,1,XGBoost,0.021736123908467568,0.015474426034871121,-0.004500555027710629,0.0,0.19725465774536133,True,OPTIMIZED
target_90,US_Stock_LYB_adj_close - LME_AH_Close,1,LightGBM,0.02175116075269147,0.01547484512892733,-0.005890843656320532,0.0010221439184038142,0.29905200004577637,True,OPTIMIZED
target_91,US_Stock_NUE_adj_close - LME_AH_Close,1,Ridge,0.026427265994522744,0.01902870938879648,-0.11670422117305046,0.058394032648349074,0.00753021240234375,False,OPTIMIZED
target_91,US_Stock_NUE_adj_close - LME_AH_Close,1,Lasso,0.025063574570885556,0.017597851934778322,-0.004430070969626998,0.0,0.005030632019042969,False,OPTIMIZED
target_91,US_Stock_NUE_adj_close - LME_AH_Close,1,RandomForest,0.02552908763572217,0.018038721549735424,-0.04208771039951409,-0.0644448194519788,0.36739325523376465,False,OPTIMIZED
target_91,US_Stock_NUE_adj_close - LME_AH_Close,1,ElasticNet,0.025817248523864262,0.01839205873252606,-0.06574571868918677,0.060096631233283085,0.13682913780212402,True,OPTIMIZED
target_91,US_Stock_NUE_adj_close - LME_AH_Close,1,XGBoost,0.025108945306890805,0.017650305616466525,-0.0080698533976995,-0.0917748005846085,0.24902629852294922,True,OPTIMIZED
target_91,US_Stock_NUE_adj_close - LME_AH_Close,1,LightGBM,0.025401448262122175,0.017919936406244022,-0.031693378120414284,-0.042938829430881,0.8904454708099365,True,OPTIMIZED
target_92,JPX_Platinum_Standard_Futures_Close - US_Stock_EFA_adj_close,1,Ridge,0.018734043735396683,0.013990180169451232,-0.04732545571299984,0.06441530092051197,0.008067131042480469,False,OPTIMIZED
target_92,JPX_Platinum_Standard_Futures_Close - US_Stock_EFA_adj_close,1,Lasso,0.01833026758211614,0.013487798584751355,-0.00266581744108052,0.0,0.006134748458862305,False,OPTIMIZED
target_92,JPX_Platinum_Standard_Futures_Close - US_Stock_EFA_adj_close,1,RandomForest,0.02000410643236147,0.014256123697011543,-0.19414458316837835,-0.08909856000060848,0.3306734561920166,False,OPTIMIZED
target_92,JPX_Platinum_Standard_Futures_Close - US_Stock_EFA_adj_close,1,ElasticNet,0.01840356199586184,0.013550725581773091,-0.010700258740205859,0.007559568969943128,0.0044553279876708984,True,OPTIMIZED
target_92,JPX_Platinum_Standard_Futures_Close - US_Stock_EFA_adj_close,1,XGBoost,0.018330622310441802,0.013488189044610889,-0.0027046251024016588,0.0,0.19718217849731445,True,OPTIMIZED
target_92,JPX_Platinum_Standard_Futures_Close - US_Stock_EFA_adj_close,1,LightGBM,0.0188796093970971,0.013827908051349308,-0.06366436471349157,-0.007955459466859858,4.821671724319458,True,OPTIMIZED
target_93,LME_AH_Close - US_Stock_XLE_adj_close,1,Ridge,0.017624030198183545,0.012731569636339474,0.0034782614660944233,0.07265651876965018,0.008301973342895508,False,OPTIMIZED
target_93,LME_AH_Close - US_Stock_XLE_adj_close,1,Lasso,0.017660327051982314,0.012669601951751593,-0.000630656901714044,0.0,0.005497455596923828,False,OPTIMIZED
target_93,LME_AH_Close - US_Stock_XLE_adj_close,1,RandomForest,0.01794993394296832,0.013101934849073163,-0.03371788371332629,-0.02468854859771727,0.3626999855041504,False,OPTIMIZED
target_93,LME_AH_Close - US_Stock_XLE_adj_close,1,ElasticNet,0.01768388072184733,0.012638376621173624,-0.0033015293959275382,0.018919355434474795,0.00811624526977539,True,OPTIMIZED
target_93,LME_AH_Close - US_Stock_XLE_adj_close,1,XGBoost,0.01767362947146768,0.0126822599760656,-0.0021386495689574847,-0.046717546390079794,0.32084012031555176,True,OPTIMIZED
target_93,LME_AH_Close - US_Stock_XLE_adj_close,1,LightGBM,0.017902684793798813,0.012812771829917408,-0.028282988243559792,-0.10386567532101523,0.7020509243011475,True,OPTIMIZED
target_94,US_Stock_EWJ_adj_close - LME_AH_Close,1,Ridge,0.016342563190051715,0.012363523034464271,-0.06053325614889671,0.03066517082116269,0.008035898208618164,False,OPTIMIZED
target_94,US_Stock_EWJ_adj_close - LME_AH_Close,1,Lasso,0.015869312012009,0.0118877352941938,-3.314893741723779e-07,0.0,0.005969047546386719,False,OPTIMIZED
target_94,US_Stock_EWJ_adj_close - LME_AH_Close,1,RandomForest,0.017591622535479922,0.013286001665026484,-0.2288411368382388,-0.005262063875693211,0.3409154415130615,False,OPTIMIZED
target_94,US_Stock_EWJ_adj_close - LME_AH_Close,1,ElasticNet,0.015938218593171984,0.011982406346201424,-0.008703444087276191,0.0872107382200356,0.23873043060302734,True,OPTIMIZED
target_94,US_Stock_EWJ_adj_close - LME_AH_Close,1,XGBoost,0.015869310754863173,0.011887574095433378,-1.7305198318773307e-07,0.0,0.23745417594909668,True,OPTIMIZED
target_94,US_Stock_EWJ_adj_close - LME_AH_Close,1,LightGBM,0.015984561504497938,0.011950166400891795,-0.01457790428280914,0.031661757367389166,0.5438952445983887,True,OPTIMIZED
target_95,LME_AH_Close - US_Stock_TRGP_adj_close,1,Ridge,0.05031932680288803,0.040884311504318475,-3.9515540353483223,0.05800119213768538,0.007181644439697266,False,OPTIMIZED
target_95,LME_AH_Close - US_Stock_TRGP_adj_close,1,Lasso,0.02262433738157647,0.016472401180053258,-0.0009758860584672124,0.0,0.005005598068237305,False,OPTIMIZED
target_95,LME_AH_Close - US_Stock_TRGP_adj_close,1,RandomForest,0.023599803949212985,0.01696928786637664,-0.08915243957860675,-0.033598300356041555,0.33863258361816406,False,OPTIMIZED
target_95,LME_AH_Close - US_Stock_TRGP_adj_close,1,ElasticNet,0.034730949675592,0.028267042135750355,-1.358876455997585,0.07842947810298014,0.24193120002746582,True,OPTIMIZED
target_95,LME_AH_Close - US_Stock_TRGP_adj_close,1,XGBoost,0.02278958042600939,0.016590661840938416,-0.015651086293480665,-0.07557659286944705,0.31404638290405273,True,OPTIMIZED
target_95,LME_AH_Close - US_Stock_TRGP_adj_close,1,LightGBM,0.02322761283878794,0.01704579492104571,-0.05506941913293839,-0.03136509904665198,0.41138672828674316,True,OPTIMIZED
target_96,US_Stock_EWT_adj_close - LME_PB_Close,1,Ridge,0.017116827790241488,0.012759223998576815,-0.03448314629039628,0.05894505230268708,0.006804466247558594,False,OPTIMIZED
target_96,US_Stock_EWT_adj_close - LME_PB_Close,1,Lasso,0.016845976304621167,0.012311218794296029,-0.002003475474656735,0.0,0.004533529281616211,False,OPTIMIZED
target_96,US_Stock_EWT_adj_close - LME_PB_Close,1,RandomForest,0.018426146012635775,0.01355019791281235,-0.1987976239566216,-0.09332439109358716,0.33294177055358887,False,OPTIMIZED
target_96,US_Stock_EWT_adj_close - LME_PB_Close,1,ElasticNet,0.016840810152443188,0.01231213158484426,-0.0013890012993296175,0.07079776897878126,0.003032207489013672,True,OPTIMIZED
target_96,US_Stock_EWT_adj_close - LME_PB_Close,1,XGBoost,0.016843234537203534,0.01230751749491109,-0.001677339800890909,0.0,0.25306224822998047,True,OPTIMIZED
target_96,US_Stock_EWT_adj_close - LME_PB_Close,1,LightGBM,0.019286674820859898,0.01454698120417806,-0.31338355259007433,-0.06284332804862416,2.142589807510376,True,OPTIMIZED
target_97,LME_PB_Close - US_Stock_WMB_adj_close,1,Ridge,0.028559256878253454,0.02360035325798399,-1.5691383324066113,0.08583840378123476,0.0069234371185302734,False,OPTIMIZED
target_97,LME_PB_Close - US_Stock_WMB_adj_close,1,Lasso,0.01784562964748982,0.013554760243294032,-0.0031304994974454825,0.0,0.005931854248046875,False,OPTIMIZED
target_97,LME_PB_Close - US_Stock_WMB_adj_close,1,RandomForest,0.01789914265317766,0.013659137887972411,-0.009155617586120046,0.11325322496420329,0.34331798553466797,False,OPTIMIZED
target_97,LME_PB_Close - US_Stock_WMB_adj_close,1,ElasticNet,0.017812238417297867,0.013547361958978082,0.0006199340671784181,0.10445371340749307,0.0044307708740234375,True,OPTIMIZED
target_97,LME_PB_Close - US_Stock_WMB_adj_close,1,XGBoost,0.017804492756955993,0.013484145273469151,0.0014889068828166652,0.11701884629367519,0.15588927268981934,True,OPTIMIZED
target_97,LME_PB_Close - US_Stock_WMB_adj_close,1,LightGBM,0.01781997448061838,0.013597425602418847,-0.0002483393277827872,0.09220278488788662,0.3471050262451172,True,OPTIMIZED
target_98,LME_CA_Close - US_Stock_XOM_adj_close,1,Ridge,0.01730718218930576,0.013129861566709021,-0.01850426614469769,0.09545459483614625,0.007779598236083984,False,OPTIMIZED
target_98,LME_CA_Close - US_Stock_XOM_adj_close,1,Lasso,0.01717232998880174,0.012941142487156665,-0.00269436072223761,0.08363896045014425,0.030024290084838867,False,OPTIMIZED
target_98,LME_CA_Close - US_Stock_XOM_adj_close,1,RandomForest,0.01717160737813781,0.012994071157812091,-0.002609975855010438,0.1011081955482421,0.35381364822387695,False,OPTIMIZED
target_98,LME_CA_Close - US_Stock_XOM_adj_close,1,ElasticNet,0.017299404765060408,0.013083243932939078,-0.017589090022006593,0.04804981194498784,0.1346454620361328,True,OPTIMIZED
target_98,LME_CA_Close - US_Stock_XOM_adj_close,1,XGBoost,0.01715509609460344,0.012928785041506604,-0.0006827924147079223,0.0,0.37030911445617676,True,OPTIMIZED
target_98,LME_CA_Close - US_Stock_XOM_adj_close,1,LightGBM,0.017345265719709544,0.013017324345803351,-0.0229915262295588,0.034506084899613466,2.198197841644287,True,OPTIMIZED
target_99,JPX_Gold_Standard_Futures_Close - US_Stock_KMI_adj_close,1,Ridge,0.02191825724161443,0.016517261917408575,-0.5175221158284962,0.048444294860459064,0.008365392684936523,False,OPTIMIZED
target_99,JPX_Gold_Standard_Futures_Close - US_Stock_KMI_adj_close,1,Lasso,0.017801958109514716,0.012871798111838023,-0.0010563830466281399,0.0,0.00585484504699707,False,OPTIMIZED
target_99,JPX_Gold_Standard_Futures_Close - US_Stock_KMI_adj_close,1,RandomForest,0.020835709636221285,0.01542718786076843,-0.37132243994325,-0.047898566845977306,0.3535466194152832,False,OPTIMIZED
target_99,JPX_Gold_Standard_Futures_Close - US_Stock_KMI_adj_close,1,ElasticNet,0.017801958109514716,0.012871798111838023,-0.0010563830466281399,0.0,0.003455638885498047,True,OPTIMIZED
target_99,JPX_Gold_Standard_Futures_Close - US_Stock_KMI_adj_close,1,XGBoost,0.0178020115994427,0.012871818925435577,-0.0010623988471321066,0.0,0.16682791709899902,True,OPTIMIZED
target_99,JPX_Gold_Standard_Futures_Close - US_Stock_KMI_adj_close,1,LightGBM,0.018924370229819142,0.01368181284871716,-0.1312689348640832,0.009417326008788694,1.0810465812683105,True,OPTIMIZED
target_100,US_Stock_SCCO_adj_close - LME_AH_Close,1,Ridge,0.02265913612519162,0.016859964272851108,-0.017156474141458933,0.055683838712317475,0.007938146591186523,False,OPTIMIZED
target_100,US_Stock_SCCO_adj_close - LME_AH_Close,1,Lasso,0.02246888636369673,0.01661381496392966,-0.0001477595016734501,0.0,0.005505800247192383,False,OPTIMIZED
target_100,US_Stock_SCCO_adj_close - LME_AH_Close,1,RandomForest,0.02412624181259657,0.017250872427718632,-0.1531357154096138,-0.08089313275097722,0.3372039794921875,False,OPTIMIZED
target_100,US_Stock_SCCO_adj_close - LME_AH_Close,1,ElasticNet,0.022456188900412313,0.016647328050375006,0.0009823144119032179,0.0651435888559027,0.15188360214233398,True,OPTIMIZED
target_100,US_Stock_SCCO_adj_close - LME_AH_Close,1,XGBoost,0.022469760581918182,0.016615302717235884,-0.00022558840613084996,0.0,0.26641058921813965,True,OPTIMIZED
target_100,US_Stock_SCCO_adj_close - LME_AH_Close,1,LightGBM,0.02341354647559788,0.017162539293128738,-0.08601412606389935,-0.06786566071297946,3.1844658851623535,True,OPTIMIZED
target_101,JPX_Platinum_Standard_Futures_Close - FX_AUDUSD,1,Ridge,0.017379764090310845,0.01257963091780902,-0.09643846942064016,0.031035411540754596,0.008759737014770508,False,OPTIMIZED
target_101,JPX_Platinum_Standard_Futures_Close - FX_AUDUSD,1,Lasso,0.016611272350840284,0.012228888817740518,-0.0016184322555994335,0.0,0.005417585372924805,False,OPTIMIZED
target_101,JPX_Platinum_Standard_Futures_Close - FX_AUDUSD,1,RandomForest,0.017172183320682172,0.012545770891666074,-0.07040355476834304,-0.06733428361312112,0.3206479549407959,False,OPTIMIZED
target_101,JPX_Platinum_Standard_Futures_Close - FX_AUDUSD,1,ElasticNet,0.016684005196349362,0.01228801676870242,-0.010408854336465323,0.04518701445696353,0.0044612884521484375,True,OPTIMIZED
target_101,JPX_Platinum_Standard_Futures_Close - FX_AUDUSD,1,XGBoost,0.016614210560506572,0.01223276046260285,-0.0019727970717240417,0.0,0.2648508548736572,True,OPTIMIZED
target_101,JPX_Platinum_Standard_Futures_Close - FX_AUDUSD,1,LightGBM,0.016871522466443446,0.012416760197450735,-0.033249157013650166,-0.05062933338175523,1.3018925189971924,True,OPTIMIZED
target_102,LME_ZS_Close - US_Stock_IEF_adj_close,1,Ridge,0.015011609527488687,0.011920023257392269,-0.004841720420670992,0.061599333098189116,0.008255958557128906,False,OPTIMIZED
target_102,LME_ZS_Close - US_Stock_IEF_adj_close,1,Lasso,0.014982093666014393,0.011986609742008469,-0.0008941608469898998,0.0,0.0048427581787109375,False,OPTIMIZED
target_102,LME_ZS_Close - US_Stock_IEF_adj_close,1,RandomForest,0.014968956837897158,0.011802879716776756,0.0008603082253076932,0.1074820038632214,0.3703346252441406,False,OPTIMIZED
target_102,LME_ZS_Close - US_Stock_IEF_adj_close,1,ElasticNet,0.01495617972829099,0.01196226975106327,0.0025652592222431547,0.13518595102675213,0.00432586669921875,True,OPTIMIZED
target_102,LME_ZS_Close - US_Stock_IEF_adj_close,1,XGBoost,0.014982103093810003,0.011986611564634507,-0.0008954205145308425,0.0,0.22144269943237305,True,OPTIMIZED
target_102,LME_ZS_Close - US_Stock_IEF_adj_close,1,LightGBM,0.01546968004688048,0.011930526985147885,-0.06710167777368836,0.11244813368165578,4.015151262283325,True,OPTIMIZED
target_103,US_Stock_SPYV_adj_close - LME_CA_Close,1,Ridge,0.014374184096829157,0.010342679058302887,-0.0649374450968574,0.03786174244756151,0.007333278656005859,False,OPTIMIZED
target_103,US_Stock_SPYV_adj_close - LME_CA_Close,1,Lasso,0.013929045578727286,0.009989094655577352,-9.470936925826123e-07,0.0,0.005483388900756836,False,OPTIMIZED
target_103,US_Stock_SPYV_adj_close - LME_CA_Close,1,RandomForest,0.01426520011541747,0.010101015049114806,-0.048850112613039176,0.0003133163807395165,0.41414546966552734,False,OPTIMIZED
target_103,US_Stock_SPYV_adj_close - LME_CA_Close,1,ElasticNet,0.013961498989409715,0.00997627665505021,-0.00466619827981174,0.07733497113447907,0.2663395404815674,True,OPTIMIZED
target_103,US_Stock_SPYV_adj_close - LME_CA_Close,1,XGBoost,0.013929056396689527,0.009988947778648304,-2.5003913146637302e-06,0.0,0.13891935348510742,True,OPTIMIZED
target_103,US_Stock_SPYV_adj_close - LME_CA_Close,1,LightGBM,0.01444711022598815,0.010503339791367432,-0.07577058458243635,-0.0531628223968341,1.1504135131835938,True,OPTIMIZED
target_104,US_Stock_WPM_adj_close - JPX_Gold_Standard_Futures_Close,1,Ridge,0.025840702164627274,0.020067214475926538,-0.4047450397980392,-0.0019330560958960115,0.006950855255126953,False,OPTIMIZED
target_104,US_Stock_WPM_adj_close - JPX_Gold_Standard_Futures_Close,1,Lasso,0.02180574197030124,0.01604252918936698,-0.00030081751400778955,0.0,0.004338502883911133,False,OPTIMIZED
target_104,US_Stock_WPM_adj_close - JPX_Gold_Standard_Futures_Close,1,RandomForest,0.02534923224896945,0.019277329370949208,-0.35181887826834446,-0.015384966429170399,0.30435919761657715,False,OPTIMIZED
target_104,US_Stock_WPM_adj_close - JPX_Gold_Standard_Futures_Close,1,ElasticNet,0.021819851333534403,0.01610755523767773,-0.0015957217357700504,0.030952476026947943,0.004038572311401367,True,OPTIMIZED
target_104,US_Stock_WPM_adj_close - JPX_Gold_Standard_Futures_Close,1,XGBoost,0.021807910514549465,0.01603837974901665,-0.000499783864131409,0.0,0.2835838794708252,True,OPTIMIZED
target_104,US_Stock_WPM_adj_close - JPX_Gold_Standard_Futures_Close,1,LightGBM,0.021985161431536164,0.016352556375021192,-0.016829656127039794,0.014748347128653005,1.497316837310791,True,OPTIMIZED
target_105,US_Stock_IAU_adj_close - LME_CA_Close,1,Ridge,0.013074690446035396,0.0102598989391285,-0.06034060464195479,0.08316558184068665,0.007815361022949219,False,OPTIMIZED
target_105,US_Stock_IAU_adj_close - LME_CA_Close,1,Lasso,0.012716916255886722,0.009966004222216702,-0.003104513479001758,0.0,0.006137371063232422,False,OPTIMIZED
target_105,US_Stock_IAU_adj_close - LME_CA_Close,1,RandomForest,0.012616572828267327,0.009891243453157898,0.012663119464260797,0.05657989748774727,0.3642456531524658,False,OPTIMIZED
target_105,US_Stock_IAU_adj_close - LME_CA_Close,1,ElasticNet,0.013064199851478735,0.010274990396288241,-0.05863973977483772,0.05531040846287389,0.2614257335662842,True,OPTIMIZED
target_105,US_Stock_IAU_adj_close - LME_CA_Close,1,XGBoost,0.01271617857358038,0.009965760949622133,-0.00298814077134657,0.0,0.17815446853637695,True,OPTIMIZED
target_105,US_Stock_IAU_adj_close - LME_CA_Close,1,LightGBM,0.013005146905031136,0.01023393418261963,-0.04909081917356928,0.027586181921949022,1.8235387802124023,True,OPTIMIZED
target_106,US_Stock_VXUS_adj_close,2,Ridge,0.014570022156288116,0.009832381832741413,-0.2015463188688178,0.064924368168468,0.007824420928955078,False,OPTIMIZED
target_106,US_Stock_VXUS_adj_close,2,Lasso,0.013337002630608953,0.009205732943461237,-0.006784606181080566,0.0,0.005849599838256836,False,OPTIMIZED
target_106,US_Stock_VXUS_adj_close,2,RandomForest,0.01648383772530508,0.010018365058802782,-0.5379306555603058,-0.06035558401120327,0.2597997188568115,False,OPTIMIZED
target_106,US_Stock_VXUS_adj_close,2,ElasticNet,0.013491658651424024,0.009449104933222456,-0.030269355414470178,0.05702177046773437,0.002870321273803711,True,OPTIMIZED
target_106,US_Stock_VXUS_adj_close,2,XGBoost,0.01333638766597603,0.009204528576168798,-0.006691763333429357,0.0,0.12311148643493652,True,OPTIMIZED
target_106,US_Stock_VXUS_adj_close,2,LightGBM,0.013648732020532559,0.009381984637456414,-0.05439832337860784,0.06304542787810868,0.4157230854034424,True,OPTIMIZED
target_107,LME_ZS_Close - US_Stock_VXUS_adj_close,2,Ridge,0.019793966220271467,0.015413473133085135,0.0248894034057362,0.13488485095034689,0.00659632682800293,False,OPTIMIZED
target_107,LME_ZS_Close - US_Stock_VXUS_adj_close,2,Lasso,0.020045496431271733,0.015600765036908716,-5.033269224274939e-05,0.0,0.004446268081665039,False,OPTIMIZED
target_107,LME_ZS_Close - US_Stock_VXUS_adj_close,2,RandomForest,0.020107346353065006,0.015621408363177505,-0.006231118300874305,0.1071160935085697,0.35971665382385254,False,OPTIMIZED
target_107,LME_ZS_Close - US_Stock_VXUS_adj_close,2,ElasticNet,0.02002789424056998,0.015585377256276818,0.0017052085577740073,0.09276751441965139,0.003483295440673828,True,OPTIMIZED
target_107,LME_ZS_Close - US_Stock_VXUS_adj_close,2,XGBoost,0.020288771621981373,0.01567794175830706,-0.02447115189086868,0.07044455051455392,0.2804145812988281,True,OPTIMIZED
target_107,LME_ZS_Close - US_Stock_VXUS_adj_close,2,LightGBM,0.022070185943386663,0.01729449158581661,-0.21227238071959342,0.036101168916596184,0.7972853183746338,True,OPTIMIZED
target_108,LME_ZS_Close - LME_PB_Close,2,Ridge,0.016821493197356045,0.01355475154391754,-0.12844092199778578,0.16152979575459686,0.007693290710449219,False,OPTIMIZED
target_108,LME_ZS_Close - LME_PB_Close,2,Lasso,0.015874710730958305,0.012787852139704734,-0.004989164083802011,0.0,0.004506826400756836,False,OPTIMIZED
target_108,LME_ZS_Close - LME_PB_Close,2,RandomForest,0.01630095840166848,0.013074495566504463,-0.059683121054374455,0.09478648240598564,0.3193655014038086,False,OPTIMIZED
target_108,LME_ZS_Close - LME_PB_Close,2,ElasticNet,0.015760902788172392,0.012608080632715766,0.009368988783335475,0.17068701661792657,0.0060977935791015625,True,OPTIMIZED
target_108,LME_ZS_Close - LME_PB_Close,2,XGBoost,0.015874863873302912,0.012787924520203855,-0.005008554312936342,0.0,0.17547106742858887,True,OPTIMIZED
target_108,LME_ZS_Close - LME_PB_Close,2,LightGBM,0.016104780677745643,0.01290224696932236,-0.03433058780862597,0.09163347023433505,0.47257375717163086,True,OPTIMIZED
target_109,LME_AH_Close - JPX_Gold_Standard_Futures_Close,2,Ridge,0.021144948628941312,0.017058057646976633,-0.21699179552150905,0.04050726030638198,0.007321357727050781,False,OPTIMIZED
target_109,LME_AH_Close - JPX_Gold_Standard_Futures_Close,2,Lasso,0.019204584521707747,0.015209125852392317,-0.003885574264358871,0.0,0.005446195602416992,False,OPTIMIZED
target_109,LME_AH_Close - JPX_Gold_Standard_Futures_Close,2,RandomForest,0.01981524627367905,0.01586270416126519,-0.06874311585191317,-0.008648414857751228,0.3256247043609619,False,OPTIMIZED
target_109,LME_AH_Close - JPX_Gold_Standard_Futures_Close,2,ElasticNet,0.019230999299879727,0.015266556217456954,-0.006649044757312872,0.13762125155261135,0.003246784210205078,True,OPTIMIZED
target_109,LME_AH_Close - JPX_Gold_Standard_Futures_Close,2,XGBoost,0.019208610347755905,0.015213671975556512,-0.004306504203557049,0.0,0.30772995948791504,True,OPTIMIZED
target_109,LME_AH_Close - JPX_Gold_Standard_Futures_Close,2,LightGBM,0.019808528402657375,0.015587537037956442,-0.06801857664993549,-0.0012953214644821672,0.5000710487365723,True,OPTIMIZED
target_110,JPX_Platinum_Standard_Futures_Close - LME_AH_Close,2,Ridge,0.026653814932640137,0.02035294391136188,-0.11194818195109812,0.04262509611403561,0.007886171340942383,False,OPTIMIZED
target_110,JPX_Platinum_Standard_Futures_Close - LME_AH_Close,2,Lasso,0.025362919558259256,0.01926101289467086,-0.006848858007492575,0.1106467538839388,0.006879329681396484,False,OPTIMIZED
target_110,JPX_Platinum_Standard_Futures_Close - LME_AH_Close,2,RandomForest,0.025917467917393727,0.019852153325154963,-0.05135874748598113,0.0987989442242858,0.32784128189086914,False,OPTIMIZED
target_110,JPX_Platinum_Standard_Futures_Close - LME_AH_Close,2,ElasticNet,0.025675716220647425,0.019534392408332567,-0.031836597015119095,0.1106467538839388,0.0031714439392089844,True,OPTIMIZED
target_110,JPX_Platinum_Standard_Futures_Close - LME_AH_Close,2,XGBoost,0.0253672342881502,0.019266044900194925,-0.00719145660912468,0.0,0.3563966751098633,True,OPTIMIZED
target_110,JPX_Platinum_Standard_Futures_Close - LME_AH_Close,2,LightGBM,0.026263072271751495,0.02035928136722392,-0.07958502256394873,0.10103211687466732,0.9001154899597168,True,OPTIMIZED
target_111,JPX_Gold_Standard_Futures_Close - LME_ZS_Close,2,Ridge,0.022732176599780645,0.01848404510744685,-0.12936772796021012,-0.03468570710356657,0.007047414779663086,False,OPTIMIZED
target_111,JPX_Gold_Standard_Futures_Close - LME_ZS_Close,2,Lasso,0.021390618310897752,0.01709215492433296,-1.742423472173016e-08,0.0,0.005032777786254883,False,OPTIMIZED
target_111,JPX_Gold_Standard_Futures_Close - LME_ZS_Close,2,RandomForest,0.022299142962933113,0.017486119988459926,-0.08675006438764732,0.08012768379960962,0.3561131954193115,False,OPTIMIZED
target_111,JPX_Gold_Standard_Futures_Close - LME_ZS_Close,2,ElasticNet,0.021381181538444156,0.017098410433803873,0.0008821161259362498,0.09031761992074287,0.0040874481201171875,True,OPTIMIZED
target_111,JPX_Gold_Standard_Futures_Close - LME_ZS_Close,2,XGBoost,0.021390627747206643,0.017092517200583184,-8.99709262425219e-07,0.0,0.3576829433441162,True,OPTIMIZED
target_111,JPX_Gold_Standard_Futures_Close - LME_ZS_Close,2,LightGBM,0.02160689174030484,0.017215666531394162,-0.02032357838001486,-0.016257319453480808,0.5972204208374023,True,OPTIMIZED
target_112,JPX_Gold_Standard_Futures_Close - LME_CA_Close,2,Ridge,0.019312376625552054,0.015386236359925545,-0.23100557121746834,-0.050352664576802514,0.008094072341918945,False,OPTIMIZED
target_112,JPX_Gold_Standard_Futures_Close - LME_CA_Close,2,Lasso,0.017425490765720218,0.013890565278849814,-0.002209719584610248,0.06859843555923582,0.006524324417114258,False,OPTIMIZED
target_112,JPX_Gold_Standard_Futures_Close - LME_CA_Close,2,RandomForest,0.017653642818446995,0.014227604997530865,-0.02862540065724062,-0.02612675223280298,0.3142232894897461,False,OPTIMIZED
target_112,JPX_Gold_Standard_Futures_Close - LME_CA_Close,2,ElasticNet,0.017454184179704648,0.013897225363121697,-0.005512983148844297,0.05980400130123618,0.0030889511108398438,True,OPTIMIZED
target_112,JPX_Gold_Standard_Futures_Close - LME_CA_Close,2,XGBoost,0.017432199909436816,0.013910285490983165,-0.0029816075688224863,0.0,0.32918572425842285,True,OPTIMIZED
target_112,JPX_Gold_Standard_Futures_Close - LME_CA_Close,2,LightGBM,0.017530156704605466,0.014095743242454526,-0.01428539130458173,-0.051274250310522275,0.6727206707000732,True,OPTIMIZED
target_113,JPX_Gold_Standard_Futures_Close - FX_AUDCAD,2,Ridge,0.015130190752913086,0.011580655811833174,-0.13191321086871421,0.04021050426768602,0.008037328720092773,False,OPTIMIZED
target_113,JPX_Gold_Standard_Futures_Close - FX_AUDCAD,2,Lasso,0.014274916488739778,0.010927170737210863,-0.0075612913391931436,0.0,0.005533456802368164,False,OPTIMIZED
target_113,JPX_Gold_Standard_Futures_Close - FX_AUDCAD,2,RandomForest,0.01587596885416427,0.012651527700866723,-0.24624892981123425,-0.090990577516025,0.3387770652770996,False,OPTIMIZED
target_113,JPX_Gold_Standard_Futures_Close - FX_AUDCAD,2,ElasticNet,0.014274916488739778,0.010927170737210863,-0.0075612913391931436,0.0,0.0028569698333740234,True,OPTIMIZED
target_113,JPX_Gold_Standard_Futures_Close - FX_AUDCAD,2,XGBoost,0.014274729960558303,0.01092708809506012,-0.007534960208266384,0.0,0.22226905822753906,True,OPTIMIZED
target_113,JPX_Gold_Standard_Futures_Close - FX_AUDCAD,2,LightGBM,0.014746520760332978,0.01137446673841435,-0.07523515444502804,0.0738231135780489,2.063664436340332,True,OPTIMIZED
target_114,JPX_Platinum_Standard_Futures_Close - FX_NZDCHF,2,Ridge,0.0243111384763598,0.017462871397917967,-0.22706809999021216,0.023520787065415265,0.0075757503509521484,False,OPTIMIZED
target_114,JPX_Platinum_Standard_Futures_Close - FX_NZDCHF,2,Lasso,0.022035679204094633,0.015935029810763893,-0.008117037071882383,0.0,0.006323575973510742,False,OPTIMIZED
target_114,JPX_Platinum_Standard_Futures_Close - FX_NZDCHF,2,RandomForest,0.02505221424324282,0.018576126882404127,-0.3030176723447642,-0.07798391493582299,0.353696346282959,False,OPTIMIZED
target_114,JPX_Platinum_Standard_Futures_Close - FX_NZDCHF,2,ElasticNet,0.022261190835033667,0.016154291070039437,-0.028856621898410317,0.07550453780908307,0.0033702850341796875,True,OPTIMIZED
target_114,JPX_Platinum_Standard_Futures_Close - FX_NZDCHF,2,XGBoost,0.022031627015626127,0.015930313299419675,-0.0077463015399668045,0.0,0.1957550048828125,True,OPTIMIZED
target_114,JPX_Platinum_Standard_Futures_Close - FX_NZDCHF,2,LightGBM,0.02661132660052396,0.019734640843617257,-0.47024977619742137,-0.061977397127359085,5.215567350387573,True,OPTIMIZED
target_115,FX_ZARGBP - JPX_Gold_Standard_Futures_Close,2,Ridge,0.015916486886320597,0.012295579753436186,-0.06110498681120613,0.13479142088840565,0.006859540939331055,False,OPTIMIZED
target_115,FX_ZARGBP - JPX_Gold_Standard_Futures_Close,2,Lasso,0.015491187858213086,0.012020028469177428,-0.0051557587295711915,0.0,0.004209041595458984,False,OPTIMIZED
target_115,FX_ZARGBP - JPX_Gold_Standard_Futures_Close,2,RandomForest,0.016559261833034137,0.012797402956472397,-0.14853932708148831,0.025312876368015918,0.38193202018737793,False,OPTIMIZED
target_115,FX_ZARGBP - JPX_Gold_Standard_Futures_Close,2,ElasticNet,0.015467538531625628,0.011985930902513127,-0.002089097598239942,0.049255349623747495,0.0064868927001953125,True,OPTIMIZED
target_115,FX_ZARGBP - JPX_Gold_Standard_Futures_Close,2,XGBoost,0.015490467160745692,0.01201934262660061,-0.005062235061106035,0.0,0.2113497257232666,True,OPTIMIZED
target_115,FX_ZARGBP - JPX_Gold_Standard_Futures_Close,2,LightGBM,0.015859449072248944,0.012154679713826106,-0.05351352959585398,0.058185301664258934,0.4325113296508789,True,OPTIMIZED
target_116,LME_ZS_Close - FX_USDJPY,2,Ridge,0.022492307067224847,0.01784343417661525,-0.05647377409137633,0.02942126611059241,0.0078582763671875,False,OPTIMIZED
target_116,LME_ZS_Close - FX_USDJPY,2,Lasso,0.021935288459372104,0.017493355658772147,-0.004794878297886607,0.22398706780144909,0.0064547061920166016,False,OPTIMIZED
target_116,LME_ZS_Close - FX_USDJPY,2,RandomForest,0.023047139376982672,0.018117935102485827,-0.10923807684380127,0.08647751911665985,0.4016387462615967,False,OPTIMIZED
target_116,LME_ZS_Close - FX_USDJPY,2,ElasticNet,0.02175468520133698,0.01737247003499004,0.011682878030813137,0.22717202036023937,0.0036187171936035156,True,OPTIMIZED
target_117,LME_CA_Close - FX_ZAREUR,2,Ridge,0.017135644158800294,0.012576608076726968,-0.047863802921007004,-0.050308001347747024,0.00737309455871582,False,OPTIMIZED
target_117,LME_CA_Close - FX_ZAREUR,2,Lasso,0.01673668188080762,0.012154725090281988,0.0003621507421065484,0.17946974899497684,0.009084939956665039,False,OPTIMIZED
target_117,LME_CA_Close - FX_ZAREUR,2,RandomForest,0.0172643929405215,0.012678990970505358,-0.06366922171428913,0.04309369671062277,0.40058279037475586,False,OPTIMIZED
target_117,LME_CA_Close - FX_ZAREUR,2,ElasticNet,0.016738174229993175,0.01215809537461991,0.00018387463571933882,0.18392528748935819,0.004317760467529297,True,OPTIMIZED
target_117,LME_CA_Close - FX_ZAREUR,2,XGBoost,0.01674309467329518,0.012146739720735135,-0.00040403436518121616,0.0,0.21203994750976562,True,OPTIMIZED
target_117,LME_CA_Close - FX_ZAREUR,2,LightGBM,0.017092778938277955,0.01242541891477342,-0.0426278477141937,-0.03493828398881678,0.38741636276245117,True,OPTIMIZED
target_118,FX_EURCAD - LME_ZS_Close,2,Ridge,0.020849738096807145,0.01655715617022676,-0.03780716558322994,0.17138223803167205,0.005948781967163086,False,OPTIMIZED
target_118,FX_EURCAD - LME_ZS_Close,2,Lasso,0.02047525450944833,0.0163098284165646,-0.0008617096841689875,0.0,0.0051381587982177734,False,OPTIMIZED
target_118,FX_EURCAD - LME_ZS_Close,2,RandomForest,0.020501069610027515,0.01630559786997178,-0.003387063739120233,0.13504759553185852,0.38793492317199707,False,OPTIMIZED
target_118,FX_EURCAD - LME_ZS_Close,2,ElasticNet,0.02038448456168818,0.016232354303692513,0.007992567866061728,0.19316095546004725,0.0039501190185546875,True,OPTIMIZED
target_118,FX_EURCAD - LME_ZS_Close,2,XGBoost,0.020474639377011307,0.016309789323564788,-0.0008015733616413279,0.0,0.32459354400634766,True,OPTIMIZED
target_118,FX_EURCAD - LME_ZS_Close,2,LightGBM,0.02118713682196936,0.01683417927600074,-0.0716673498201581,0.1087793887298513,4.383169889450073,True,OPTIMIZED
target_119,LME_CA_Close - FX_CADCHF,2,Ridge,0.01792048150541389,0.01342309059597549,-0.055739188697793596,-0.054008389982432986,0.007907629013061523,False,OPTIMIZED
target_119,LME_CA_Close - FX_CADCHF,2,Lasso,0.017475627320210355,0.012982073902173714,-0.003974870747185388,0.17391856776636397,0.006780385971069336,False,OPTIMIZED
target_119,LME_CA_Close - FX_CADCHF,2,RandomForest,0.018265743644600565,0.013698247709906273,-0.09681153675876275,0.0451243193748923,0.3379397392272949,False,OPTIMIZED
target_119,LME_CA_Close - FX_CADCHF,2,ElasticNet,0.017491197539193943,0.013018235118590132,-0.005764686031832111,0.17391856776636397,0.00408482551574707,True,OPTIMIZED
target_119,LME_CA_Close - FX_CADCHF,2,XGBoost,0.017465650531125695,0.01295397484539741,-0.0028288648079164425,0.0,0.2818257808685303,True,OPTIMIZED
target_119,LME_CA_Close - FX_CADCHF,2,LightGBM,0.019102115199810303,0.01476606403814538,-0.1995551326859213,0.04282800536012366,1.5650525093078613,True,OPTIMIZED
target_120,LME_AH_Close - FX_AUDCHF,2,Ridge,0.01718209430992189,0.013316128638392466,-0.02052338146135302,-0.003866284976478728,0.008175134658813477,False,OPTIMIZED
target_120,LME_AH_Close - FX_AUDCHF,2,Lasso,0.017019282980126074,0.013030247852140213,-0.0012747888300439492,0.0,0.005274772644042969,False,OPTIMIZED
target_120,LME_AH_Close - FX_AUDCHF,2,RandomForest,0.01881593662389806,0.014361292305919612,-0.22383380621001203,-0.020978042526048298,0.32810521125793457,False,OPTIMIZED
target_120,LME_AH_Close - FX_AUDCHF,2,ElasticNet,0.01701409421950183,0.012969440788865796,-0.0006643538036843477,0.14763822766122167,0.004700422286987305,True,OPTIMIZED
target_120,LME_AH_Close - FX_AUDCHF,2,XGBoost,0.017018409041190657,0.01303205391812353,-0.0011719606959705864,0.0,0.25724220275878906,True,OPTIMIZED
target_120,LME_AH_Close - FX_AUDCHF,2,LightGBM,0.020050292248873038,0.015184393729114435,-0.3896715828780779,-0.18829620598924374,1.1832294464111328,True,OPTIMIZED
target_121,US_Stock_EOG_adj_close - JPX_Gold_Standard_Futures_Close,2,Ridge,0.02767613537598724,0.021095515543518597,-0.13851455168796822,0.11190791124858399,0.007504463195800781,False,OPTIMIZED
target_121,US_Stock_EOG_adj_close - JPX_Gold_Standard_Futures_Close,2,Lasso,0.026080994989487752,0.02004841263448517,-0.011057848273729798,0.023050289691180184,0.005069732666015625,False,OPTIMIZED
target_121,US_Stock_EOG_adj_close - JPX_Gold_Standard_Futures_Close,2,RandomForest,0.0312514619625661,0.022794377529845596,-0.4516715673208649,0.08603018912536421,0.35582709312438965,False,OPTIMIZED
target_121,US_Stock_EOG_adj_close - JPX_Gold_Standard_Futures_Close,2,ElasticNet,0.028411346420881757,0.02176231648008165,-0.19980681485657148,0.05725817157818948,0.17324542999267578,True,OPTIMIZED
target_121,US_Stock_EOG_adj_close - JPX_Gold_Standard_Futures_Close,2,XGBoost,0.02595505294492641,0.019917549933675876,-0.0013168663413571924,0.0,0.3234105110168457,True,OPTIMIZED
target_121,US_Stock_EOG_adj_close - JPX_Gold_Standard_Futures_Close,2,LightGBM,0.026835205915468827,0.020715300755725977,-0.07037894471317307,0.07960436489363454,0.4431893825531006,True,OPTIMIZED
target_122,US_Stock_EWJ_adj_close - JPX_Gold_Standard_Futures_Close,2,Ridge,0.021265311220076383,0.01625888954972649,-0.1102748162521936,0.010065302855437365,0.007905721664428711,False,OPTIMIZED
target_122,US_Stock_EWJ_adj_close - JPX_Gold_Standard_Futures_Close,2,Lasso,0.02021280490771902,0.015262923464953991,-0.003090625009320336,0.0,0.005968332290649414,False,OPTIMIZED
target_122,US_Stock_EWJ_adj_close - JPX_Gold_Standard_Futures_Close,2,RandomForest,0.021700335252769067,0.01656602479742551,-0.1561651909423578,-0.13099855517795728,0.2963700294494629,False,OPTIMIZED
target_122,US_Stock_EWJ_adj_close - JPX_Gold_Standard_Futures_Close,2,ElasticNet,0.02021280490771902,0.015262923464953991,-0.003090625009320336,0.0,0.0031926631927490234,True,OPTIMIZED
target_122,US_Stock_EWJ_adj_close - JPX_Gold_Standard_Futures_Close,2,XGBoost,0.020204546302515492,0.015250975529394454,-0.0022711012354983406,0.0,0.31607770919799805,True,OPTIMIZED
target_122,US_Stock_EWJ_adj_close - JPX_Gold_Standard_Futures_Close,2,LightGBM,0.02084281881673121,0.015882940147014215,-0.0665958991287865,-0.1006257019402865,2.144697666168213,True,OPTIMIZED
target_123,JPX_Platinum_Standard_Futures_Close - US_Stock_XOM_adj_close,2,Ridge,0.028924766483741114,0.022101602176841165,-0.17142059959397682,0.07876944962067364,0.008203268051147461,False,OPTIMIZED
target_123,JPX_Platinum_Standard_Futures_Close - US_Stock_XOM_adj_close,2,Lasso,0.026772988197674152,0.021019453870616295,-0.0036142683108844054,0.0,0.005705833435058594,False,OPTIMIZED
target_123,JPX_Platinum_Standard_Futures_Close - US_Stock_XOM_adj_close,2,RandomForest,0.028850901033791725,0.02201574187616635,-0.1654453031878782,0.022532053052392476,0.32720279693603516,False,OPTIMIZED
target_123,JPX_Platinum_Standard_Futures_Close - US_Stock_XOM_adj_close,2,ElasticNet,0.028459934087600895,0.021810141318756138,-0.1340727464829079,0.05694033010937428,0.07655072212219238,True,OPTIMIZED
target_123,JPX_Platinum_Standard_Futures_Close - US_Stock_XOM_adj_close,2,XGBoost,0.026772192401210003,0.021018944980731986,-0.0035546066242337915,0.0,0.16429448127746582,True,OPTIMIZED
target_123,JPX_Platinum_Standard_Futures_Close - US_Stock_XOM_adj_close,2,LightGBM,0.027876343248248753,0.021920110875598295,-0.08803969701437908,-0.050760639210202706,1.100231409072876,True,OPTIMIZED
target_124,LME_ZS_Close - US_Stock_AMP_adj_close,2,Ridge,0.028801246373737543,0.021946839213594267,-0.028143540842602732,0.12260064018613215,0.007600069046020508,False,OPTIMIZED
target_124,LME_ZS_Close - US_Stock_AMP_adj_close,2,Lasso,0.0284103369017791,0.021848144720448846,-0.0004236607493000033,0.0,0.005483865737915039,False,OPTIMIZED
target_124,LME_ZS_Close - US_Stock_AMP_adj_close,2,RandomForest,0.029095159326023953,0.022029969559162213,-0.049234751772143204,0.07084215046396246,0.3204843997955322,False,OPTIMIZED
target_124,LME_ZS_Close - US_Stock_AMP_adj_close,2,ElasticNet,0.02831554081006478,0.0215981022393116,0.006241380534513508,0.12698749721955577,0.2250983715057373,True,OPTIMIZED
target_124,LME_ZS_Close - US_Stock_AMP_adj_close,2,XGBoost,0.028831856453002503,0.02187702130656897,-0.03033013227822612,0.09704587586713137,0.2397937774658203,True,OPTIMIZED
target_124,LME_ZS_Close - US_Stock_AMP_adj_close,2,LightGBM,0.03012461907971513,0.022940269066384713,-0.12479742914489833,0.03872222083447822,1.7739856243133545,True,OPTIMIZED
target_125,FX_GBPNZD - LME_CA_Close,2,Ridge,0.019516388153586386,0.01459849538999486,-0.04427772646183037,-0.10748076759851541,0.007935285568237305,False,OPTIMIZED
target_125,FX_GBPNZD - LME_CA_Close,2,Lasso,0.01908926143889197,0.014164231035007524,0.000931254786802338,0.12728467555048006,0.0049626827239990234,False,OPTIMIZED
target_125,FX_GBPNZD - LME_CA_Close,2,RandomForest,0.01962697035905488,0.014684048506850398,-0.05614525961833605,-0.010687582465914088,0.3712491989135742,False,OPTIMIZED
target_125,FX_GBPNZD - LME_CA_Close,2,ElasticNet,0.019089249992266563,0.014164858510926533,0.0009324529433982764,0.12728467555048006,0.0036706924438476562,True,OPTIMIZED
target_125,FX_GBPNZD - LME_CA_Close,2,XGBoost,0.01909815836808531,0.014172457737279289,-2.338701430293355e-07,0.0,0.2749626636505127,True,OPTIMIZED
target_125,FX_GBPNZD - LME_CA_Close,2,LightGBM,0.019175263335462853,0.014265131616263188,-0.008091132672478185,-0.0948909154003534,0.20640349388122559,True,OPTIMIZED
target_126,LME_AH_Close - US_Stock_WMB_adj_close,2,Ridge,0.05364363742879965,0.04419853131667249,-3.4894937386904274,0.054831847059509234,0.006169795989990234,False,OPTIMIZED
target_126,LME_AH_Close - US_Stock_WMB_adj_close,2,Lasso,0.025389796623367593,0.01952920766324754,-0.005725304770975992,0.0,0.004464387893676758,False,OPTIMIZED
target_126,LME_AH_Close - US_Stock_WMB_adj_close,2,RandomForest,0.026247248526352105,0.02009278215349717,-0.07480208467364458,-0.06094020052504302,0.38264012336730957,False,OPTIMIZED
target_126,LME_AH_Close - US_Stock_WMB_adj_close,2,ElasticNet,0.025347727340746345,0.01947315368611285,-0.0023952198473404795,0.008928348398285699,0.004935741424560547,True,OPTIMIZED
target_126,LME_AH_Close - US_Stock_WMB_adj_close,2,XGBoost,0.02865883941726764,0.022377541633410283,-0.28138056075014384,-0.1133433964598254,0.23294711112976074,True,OPTIMIZED
target_126,LME_AH_Close - US_Stock_WMB_adj_close,2,LightGBM,0.026824270558778444,0.02083828841696675,-0.12257864154570486,-0.05029987165350489,0.8013544082641602,True,OPTIMIZED
target_127,LME_ZS_Close - FX_EURCHF,2,Ridge,0.02008712035055899,0.015969098598949162,-0.04935541507897634,0.1535652281267602,0.007834434509277344,False,OPTIMIZED
target_127,LME_ZS_Close - FX_EURCHF,2,Lasso,0.019640258632046603,0.015859844219723373,-0.00318643193198187,0.0,0.006125211715698242,False,OPTIMIZED
target_127,LME_ZS_Close - FX_EURCHF,2,RandomForest,0.020394858813043544,0.016094723432067144,-0.08175435208140214,0.08910022453876959,0.35207629203796387,False,OPTIMIZED
target_127,LME_ZS_Close - FX_EURCHF,2,ElasticNet,0.0196016824725656,0.015833906190329945,0.0007504892016598763,0.19250251416548994,0.0034036636352539062,True,OPTIMIZED
target_127,LME_ZS_Close - FX_EURCHF,2,XGBoost,0.01964386207370524,0.015859534744590103,-0.003554579364962507,0.0,0.2677311897277832,True,OPTIMIZED
target_127,LME_ZS_Close - FX_EURCHF,2,LightGBM,0.020233572158373094,0.016071083106065902,-0.06471254167174756,0.06262705060496712,0.529498815536499,True,OPTIMIZED
target_128,JPX_Platinum_Standard_Futures_Close - US_Stock_EWY_adj_close,2,Ridge,0.02649227412840401,0.020595011146962276,-0.0670485390961526,0.11690887543230799,0.008038520812988281,False,OPTIMIZED
target_128,JPX_Platinum_Standard_Futures_Close - US_Stock_EWY_adj_close,2,Lasso,0.025680636205628892,0.020097454396519183,-0.002668225297863147,0.0,0.0060160160064697266,False,OPTIMIZED
target_128,JPX_Platinum_Standard_Futures_Close - US_Stock_EWY_adj_close,2,RandomForest,0.027960263919658623,0.02165553018863167,-0.1885794792529949,-0.041187021602560554,0.36731696128845215,False,OPTIMIZED
target_128,JPX_Platinum_Standard_Futures_Close - US_Stock_EWY_adj_close,2,ElasticNet,0.026136586676566938,0.020420377259772193,-0.03858832199619555,0.10613715053185148,0.22173810005187988,True,OPTIMIZED
target_128,JPX_Platinum_Standard_Futures_Close - US_Stock_EWY_adj_close,2,XGBoost,0.02567675931829562,0.020096164279836737,-0.00236551174417432,0.0,0.31978631019592285,True,OPTIMIZED
target_128,JPX_Platinum_Standard_Futures_Close - US_Stock_EWY_adj_close,2,LightGBM,0.028526657744532405,0.022087242951406506,-0.23722155645820409,-0.07621121340825864,1.4696431159973145,True,OPTIMIZED
target_129,FX_ZARJPY - LME_PB_Close,2,Ridge,0.01835227877902203,0.014547317075631937,-0.12547975152768776,-0.02702052742176508,0.007033586502075195,False,OPTIMIZED
target_129,FX_ZARJPY - LME_PB_Close,2,Lasso,0.01729986936297487,0.013641702088795792,-9.979407337401547e-05,0.0,0.005169391632080078,False,OPTIMIZED
target_129,FX_ZARJPY - LME_PB_Close,2,RandomForest,0.01790153159895713,0.01416499650040714,-0.07087324819527518,0.027867498977615566,0.36179161071777344,False,OPTIMIZED
target_129,FX_ZARJPY - LME_PB_Close,2,ElasticNet,0.01718192294539147,0.013575577881331914,0.013490607097561669,0.16894832007448618,0.003527402877807617,True,OPTIMIZED
target_129,FX_ZARJPY - LME_PB_Close,2,XGBoost,0.017299813205155428,0.01364189263512236,-9.330115353445301e-05,0.0,0.1639692783355713,True,OPTIMIZED
target_129,FX_ZARJPY - LME_PB_Close,2,LightGBM,0.018623505224639403,0.015019287231155731,-0.15899227370511193,0.04465209350895197,3.4045000076293945,True,OPTIMIZED
target_130,JPX_Platinum_Standard_Futures_Close - US_Stock_BKR_adj_close,2,Ridge,0.035720580714202324,0.026464902336313836,-0.15141291725796413,0.001845612382638491,0.008202791213989258,False,OPTIMIZED
target_130,JPX_Platinum_Standard_Futures_Close - US_Stock_BKR_adj_close,2,Lasso,0.03329136239123936,0.02477075677019919,-0.00013174544795147014,0.0,0.006392717361450195,False,OPTIMIZED
target_130,JPX_Platinum_Standard_Futures_Close - US_Stock_BKR_adj_close,2,RandomForest,0.03574935007104289,0.026960633896573553,-0.15326836014425682,-0.11377464846055228,0.3679511547088623,False,OPTIMIZED
target_130,JPX_Platinum_Standard_Futures_Close - US_Stock_BKR_adj_close,2,ElasticNet,0.03536783233656239,0.02620064378010708,-0.12878430502545513,0.014252670401303924,0.21277832984924316,True,OPTIMIZED
target_130,JPX_Platinum_Standard_Futures_Close - US_Stock_BKR_adj_close,2,XGBoost,0.03345008606138599,0.024876898168489474,-0.009691162315349278,-0.023530307251721116,0.26099324226379395,True,OPTIMIZED
target_130,JPX_Platinum_Standard_Futures_Close - US_Stock_BKR_adj_close,2,LightGBM,0.033869396362774,0.025435390766850176,-0.03516359225237742,-0.0931386063173522,0.3164987564086914,True,OPTIMIZED
target_131,LME_ZS_Close - US_Stock_VGIT_adj_close,2,Ridge,0.020910323460988662,0.01661358087121063,0.001047327043324775,0.10929792445042362,0.007606983184814453,False,OPTIMIZED
target_131,LME_ZS_Close - US_Stock_VGIT_adj_close,2,Lasso,0.020928479204976848,0.016692410746652023,-0.0006881413517074719,0.0,0.006030559539794922,False,OPTIMIZED
target_131,LME_ZS_Close - US_Stock_VGIT_adj_close,2,RandomForest,0.021160770440702772,0.01685423134236597,-0.023025273783380262,0.012798964663676277,0.30957984924316406,False,OPTIMIZED
target_131,LME_ZS_Close - US_Stock_VGIT_adj_close,2,ElasticNet,0.020866406943523656,0.016644599272302364,0.005238984189747886,0.17784345771881055,0.0030508041381835938,True,OPTIMIZED
target_131,LME_ZS_Close - US_Stock_VGIT_adj_close,2,XGBoost,0.020928922124065254,0.016692168207595903,-0.0007304978521565086,0.0,0.2131502628326416,True,OPTIMIZED
target_131,LME_ZS_Close - US_Stock_VGIT_adj_close,2,LightGBM,0.022364011724729183,0.018106993034233597,-0.14267528455421874,-0.0006432193440411659,1.9964244365692139,True,OPTIMIZED
target_132,US_Stock_EWZ_adj_close - LME_ZS_Close,2,Ridge,0.025160427461146547,0.02035485464962145,-0.01645015329117383,0.1680607546393273,0.008380413055419922,False,OPTIMIZED
target_132,US_Stock_EWZ_adj_close - LME_ZS_Close,2,Lasso,0.02501693687647973,0.020212676752418165,-0.004889528506931251,0.0,0.005136013031005859,False,OPTIMIZED
target_132,US_Stock_EWZ_adj_close - LME_ZS_Close,2,RandomForest,0.02475016289944877,0.019875422323530335,0.01642795084534443,0.11874816371731417,0.3261725902557373,False,OPTIMIZED
target_132,US_Stock_EWZ_adj_close - LME_ZS_Close,2,ElasticNet,0.025337770811272867,0.02041433116153029,-0.03082955599903303,0.1862442651479196,0.2618429660797119,True,OPTIMIZED
target_132,US_Stock_EWZ_adj_close - LME_ZS_Close,2,XGBoost,0.025020338847518305,0.020215902822035323,-0.005162850339437419,0.0,0.20806169509887695,True,OPTIMIZED
target_132,US_Stock_EWZ_adj_close - LME_ZS_Close,2,LightGBM,0.0256905319870366,0.02045457864815226,-0.05973249195627117,0.16865312307822233,2.0908305644989014,True,OPTIMIZED
target_133,LME_PB_Close - FX_NOKCHF,2,Ridge,0.015814267638463914,0.012488471100821536,0.02149809403295544,0.1800258232445209,0.00757598876953125,False,OPTIMIZED
target_133,LME_PB_Close - FX_NOKCHF,2,Lasso,0.015987509309342427,0.012622733008269006,-5.786045343003643e-05,0.0,0.005869150161743164,False,OPTIMIZED
target_133,LME_PB_Close - FX_NOKCHF,2,RandomForest,0.016096634117958728,0.01268201379826474,-0.013756500409289218,0.09075841634580513,0.3523383140563965,False,OPTIMIZED
target_133,LME_PB_Close - FX_NOKCHF,2,ElasticNet,0.015895491821326102,0.012579969594622032,0.011420849306837733,0.12759409151819587,0.0035021305084228516,True,OPTIMIZED
target_133,LME_PB_Close - FX_NOKCHF,2,XGBoost,0.0159874397582487,0.012622627273975277,-4.915928987214713e-05,0.0,0.14755845069885254,True,OPTIMIZED
target_133,LME_PB_Close - FX_NOKCHF,2,LightGBM,0.016108861595634075,0.012746809523993603,-0.015297244014434774,0.11011916244209702,2.1850013732910156,True,OPTIMIZED
target_134,US_Stock_JNK_adj_close - LME_ZS_Close,2,Ridge,0.020253544640546496,0.016106893565646596,-0.007974364055464589,0.07424142939218002,0.008224248886108398,False,OPTIMIZED
target_134,US_Stock_JNK_adj_close - LME_ZS_Close,2,Lasso,0.020179413755440988,0.016022341336241492,-0.0006092053728223856,0.0,0.0054852962493896484,False,OPTIMIZED
target_134,US_Stock_JNK_adj_close - LME_ZS_Close,2,RandomForest,0.02021439524319752,0.016014357594409653,-0.004081371430592506,0.09254894473963741,0.3424038887023926,False,OPTIMIZED
target_134,US_Stock_JNK_adj_close - LME_ZS_Close,2,ElasticNet,0.02010908292278149,0.01596540427452229,0.006353439189076826,0.17977698160922,0.0059397220611572266,True,OPTIMIZED
target_134,US_Stock_JNK_adj_close - LME_ZS_Close,2,XGBoost,0.020180384701554942,0.01602156770372397,-0.0007054976640070709,0.0,0.16289091110229492,True,OPTIMIZED
target_134,US_Stock_JNK_adj_close - LME_ZS_Close,2,LightGBM,0.020513853075057025,0.01598509864572327,-0.03405082409880622,0.12216365859502688,0.43114185333251953,True,OPTIMIZED
target_135,US_Stock_MS_adj_close - LME_PB_Close,2,Ridge,0.030548904110370336,0.023209409752774173,-0.07990135902064388,0.09493685566550451,0.007856369018554688,False,OPTIMIZED
target_135,US_Stock_MS_adj_close - LME_PB_Close,2,Lasso,0.029499992063976088,0.02159840689998497,-0.007016566996015827,0.0,0.005340099334716797,False,OPTIMIZED
target_135,US_Stock_MS_adj_close - LME_PB_Close,2,RandomForest,0.044457280313402917,0.03718215018336069,-1.2870654823005778,0.04346206046678157,0.3237442970275879,False,OPTIMIZED
target_135,US_Stock_MS_adj_close - LME_PB_Close,2,ElasticNet,0.029488518591865673,0.021613849873778734,-0.006233398673855639,0.06946144430844553,0.004308462142944336,True,OPTIMIZED
target_135,US_Stock_MS_adj_close - LME_PB_Close,2,XGBoost,0.02954937324321543,0.02160858311916348,-0.010390756793529743,-0.03901525731591934,0.28847289085388184,True,OPTIMIZED
target_135,US_Stock_MS_adj_close - LME_PB_Close,2,LightGBM,0.030344410948984973,0.022378755453326443,-0.06549211407646482,0.04391317639138187,2.521991491317749,True,OPTIMIZED
target_136,LME_ZS_Close - US_Stock_TIP_adj_close,2,Ridge,0.020536324364682914,0.016330874481717803,0.008249682148977922,0.10653502527081822,0.00811624526977539,False,OPTIMIZED
target_136,LME_ZS_Close - US_Stock_TIP_adj_close,2,Lasso,0.020630337279049345,0.016464325119941624,-0.0008513381613770576,0.0,0.006450653076171875,False,OPTIMIZED
target_136,LME_ZS_Close - US_Stock_TIP_adj_close,2,RandomForest,0.021051304499501766,0.01668289301515051,-0.04211331343867952,0.07792410547012998,0.37265801429748535,False,OPTIMIZED
target_136,LME_ZS_Close - US_Stock_TIP_adj_close,2,ElasticNet,0.02056066757712789,0.01641540837712032,0.005897099756587698,0.17157928042698106,0.0031783580780029297,True,OPTIMIZED
target_136,LME_ZS_Close - US_Stock_TIP_adj_close,2,XGBoost,0.02063001497534479,0.016464422678879948,-0.0008200661981661028,0.0,0.29953980445861816,True,OPTIMIZED
target_136,LME_ZS_Close - US_Stock_TIP_adj_close,2,LightGBM,0.020783838721644826,0.016605786673762,-0.01580055371087541,0.05839825435669267,0.4305586814880371,True,OPTIMIZED
target_137,LME_AH_Close - US_Stock_EFA_adj_close,2,Ridge,0.02011370324028459,0.015259884389923293,-0.1226307934497024,0.013160571100270845,0.008484601974487305,False,OPTIMIZED
target_137,LME_AH_Close - US_Stock_EFA_adj_close,2,Lasso,0.018989718318661208,0.014330379471111293,-0.0006677875919112175,0.0,0.006021261215209961,False,OPTIMIZED
target_137,LME_AH_Close - US_Stock_EFA_adj_close,2,RandomForest,0.022352085582661548,0.017172082371164334,-0.3864013654486429,-0.04244563711128794,0.38204026222229004,False,OPTIMIZED
target_137,LME_AH_Close - US_Stock_EFA_adj_close,2,ElasticNet,0.019788210758218818,0.015094996698048103,-0.086590562566778,0.038638956194472884,0.19794678688049316,True,OPTIMIZED
target_137,LME_AH_Close - US_Stock_EFA_adj_close,2,XGBoost,0.018989515662668637,0.014330033615376474,-0.0006464296930481783,0.0,0.15448665618896484,True,OPTIMIZED
target_137,LME_AH_Close - US_Stock_EFA_adj_close,2,LightGBM,0.019232752209620747,0.01455474617225196,-0.02644514948015475,-0.03753956557268824,1.8082630634307861,True,OPTIMIZED
target_138,FX_EURUSD - JPX_Gold_Standard_Futures_Close,2,Ridge,0.015864771308837525,0.012067916345897114,-0.09155170671654078,0.042211126478134846,0.008085966110229492,False,OPTIMIZED
target_138,FX_EURUSD - JPX_Gold_Standard_Futures_Close,2,Lasso,0.015206225610668915,0.011367806907431721,-0.0028120415178305436,0.0,0.006032228469848633,False,OPTIMIZED
target_138,FX_EURUSD - JPX_Gold_Standard_Futures_Close,2,RandomForest,0.016956888988420345,0.013352860967338504,-0.24700741173779783,0.019409577728562232,0.3632655143737793,False,OPTIMIZED
target_138,FX_EURUSD - JPX_Gold_Standard_Futures_Close,2,ElasticNet,0.015206225610668915,0.011367806907431721,-0.0028120415178305436,0.0,0.0028574466705322266,True,OPTIMIZED
target_138,FX_EURUSD - JPX_Gold_Standard_Futures_Close,2,XGBoost,0.01520340353356739,0.011363581451625344,-0.002439858391627636,0.0,0.22645807266235352,True,OPTIMIZED
target_138,FX_EURUSD - JPX_Gold_Standard_Futures_Close,2,LightGBM,0.015458363690819129,0.011605110068692035,-0.03634348695434109,0.02489149820267427,0.7280206680297852,True,OPTIMIZED
target_139,US_Stock_DVN_adj_close - LME_ZS_Close,2,Ridge,0.0462879342471226,0.03560994257498026,-0.7433394804125097,0.06272830866915746,0.00804901123046875,False,OPTIMIZED
target_139,US_Stock_DVN_adj_close - LME_ZS_Close,2,Lasso,0.03530152522435985,0.02621623294508357,-0.013989146040048972,-0.03627424041832154,0.00543665885925293,False,OPTIMIZED
target_139,US_Stock_DVN_adj_close - LME_ZS_Close,2,RandomForest,0.0357493701881854,0.02669618883068072,-0.039879835575558964,0.002213947302998835,0.3560152053833008,False,OPTIMIZED
target_139,US_Stock_DVN_adj_close - LME_ZS_Close,2,ElasticNet,0.04297444364891241,0.03260935932574516,-0.5026813373214205,0.07949334656051613,0.23015117645263672,True,OPTIMIZED
target_139,US_Stock_DVN_adj_close - LME_ZS_Close,2,XGBoost,0.03542295254666623,0.026280639935827414,-0.020976818411563514,-0.016665347756302008,0.1929030418395996,True,OPTIMIZED
target_139,US_Stock_DVN_adj_close - LME_ZS_Close,2,LightGBM,0.03723285658211706,0.027533254416841357,-0.12797398044780595,-0.0024209194081549383,2.3081843852996826,True,OPTIMIZED
target_140,JPX_Platinum_Standard_Futures_Close - US_Stock_CCJ_adj_close,2,Ridge,0.043035663798778344,0.033818605155323325,-0.035856888793035946,0.11734803931543923,0.0075931549072265625,False,OPTIMIZED
target_140,JPX_Platinum_Standard_Futures_Close - US_Stock_CCJ_adj_close,2,Lasso,0.04237602904658996,0.033106810993297,-0.0043457858883027,0.027085480754401838,0.006558656692504883,False,OPTIMIZED
target_140,JPX_Platinum_Standard_Futures_Close - US_Stock_CCJ_adj_close,2,RandomForest,0.046744326511348445,0.03638525457360197,-0.22208259868395874,-0.0035069154745189005,0.33607959747314453,False,OPTIMIZED
target_140,JPX_Platinum_Standard_Futures_Close - US_Stock_CCJ_adj_close,2,ElasticNet,0.04334552213566839,0.03399306280498475,-0.050827002331705895,0.06900125101626901,0.27196359634399414,True,OPTIMIZED
target_140,JPX_Platinum_Standard_Futures_Close - US_Stock_CCJ_adj_close,2,XGBoost,0.044614153310744864,0.034833499682753025,-0.11323808896713716,-0.027172538497094362,0.7452166080474854,True,OPTIMIZED
target_140,JPX_Platinum_Standard_Futures_Close - US_Stock_CCJ_adj_close,2,LightGBM,0.04772840124357617,0.03778682205928806,-0.27407947833468693,-0.04648877234701698,2.6302740573883057,True,OPTIMIZED
target_141,LME_PB_Close - FX_NOKGBP,2,Ridge,0.01574605639016553,0.01268604782534705,0.021607540548390425,0.16000972229723995,0.008120536804199219,False,OPTIMIZED
target_141,LME_PB_Close - FX_NOKGBP,2,Lasso,0.015919357703627814,0.01277904935105753,-4.737618228478624e-05,0.0,0.006014585494995117,False,OPTIMIZED
target_141,LME_PB_Close - FX_NOKGBP,2,RandomForest,0.016086441776699194,0.012879858449994968,-0.02114984298640077,0.031527506642283765,0.3262639045715332,False,OPTIMIZED
target_141,LME_PB_Close - FX_NOKGBP,2,ElasticNet,0.01587278185839327,0.012745855130519736,0.005795813616445211,0.12760900932877567,0.015065670013427734,True,OPTIMIZED
target_141,LME_PB_Close - FX_NOKGBP,2,XGBoost,0.015919151934017783,0.012778850922785957,-2.1523628115582838e-05,0.0,0.12207627296447754,True,OPTIMIZED
target_141,LME_PB_Close - FX_NOKGBP,2,LightGBM,0.017520562863680058,0.013642273322059759,-0.21133872241912122,0.0801230462169204,1.3566877841949463,True,OPTIMIZED
target_142,LME_ZS_Close - US_Stock_OXY_adj_close,2,Ridge,0.03187116628955823,0.024099896754847656,-0.10449557685102451,0.08543398125118204,0.007567167282104492,False,OPTIMIZED
target_142,LME_ZS_Close - US_Stock_OXY_adj_close,2,Lasso,0.03052085927713371,0.02339087723871645,-0.012888362557049504,0.03424436744447735,0.008043289184570312,False,OPTIMIZED
target_142,LME_ZS_Close - US_Stock_OXY_adj_close,2,RandomForest,0.03048147896244251,0.023338707109258058,-0.0102762388983908,0.15436818196416524,0.3509023189544678,False,OPTIMIZED
target_142,LME_ZS_Close - US_Stock_OXY_adj_close,2,ElasticNet,0.030561164383137676,0.023406912474858408,-0.015565320530094962,0.04179676766667499,0.004673957824707031,True,OPTIMIZED
target_142,LME_ZS_Close - US_Stock_OXY_adj_close,2,XGBoost,0.03123769611189978,0.023805166919469895,-0.061026081918383435,-0.007862917698801746,0.23485803604125977,True,OPTIMIZED
target_142,LME_ZS_Close - US_Stock_OXY_adj_close,2,LightGBM,0.032079479665132485,0.02444152858691866,-0.11898096578106188,0.0697543574170357,2.953472375869751,True,OPTIMIZED
target_143,LME_ZS_Close - US_Stock_STLD_adj_close,2,Ridge,0.03375188212604839,0.025746690875738935,0.0008280459283979136,0.11575479990912257,0.0072536468505859375,False,OPTIMIZED
target_143,LME_ZS_Close - US_Stock_STLD_adj_close,2,Lasso,0.03383449899284849,0.026075543448837456,-0.004069428279166898,0.0,0.004422664642333984,False,OPTIMIZED
target_143,LME_ZS_Close - US_Stock_STLD_adj_close,2,RandomForest,0.051558904025863696,0.04160305099393373,-1.331586854609585,0.11233827330547534,0.419053316116333,False,OPTIMIZED
target_143,LME_ZS_Close - US_Stock_STLD_adj_close,2,ElasticNet,0.03362759820073523,0.025785339093931173,0.008172962418692586,0.08711860334271843,0.20737552642822266,True,OPTIMIZED
target_143,LME_ZS_Close - US_Stock_STLD_adj_close,2,XGBoost,0.036929687363226375,0.028691106852340238,-0.19617716098141513,0.08503482393215515,0.1826159954071045,True,OPTIMIZED
target_143,LME_ZS_Close - US_Stock_STLD_adj_close,2,LightGBM,0.03507547445890514,0.02707696823836637,-0.07907430855418851,0.0109834981378458,1.1293585300445557,True,OPTIMIZED
target_144,LME_PB_Close - US_Stock_HES_adj_close,2,Ridge,0.026725602511449426,0.019753192899522796,-0.04632270285788831,0.056772861946136684,0.007936477661132812,False,OPTIMIZED
target_144,LME_PB_Close - US_Stock_HES_adj_close,2,Lasso,0.026156732932911427,0.01935391112872173,-0.0022536237700709894,0.0,0.005909919738769531,False,OPTIMIZED
target_144,LME_PB_Close - US_Stock_HES_adj_close,2,RandomForest,0.026750172867936118,0.020519157526113108,-0.048247474390854306,0.11535458449470233,0.3517911434173584,False,OPTIMIZED
target_144,LME_PB_Close - US_Stock_HES_adj_close,2,ElasticNet,0.026172431878956383,0.019482029750276835,-0.003457065146073468,0.07469895196850156,0.012222766876220703,True,OPTIMIZED
target_144,LME_PB_Close - US_Stock_HES_adj_close,2,XGBoost,0.02679510886877909,0.020366402167432688,-0.051772207726251906,0.13358785094528627,0.39078807830810547,True,OPTIMIZED
target_144,LME_PB_Close - US_Stock_HES_adj_close,2,LightGBM,0.027457850943724764,0.02095992337819065,-0.10444406331340583,0.11863153657820592,3.146101474761963,True,OPTIMIZED
target_145,FX_ZARCHF - JPX_Gold_Standard_Futures_Close,2,Ridge,0.016424140473672307,0.012506371412470752,-0.09188418007125243,0.10636287190165379,0.008617639541625977,False,OPTIMIZED
target_145,FX_ZARCHF - JPX_Gold_Standard_Futures_Close,2,Lasso,0.01574741659933542,0.012037720448997468,-0.0037600482987474315,0.0,0.0063817501068115234,False,OPTIMIZED
target_145,FX_ZARCHF - JPX_Gold_Standard_Futures_Close,2,RandomForest,0.016328452513496926,0.012422211194108553,-0.07919848532191809,-0.09791313079664499,0.3343949317932129,False,OPTIMIZED
target_145,FX_ZARCHF - JPX_Gold_Standard_Futures_Close,2,ElasticNet,0.015770340429223827,0.0120515813415312,-0.006684562618625378,0.04719219834344168,0.0038585662841796875,True,OPTIMIZED
target_145,FX_ZARCHF - JPX_Gold_Standard_Futures_Close,2,XGBoost,0.015745162925309666,0.012035615818072033,-0.0034727648497734354,0.0,0.4034843444824219,True,OPTIMIZED
target_145,FX_ZARCHF - JPX_Gold_Standard_Futures_Close,2,LightGBM,0.015851202912605587,0.012025044628774831,-0.01703458787271117,0.01518409931100387,0.4521796703338623,True,OPTIMIZED
target_146,US_Stock_XLE_adj_close - LME_PB_Close,2,Ridge,0.02356401412815485,0.018289991261084448,-0.06695876838752568,0.07816676242100266,0.008045434951782227,False,OPTIMIZED
target_146,US_Stock_XLE_adj_close - LME_PB_Close,2,Lasso,0.02281348864594452,0.017260997618625942,-7.482197827646253e-05,0.0,0.006367921829223633,False,OPTIMIZED
target_146,US_Stock_XLE_adj_close - LME_PB_Close,2,RandomForest,0.023725622456629056,0.018483951859639268,-0.0816439324502023,0.16271427262984225,0.30277085304260254,False,OPTIMIZED
target_146,US_Stock_XLE_adj_close - LME_PB_Close,2,ElasticNet,0.023004572130718506,0.01763698321925347,-0.01689803502480558,0.11894383562132668,0.21698307991027832,True,OPTIMIZED
target_146,US_Stock_XLE_adj_close - LME_PB_Close,2,XGBoost,0.023042817656836953,0.017436251423042906,-0.020282069233781286,0.08375586821848777,0.33097267150878906,True,OPTIMIZED
target_146,US_Stock_XLE_adj_close - LME_PB_Close,2,LightGBM,0.023509131610708247,0.01808761972456731,-0.06199448764709392,0.1469463288025474,1.0685269832611084,True,OPTIMIZED
target_147,JPX_Platinum_Standard_Futures_Close - US_Stock_ALB_adj_close,2,Ridge,0.0524750852619326,0.03966140082828549,-0.0581935966803071,0.07687945571586521,0.007618427276611328,False,OPTIMIZED
target_147,JPX_Platinum_Standard_Futures_Close - US_Stock_ALB_adj_close,2,Lasso,0.05122659703391738,0.03853894414909158,-0.008439473513792928,0.0,0.005529165267944336,False,OPTIMIZED
target_147,JPX_Platinum_Standard_Futures_Close - US_Stock_ALB_adj_close,2,RandomForest,0.05102487594293631,0.03823352910374452,-0.0005130056236521963,0.210862426002533,0.32795262336730957,False,OPTIMIZED
target_147,JPX_Platinum_Standard_Futures_Close - US_Stock_ALB_adj_close,2,ElasticNet,0.052156855421072464,0.0393518233388252,-0.045397897968924905,0.05816324454121812,0.11009931564331055,True,OPTIMIZED
target_147,JPX_Platinum_Standard_Futures_Close - US_Stock_ALB_adj_close,2,XGBoost,0.051227015552107236,0.03853900239988763,-0.008455951359737535,0.0,0.35373902320861816,True,OPTIMIZED
target_147,JPX_Platinum_Standard_Futures_Close - US_Stock_ALB_adj_close,2,LightGBM,0.05272206136142626,0.04023004251502394,-0.06817789873096536,-0.12437970039565448,0.8334577083587646,True,OPTIMIZED
target_148,US_Stock_IEMG_adj_close - JPX_Platinum_Standard_Futures_Close,2,Ridge,0.0234532644704737,0.017797944582005443,-0.1003687052648301,0.12182340224097614,0.007602691650390625,False,OPTIMIZED
target_148,US_Stock_IEMG_adj_close - JPX_Platinum_Standard_Futures_Close,2,Lasso,0.022362708576163737,0.01677388156537106,-0.00041555818642824427,0.0,0.005853176116943359,False,OPTIMIZED
target_148,US_Stock_IEMG_adj_close - JPX_Platinum_Standard_Futures_Close,2,RandomForest,0.02486767187630336,0.018847223527317727,-0.2370916776915899,-0.12029582513292653,0.3283195495605469,False,OPTIMIZED
target_148,US_Stock_IEMG_adj_close - JPX_Platinum_Standard_Futures_Close,2,ElasticNet,0.022391944447133987,0.01675068220516164,-0.0030330531795021987,0.10334363411020377,0.00408482551574707,True,OPTIMIZED
target_148,US_Stock_IEMG_adj_close - JPX_Platinum_Standard_Futures_Close,2,XGBoost,0.022364669773367936,0.016774999759601127,-0.0005910376658271321,0.0,0.22193288803100586,True,OPTIMIZED
target_148,US_Stock_IEMG_adj_close - JPX_Platinum_Standard_Futures_Close,2,LightGBM,0.025809064914206554,0.019491212369310573,-0.3325274632243955,-0.10700850129026192,1.5713586807250977,True,OPTIMIZED
target_149,JPX_Platinum_Standard_Futures_Close - US_Stock_KMI_adj_close,2,Ridge,0.03439906677645565,0.026735803877717075,-0.3400981103808616,0.10986713645186202,0.007480621337890625,False,OPTIMIZED
target_149,JPX_Platinum_Standard_Futures_Close - US_Stock_KMI_adj_close,2,Lasso,0.029717861801290154,0.02221140542723368,-0.0001805184093408574,0.0,0.00612640380859375,False,OPTIMIZED
target_149,JPX_Platinum_Standard_Futures_Close - US_Stock_KMI_adj_close,2,RandomForest,0.033060680675255076,0.025369827260020378,-0.23784667752576993,0.016530663464995283,0.32578468322753906,False,OPTIMIZED
target_149,JPX_Platinum_Standard_Futures_Close - US_Stock_KMI_adj_close,2,ElasticNet,0.02970560197986294,0.02220018606473866,0.0006445413032151182,0.09733759318423853,0.0038690567016601562,True,OPTIMIZED
target_149,JPX_Platinum_Standard_Futures_Close - US_Stock_KMI_adj_close,2,XGBoost,0.03210873440229176,0.02447037961432066,-0.16758807059112457,-0.037671772479773935,0.3591318130493164,True,OPTIMIZED
target_149,JPX_Platinum_Standard_Futures_Close - US_Stock_KMI_adj_close,2,LightGBM,0.030878599510442903,0.023137067307994953,-0.07983764390603998,-0.042985151570650436,7.383371591567993,True,OPTIMIZED
target_150,LME_AH_Close - US_Stock_WPM_adj_close,2,Ridge,0.03303466676040816,0.02608767638617269,-0.20769134866339822,-0.03927593069051366,0.008036375045776367,False,OPTIMIZED
target_150,LME_AH_Close - US_Stock_WPM_adj_close,2,Lasso,0.03019871232224095,0.023676832359996354,-0.009236490664738195,0.0,0.005823850631713867,False,OPTIMIZED
target_150,LME_AH_Close - US_Stock_WPM_adj_close,2,RandomForest,0.032603640793450676,0.02567770097763704,-0.17638179300830337,-0.0064298144506972224,0.3433797359466553,False,OPTIMIZED
target_150,LME_AH_Close - US_Stock_WPM_adj_close,2,ElasticNet,0.03284935189016727,0.025899856942952736,-0.19417975904382212,-0.032615948984944555,0.2390742301940918,True,OPTIMIZED
target_150,LME_AH_Close - US_Stock_WPM_adj_close,2,XGBoost,0.030195256053756492,0.023674606529964278,-0.009005487923592792,0.0,0.17290425300598145,True,OPTIMIZED
target_150,LME_AH_Close - US_Stock_WPM_adj_close,2,LightGBM,0.031095823816584857,0.02437452771354262,-0.07008981088553545,-0.05051725183866167,1.1987333297729492,True,OPTIMIZED
target_151,LME_CA_Close - US_Stock_VALE_adj_close,2,Ridge,0.027054377729661537,0.022229270221697253,-0.5313831668819997,0.13542577373666723,0.0074460506439208984,False,OPTIMIZED
target_151,LME_CA_Close - US_Stock_VALE_adj_close,2,Lasso,0.021950786679617775,0.01718329539676839,-0.008112381869969543,0.0,0.004380941390991211,False,OPTIMIZED
target_151,LME_CA_Close - US_Stock_VALE_adj_close,2,RandomForest,0.022596036273036003,0.017895636886386974,-0.06825097247513212,-0.0022725299247168705,0.3405799865722656,False,OPTIMIZED
target_151,LME_CA_Close - US_Stock_VALE_adj_close,2,ElasticNet,0.026031150445776294,0.0213710415142386,-0.41773641571558295,0.1169969299137735,0.2725379467010498,True,OPTIMIZED
target_151,LME_CA_Close - US_Stock_VALE_adj_close,2,XGBoost,0.021950143605387502,0.017182436941910566,-0.008053315048607956,0.0,0.17035126686096191,True,OPTIMIZED
target_151,LME_CA_Close - US_Stock_VALE_adj_close,2,LightGBM,0.026195188550551557,0.021075760403894236,-0.435660752557292,0.04331158936734337,2.183910369873047,True,OPTIMIZED
target_152,US_Stock_ENB_adj_close - LME_PB_Close,2,Ridge,0.022007198822262576,0.01774128425523531,-0.2533104222005229,0.11438093334903465,0.008452653884887695,False,OPTIMIZED
target_152,US_Stock_ENB_adj_close - LME_PB_Close,2,Lasso,0.01973712351481345,0.015796533454321943,-0.00808426251951766,0.0,0.0058422088623046875,False,OPTIMIZED
target_152,US_Stock_ENB_adj_close - LME_PB_Close,2,RandomForest,0.020833063053251166,0.016850822344854466,-0.12314382473118157,0.11889774269560945,0.32825541496276855,False,OPTIMIZED
target_152,US_Stock_ENB_adj_close - LME_PB_Close,2,ElasticNet,0.020675015173998754,0.016602555653603624,-0.10616723644796977,0.12640018413380388,0.0944068431854248,True,OPTIMIZED
target_152,US_Stock_ENB_adj_close - LME_PB_Close,2,XGBoost,0.01974235532832716,0.015798243390795937,-0.008618768764082851,0.0,0.1343979835510254,True,OPTIMIZED
target_152,US_Stock_ENB_adj_close - LME_PB_Close,2,LightGBM,0.02068445371154265,0.01660582597109132,-0.10717743973629501,0.1785488281691414,1.164595603942871,True,OPTIMIZED
target_153,FX_EURJPY - JPX_Gold_Standard_Futures_Close,2,Ridge,0.01594770143054747,0.01254316962053097,-0.21549059819025684,0.06177964509362419,0.007743120193481445,False,OPTIMIZED
target_153,FX_EURJPY - JPX_Gold_Standard_Futures_Close,2,Lasso,0.014540961422724048,0.011209825300757792,-0.01051242032291655,0.0,0.005824565887451172,False,OPTIMIZED
target_153,FX_EURJPY - JPX_Gold_Standard_Futures_Close,2,RandomForest,0.016624816395068503,0.013106822068989577,-0.32089752555805573,0.011507813053482375,0.33568644523620605,False,OPTIMIZED
target_153,FX_EURJPY - JPX_Gold_Standard_Futures_Close,2,ElasticNet,0.014546709943267847,0.011217624826478086,-0.011311555878524837,0.11185803744967641,0.0032835006713867188,True,OPTIMIZED
target_153,FX_EURJPY - JPX_Gold_Standard_Futures_Close,2,XGBoost,0.014539854431054582,0.011208443600447286,-0.01035856718782946,0.0,0.1938481330871582,True,OPTIMIZED
target_153,FX_EURJPY - JPX_Gold_Standard_Futures_Close,2,LightGBM,0.014540961422268442,0.011209825300191191,-0.010512420259592758,0.0,0.2704896926879883,True,OPTIMIZED
target_154,US_Stock_OKE_adj_close - JPX_Gold_Standard_Futures_Close,2,Ridge,0.04378425442311887,0.03207769498231805,-1.442794848915228,0.07368669940046182,0.007211923599243164,False,OPTIMIZED
target_154,US_Stock_OKE_adj_close - JPX_Gold_Standard_Futures_Close,2,Lasso,0.028050992122758002,0.019972610958147664,-0.0026457804880379854,-0.008077243229153038,0.006151676177978516,False,OPTIMIZED
target_154,US_Stock_OKE_adj_close - JPX_Gold_Standard_Futures_Close,2,RandomForest,0.03563763638794701,0.024371087750151205,-0.6183366248074191,0.020330807075073568,0.35225629806518555,False,OPTIMIZED
target_154,US_Stock_OKE_adj_close - JPX_Gold_Standard_Futures_Close,2,ElasticNet,0.03670808050249051,0.027433900459885918,-0.7170163431520826,0.05841170354306024,0.22934722900390625,True,OPTIMIZED
target_154,US_Stock_OKE_adj_close - JPX_Gold_Standard_Futures_Close,2,XGBoost,0.028907607125674403,0.02066686440517989,-0.0648179546415324,0.043983435283658764,0.2236347198486328,True,OPTIMIZED
target_154,US_Stock_OKE_adj_close - JPX_Gold_Standard_Futures_Close,2,LightGBM,0.03127625097571048,0.02356210617092693,-0.24646605810075117,0.0162608858280497,1.3583366870880127,True,OPTIMIZED
target_155,FX_CADUSD - LME_AH_Close,2,Ridge,0.01714022757406865,0.013282594419148292,-0.033544748330749385,-0.02046749331913569,0.007840394973754883,False,OPTIMIZED
target_155,FX_CADUSD - LME_AH_Close,2,Lasso,0.016864293546038158,0.013012392872156218,-0.000535317138983693,0.0,0.004851818084716797,False,OPTIMIZED
target_155,FX_CADUSD - LME_AH_Close,2,RandomForest,0.01905404685342271,0.014771898050494602,-0.27723430455168785,0.14918967996152233,0.3771786689758301,False,OPTIMIZED
target_155,FX_CADUSD - LME_AH_Close,2,ElasticNet,0.016858516807398354,0.012988689300913727,0.00015001736282738154,0.09684565467326137,0.004392862319946289,True,OPTIMIZED
target_155,FX_CADUSD - LME_AH_Close,2,XGBoost,0.018895538941580265,0.014491602477675862,-0.2560724316497649,0.05869289603291926,0.2689807415008545,True,OPTIMIZED
target_155,FX_CADUSD - LME_AH_Close,2,LightGBM,0.01906802834518573,0.014720071778839033,-0.2791094120122759,-0.038874013945580856,1.1637928485870361,True,OPTIMIZED
target_156,LME_CA_Close - US_Stock_RY_adj_close,2,Ridge,0.023201117866121748,0.018167573941801393,-0.28740879780932005,0.0641036620978169,0.008269309997558594,False,OPTIMIZED
target_156,LME_CA_Close - US_Stock_RY_adj_close,2,Lasso,0.020448709703245666,0.015184534219224506,-7.016466798592802e-05,0.15935394965819866,0.007082939147949219,False,OPTIMIZED
target_156,LME_CA_Close - US_Stock_RY_adj_close,2,RandomForest,0.02349238850874787,0.018346505129729213,-0.3199363853006698,0.05356265604685658,0.35081028938293457,False,OPTIMIZED
target_156,LME_CA_Close - US_Stock_RY_adj_close,2,ElasticNet,0.020466128662447704,0.015193396825778308,-0.001774683067867544,0.0,0.0034775733947753906,True,OPTIMIZED
target_156,LME_CA_Close - US_Stock_RY_adj_close,2,XGBoost,0.02046512983341323,0.015192625010630678,-0.0016769042217290586,0.0,0.27236056327819824,True,OPTIMIZED
target_156,LME_CA_Close - US_Stock_RY_adj_close,2,LightGBM,0.0225598374599406,0.017259104083778683,-0.21722421788232538,0.05105490351412465,1.293736219406128,True,OPTIMIZED
target_157,US_Stock_TECK_adj_close - LME_CA_Close,2,Ridge,0.030056467112021448,0.021949897231479217,-0.031192563311406962,0.13553580201096,0.007901430130004883,False,OPTIMIZED
target_157,US_Stock_TECK_adj_close - LME_CA_Close,2,Lasso,0.029826966362010834,0.02211624685387253,-0.015505028177212887,-0.04749652964875406,0.007048130035400391,False,OPTIMIZED
target_157,US_Stock_TECK_adj_close - LME_CA_Close,2,RandomForest,0.030466094820714492,0.022756172937958074,-0.05949152746096398,-0.00652497403927474,0.35465216636657715,False,OPTIMIZED
target_157,US_Stock_TECK_adj_close - LME_CA_Close,2,ElasticNet,0.029705401862623357,0.02186045115714051,-0.007244195330563308,0.12224111536553771,0.24300074577331543,True,OPTIMIZED
target_157,US_Stock_TECK_adj_close - LME_CA_Close,2,XGBoost,0.03218727054110854,0.024322847176768875,-0.18258457497975678,0.011377815683013893,0.26263952255249023,True,OPTIMIZED
target_157,US_Stock_TECK_adj_close - LME_CA_Close,2,LightGBM,0.03228898427611142,0.02433665715089412,-0.1900704627958878,0.02728820151946073,2.3371081352233887,True,OPTIMIZED
target_158,LME_PB_Close - US_Stock_SLB_adj_close,2,Ridge,0.029768127136826188,0.022095613719337066,-0.02861657710225618,0.03900442848935342,0.007948875427246094,False,OPTIMIZED
target_158,LME_PB_Close - US_Stock_SLB_adj_close,2,Lasso,0.02937169555660899,0.02187389163778054,-0.0014021775190093955,0.0,0.006448507308959961,False,OPTIMIZED
target_158,LME_PB_Close - US_Stock_SLB_adj_close,2,RandomForest,0.029948484646139677,0.022691060772179337,-0.041118588290629976,-0.006610022921565898,0.32814693450927734,False,OPTIMIZED
target_158,LME_PB_Close - US_Stock_SLB_adj_close,2,ElasticNet,0.029500768340335142,0.021688197806392903,-0.010222762410294184,0.12190121721008737,0.046080589294433594,True,OPTIMIZED
target_158,LME_PB_Close - US_Stock_SLB_adj_close,2,XGBoost,0.029378423428850827,0.021884271009348265,-0.0018609918576468765,-0.07588785114777284,0.2722282409667969,True,OPTIMIZED
target_158,LME_PB_Close - US_Stock_SLB_adj_close,2,LightGBM,0.030856128319595312,0.023254108452165505,-0.10518087085431338,0.018956682165784656,1.03037691116333,True,OPTIMIZED
target_159,US_Stock_SPYV_adj_close - JPX_Platinum_Standard_Futures_Close,2,Ridge,0.024448899907530207,0.019055978578632483,-0.048048695911151906,0.12328237210514736,0.00725245475769043,False,OPTIMIZED
target_159,US_Stock_SPYV_adj_close - JPX_Platinum_Standard_Futures_Close,2,Lasso,0.02396316277586115,0.018194957712174952,-0.006818280769990803,0.0,0.0046956539154052734,False,OPTIMIZED
target_159,US_Stock_SPYV_adj_close - JPX_Platinum_Standard_Futures_Close,2,RandomForest,0.025986610849341583,0.019550536644450257,-0.18402835395801276,-0.06892217826061255,0.3440396785736084,False,OPTIMIZED
target_159,US_Stock_SPYV_adj_close - JPX_Platinum_Standard_Futures_Close,2,ElasticNet,0.02407682030604587,0.018207162895958907,-0.016391629449308498,0.13462737448411324,0.0042154788970947266,True,OPTIMIZED
target_159,US_Stock_SPYV_adj_close - JPX_Platinum_Standard_Futures_Close,2,XGBoost,0.02396417597577968,0.018195192250897742,-0.006903422266167691,0.0,0.14519333839416504,True,OPTIMIZED
target_159,US_Stock_SPYV_adj_close - JPX_Platinum_Standard_Futures_Close,2,LightGBM,0.026409830640352596,0.020004631092091475,-0.2229087408628465,-0.07373011189376341,3.4487643241882324,True,OPTIMIZED
target_160,LME_AH_Close - US_Stock_EEM_adj_close,2,Ridge,0.01967504640128715,0.015135875816176184,-0.1594699470006571,-0.005826145810658587,0.008149385452270508,False,OPTIMIZED
target_160,LME_AH_Close - US_Stock_EEM_adj_close,2,Lasso,0.018318585287480094,0.013666280377410914,-0.005105911966755583,0.0,0.005762338638305664,False,OPTIMIZED
target_160,LME_AH_Close - US_Stock_EEM_adj_close,2,RandomForest,0.018931045946705964,0.013848485309081867,-0.07343854271017025,-0.008424449265698773,0.3652479648590088,False,OPTIMIZED
target_160,LME_AH_Close - US_Stock_EEM_adj_close,2,ElasticNet,0.019426237177918252,0.01484693590946368,-0.13033022154291585,0.0011618391017886433,0.24799752235412598,True,OPTIMIZED
target_160,LME_AH_Close - US_Stock_EEM_adj_close,2,XGBoost,0.018321332637653766,0.013668828238338109,-0.00540741832533298,0.0,0.2567260265350342,True,OPTIMIZED
target_160,LME_AH_Close - US_Stock_EEM_adj_close,2,LightGBM,0.020304778560809134,0.015041759477663001,-0.23487921531242395,-0.05592766919672222,2.7269880771636963,True,OPTIMIZED
target_161,LME_PB_Close - FX_AUDUSD,2,Ridge,0.01513973574656936,0.011682614566414222,0.0037793928342984007,0.11923651674267034,0.008630752563476562,False,OPTIMIZED
target_161,LME_PB_Close - FX_AUDUSD,2,Lasso,0.015168932380588555,0.011811126767238151,-6.668943267018612e-05,0.0,0.0045850276947021484,False,OPTIMIZED
target_161,LME_PB_Close - FX_AUDUSD,2,RandomForest,0.015400363213535717,0.011771458040175202,-0.030815306008844967,0.06910007021659118,0.33233046531677246,False,OPTIMIZED
target_161,LME_PB_Close - FX_AUDUSD,2,ElasticNet,0.015138881003363141,0.011772392577734873,0.0038918768000979487,0.090551116041991,0.0037245750427246094,True,OPTIMIZED
target_161,LME_PB_Close - FX_AUDUSD,2,XGBoost,0.015168665743605186,0.011811341741585935,-3.153172810099747e-05,0.0,0.21540451049804688,True,OPTIMIZED
target_161,LME_PB_Close - FX_AUDUSD,2,LightGBM,0.015495662009354323,0.011980421776802426,-0.04361232914562918,0.10796250999879115,2.172774314880371,True,OPTIMIZED
target_162,FX_NOKEUR - LME_PB_Close,2,Ridge,0.0154418857562317,0.012318949679336689,0.020465681775684308,0.1702309945807195,0.008156776428222656,False,OPTIMIZED
target_162,FX_NOKEUR - LME_PB_Close,2,Lasso,0.015605326879023105,0.0123490743509402,-0.00037936812917349627,0.0,0.004339694976806641,False,OPTIMIZED
target_162,FX_NOKEUR - LME_PB_Close,2,RandomForest,0.015734739970011593,0.01245203724462694,-0.017040216611910353,0.09402310203010825,0.37203073501586914,False,OPTIMIZED
target_162,FX_NOKEUR - LME_PB_Close,2,ElasticNet,0.015553974064529475,0.012331296858948801,0.006193742514857825,0.14221200266462958,0.002749204635620117,True,OPTIMIZED
target_162,FX_NOKEUR - LME_PB_Close,2,XGBoost,0.015606518427980666,0.012349385604122074,-0.0005321424363418092,0.0,0.33171606063842773,True,OPTIMIZED
target_162,FX_NOKEUR - LME_PB_Close,2,LightGBM,0.015882911174116908,0.012626033495574833,-0.036284972185806286,0.10923746839610386,0.7199270725250244,True,OPTIMIZED
target_163,LME_PB_Close - US_Stock_URA_adj_close,2,Ridge,0.03342823755026656,0.025610652733492816,-0.027811978772253054,0.08360602502935079,0.007526397705078125,False,OPTIMIZED
target_163,LME_PB_Close - US_Stock_URA_adj_close,2,Lasso,0.03297286986092873,0.02538406269843599,-4.892171772130638e-07,0.0,0.006159305572509766,False,OPTIMIZED
target_163,LME_PB_Close - US_Stock_URA_adj_close,2,RandomForest,0.03356424650964147,0.02611208693765563,-0.036192679160982566,-0.05020441469121308,0.3492105007171631,False,OPTIMIZED
target_163,LME_PB_Close - US_Stock_URA_adj_close,2,ElasticNet,0.03352162228502809,0.025725882756639114,-0.03356256708279859,-0.011609767180171595,0.2391645908355713,True,OPTIMIZED
target_163,LME_PB_Close - US_Stock_URA_adj_close,2,XGBoost,0.032973788090689626,0.025382816534526512,-5.6186097639132626e-05,0.0,0.16273045539855957,True,OPTIMIZED
target_163,LME_PB_Close - US_Stock_URA_adj_close,2,LightGBM,0.03360993227087088,0.02619153925449277,-0.0390154131124234,-0.07457270370991549,1.5106959342956543,True,OPTIMIZED
target_164,LME_AH_Close - US_Stock_VWO_adj_close,2,Ridge,0.019392242883406137,0.014892587348487083,-0.15343257918073538,0.0048822816414553225,0.007954597473144531,False,OPTIMIZED
target_164,LME_AH_Close - US_Stock_VWO_adj_close,2,Lasso,0.018084623545249968,0.013446060674560457,-0.0031250500219581756,0.0,0.0061948299407958984,False,OPTIMIZED
target_164,LME_AH_Close - US_Stock_VWO_adj_close,2,RandomForest,0.01895090932021427,0.014150774775549569,-0.10152976569052719,0.013558754503724903,0.3154177665710449,False,OPTIMIZED
target_164,LME_AH_Close - US_Stock_VWO_adj_close,2,ElasticNet,0.019207477331974362,0.014696092174476408,-0.13155792029106328,0.018624515726906255,0.28821682929992676,True,OPTIMIZED
target_164,LME_AH_Close - US_Stock_VWO_adj_close,2,XGBoost,0.01808402118813966,0.013445522911317821,-0.003058227570057248,0.0,0.22742557525634766,True,OPTIMIZED
target_164,LME_AH_Close - US_Stock_VWO_adj_close,2,LightGBM,0.01844180623379261,0.013651930587987112,-0.04314105762470399,-0.011842313424757908,0.5381474494934082,True,OPTIMIZED
target_165,LME_CA_Close - US_Stock_TRGP_adj_close,2,Ridge,0.06222452028563087,0.04829742746164198,-3.2355180671848736,0.0890771066251295,0.006301403045654297,False,OPTIMIZED
target_165,LME_CA_Close - US_Stock_TRGP_adj_close,2,Lasso,0.030239255372503392,0.022117847566660607,-0.0002892687864928245,0.020708808090468215,0.008382081985473633,False,OPTIMIZED
target_165,LME_CA_Close - US_Stock_TRGP_adj_close,2,RandomForest,0.030549679746614353,0.02231025438905435,-0.020931839173139233,0.10140651819391858,0.355238676071167,False,OPTIMIZED
target_165,LME_CA_Close - US_Stock_TRGP_adj_close,2,ElasticNet,0.0302585785279459,0.022134434450412216,-0.0015680648686575704,0.02082329697047555,0.0074117183685302734,True,OPTIMIZED
target_165,LME_CA_Close - US_Stock_TRGP_adj_close,2,XGBoost,0.03209298779364645,0.022884960849478508,-0.12668814893072966,-0.07434889612225304,0.249619722366333,True,OPTIMIZED
target_165,LME_CA_Close - US_Stock_TRGP_adj_close,2,LightGBM,0.032109880640600115,0.023883853190117585,-0.12787457506202138,-0.07376949730757838,2.065666675567627,True,OPTIMIZED
target_166,US_Stock_IAU_adj_close - LME_ZS_Close,2,Ridge,0.023043161489072175,0.018210199557907533,-0.10179112377743849,0.0666414493756936,0.007216691970825195,False,OPTIMIZED
target_166,US_Stock_IAU_adj_close - LME_ZS_Close,2,Lasso,0.02199110710199651,0.017334060588727752,-0.0034814063399117856,0.0,0.004552602767944336,False,OPTIMIZED
target_166,US_Stock_IAU_adj_close - LME_ZS_Close,2,RandomForest,0.02210604665846486,0.01750367880049187,-0.013998487329375253,0.044855553692013606,0.36808061599731445,False,OPTIMIZED
target_166,US_Stock_IAU_adj_close - LME_ZS_Close,2,ElasticNet,0.021959192048408394,0.01731190298373899,-0.0005708731511426812,0.10820507605035369,0.004304170608520508,True,OPTIMIZED
target_166,US_Stock_IAU_adj_close - LME_ZS_Close,2,XGBoost,0.02199800860079978,0.017344211934680862,-0.004111353019392139,0.0,0.1428821086883545,True,OPTIMIZED
target_166,US_Stock_IAU_adj_close - LME_ZS_Close,2,LightGBM,0.022190183588011746,0.017545732992335604,-0.021731853413313518,0.051961893342754126,1.4088919162750244,True,OPTIMIZED
target_167,LME_ZS_Close - US_Stock_VTV_adj_close,2,Ridge,0.02209267928406203,0.017329173057387376,-0.003962633310274244,0.1277104127190306,0.008432865142822266,False,OPTIMIZED
target_167,LME_ZS_Close - US_Stock_VTV_adj_close,2,Lasso,0.022053572005367363,0.017223567884205558,-0.0004114572820888007,0.0,0.0062677860260009766,False,OPTIMIZED
target_167,LME_ZS_Close - US_Stock_VTV_adj_close,2,RandomForest,0.022435622062488076,0.017335689831743595,-0.03537340189037952,0.029786735467049207,0.33672380447387695,False,OPTIMIZED
target_167,LME_ZS_Close - US_Stock_VTV_adj_close,2,ElasticNet,0.022001946759788088,0.017184396878467526,0.0042667905295163955,0.12488119920113523,0.0048389434814453125,True,OPTIMIZED
target_167,LME_ZS_Close - US_Stock_VTV_adj_close,2,XGBoost,0.02205330333364116,0.017224077655441886,-0.0003870820347746662,0.0,0.36350417137145996,True,OPTIMIZED
target_167,LME_ZS_Close - US_Stock_VTV_adj_close,2,LightGBM,0.022446286199447208,0.017570490258660976,-0.03635790660618188,0.084779164332283,0.901108980178833,True,OPTIMIZED
target_168,US_Stock_IEF_adj_close - LME_PB_Close,2,Ridge,0.017421115410179787,0.0137286738302011,-0.018234245191079967,0.0902106952240592,0.005678892135620117,False,OPTIMIZED
target_168,US_Stock_IEF_adj_close - LME_PB_Close,2,Lasso,0.017276296830804866,0.013520560469423105,-0.0013758142091120362,0.0,0.005007028579711914,False,OPTIMIZED
target_168,US_Stock_IEF_adj_close - LME_PB_Close,2,RandomForest,0.01750693910508893,0.01362908134568381,-0.028291452159372454,0.11439223355017823,0.36222195625305176,False,OPTIMIZED
target_168,US_Stock_IEF_adj_close - LME_PB_Close,2,ElasticNet,0.01716072804280502,0.013422592780594515,0.011976666723043983,0.1650269480059903,0.0030069351196289062,True,OPTIMIZED
target_168,US_Stock_IEF_adj_close - LME_PB_Close,2,XGBoost,0.017274949911373978,0.013518923569406203,-0.0012196789010052722,0.0,0.2458329200744629,True,OPTIMIZED
target_168,US_Stock_IEF_adj_close - LME_PB_Close,2,LightGBM,0.01779590399568667,0.013863882184275632,-0.06251701074679872,0.07192578027888895,0.7782087326049805,True,OPTIMIZED
target_169,LME_CA_Close - FX_NZDUSD,2,Ridge,0.015453807870679289,0.011523778174750069,-0.026809939172270036,0.018754002731502555,0.0068209171295166016,False,OPTIMIZED
target_169,LME_CA_Close - FX_NZDUSD,2,Lasso,0.015256973128038039,0.011282339288270037,-0.0008196169133798392,0.0,0.004278421401977539,False,OPTIMIZED
target_169,LME_CA_Close - FX_NZDUSD,2,RandomForest,0.015890829580121918,0.012061592103715227,-0.08570587258193574,0.056369776515765295,0.3481781482696533,False,OPTIMIZED
target_169,LME_CA_Close - FX_NZDUSD,2,ElasticNet,0.015256973128038039,0.011282339288270037,-0.0008196169133798392,0.0,0.003259420394897461,True,OPTIMIZED
target_169,LME_CA_Close - FX_NZDUSD,2,XGBoost,0.015257154126612608,0.011282618385586706,-0.0008433631698681054,0.0,0.1797473430633545,True,OPTIMIZED
target_169,LME_CA_Close - FX_NZDUSD,2,LightGBM,0.016610268408887654,0.012591776240886074,-0.18623940745742473,0.08119301332057603,1.7479732036590576,True,OPTIMIZED
target_170,LME_PB_Close - FX_NOKJPY,2,Ridge,0.016995604190762136,0.013586497090664477,-0.07137828896162435,0.018328073519085795,0.007959604263305664,False,OPTIMIZED
target_170,LME_PB_Close - FX_NOKJPY,2,Lasso,0.016420127196321074,0.013155297621593674,-5.2175074737315086e-05,0.0,0.0061151981353759766,False,OPTIMIZED
target_170,LME_PB_Close - FX_NOKJPY,2,RandomForest,0.01692199952242417,0.01365874976348467,-0.06211852009183283,0.06453007610655433,0.33113884925842285,False,OPTIMIZED
target_170,LME_PB_Close - FX_NOKJPY,2,ElasticNet,0.016408618369401346,0.01314507841179644,0.0013492018806712247,0.15002327692857712,0.0036246776580810547,True,OPTIMIZED
target_170,LME_PB_Close - FX_NOKJPY,2,XGBoost,0.016420133592816775,0.013155312326368563,-5.2954219820211534e-05,0.0,0.21602225303649902,True,OPTIMIZED
target_170,LME_PB_Close - FX_NOKJPY,2,LightGBM,0.017224172493414253,0.013923025485439127,-0.10038929563994858,0.08242707634060961,5.080370664596558,True,OPTIMIZED
target_171,JPX_Platinum_Standard_Futures_Close - FX_EURGBP,2,Ridge,0.025493206076460818,0.018248903877416733,-0.12621145459464356,0.0798123511854341,0.008219718933105469,False,OPTIMIZED
target_171,JPX_Platinum_Standard_Futures_Close - FX_EURGBP,2,Lasso,0.024079434806664496,0.017049854929105504,-0.004762932452238022,0.0,0.006035566329956055,False,OPTIMIZED
target_171,JPX_Platinum_Standard_Futures_Close - FX_EURGBP,2,RandomForest,0.02922702088089205,0.021820602584599186,-0.4802672358564337,-0.028302258747139215,0.34342479705810547,False,OPTIMIZED
target_171,JPX_Platinum_Standard_Futures_Close - FX_EURGBP,2,ElasticNet,0.02438121623463764,0.01744825899223156,-0.03010562649443682,0.13886320302850153,0.004609346389770508,True,OPTIMIZED
target_171,JPX_Platinum_Standard_Futures_Close - FX_EURGBP,2,XGBoost,0.024077675570479008,0.017047044381969134,-0.004616122466697847,0.0,0.2935211658477783,True,OPTIMIZED
target_171,JPX_Platinum_Standard_Futures_Close - FX_EURGBP,2,LightGBM,0.025465396281186672,0.018135879720772522,-0.12375569230138583,-0.04829153947802088,0.615246057510376,True,OPTIMIZED
target_172,LME_ZS_Close - US_Stock_TD_adj_close,2,Ridge,0.02571200714923321,0.019230706942736448,-0.04609794447747495,0.10279257707629301,0.0075876712799072266,False,OPTIMIZED
target_172,LME_ZS_Close - US_Stock_TD_adj_close,2,Lasso,0.025139746322480245,0.01873091252997692,-5.1050674153563236e-05,0.0,0.005994558334350586,False,OPTIMIZED
target_172,LME_ZS_Close - US_Stock_TD_adj_close,2,RandomForest,0.02773364308364458,0.02083199273196612,-0.21706628727582533,0.033771543238732805,0.35214948654174805,False,OPTIMIZED
target_172,LME_ZS_Close - US_Stock_TD_adj_close,2,ElasticNet,0.025137852632433663,0.01868236670932309,9.960441760803462e-05,0.0694156487564426,0.005578041076660156,True,OPTIMIZED
target_172,LME_ZS_Close - US_Stock_TD_adj_close,2,XGBoost,0.025485072240430527,0.019143929640419943,-0.02771365361314926,-0.0028618463773196884,0.36606669425964355,True,OPTIMIZED
target_172,LME_ZS_Close - US_Stock_TD_adj_close,2,LightGBM,0.028115936914308748,0.021383461130868846,-0.2508507945518934,0.030689859437392716,1.4207262992858887,True,OPTIMIZED
target_173,US_Stock_X_adj_close - LME_PB_Close,2,Ridge,0.043805575064187544,0.030929838345295425,-0.05365302738162203,0.12433680372062729,0.008324861526489258,False,OPTIMIZED
target_173,US_Stock_X_adj_close - LME_PB_Close,2,Lasso,0.0426814418008572,0.029431152437490487,-0.0002694635101996301,0.0,0.006175994873046875,False,OPTIMIZED
target_173,US_Stock_X_adj_close - LME_PB_Close,2,RandomForest,0.04958862845687962,0.036107999044528424,-0.35021534846545643,-0.03932213007806934,0.32940196990966797,False,OPTIMIZED
target_173,US_Stock_X_adj_close - LME_PB_Close,2,ElasticNet,0.044643271474345,0.032103236771414224,-0.09433646809867113,0.07080158783309759,0.18685531616210938,True,OPTIMIZED
target_173,US_Stock_X_adj_close - LME_PB_Close,2,XGBoost,0.042746265139099654,0.029457791962741914,-0.0033101314069805543,-0.019627755275365075,0.32631921768188477,True,OPTIMIZED
target_173,US_Stock_X_adj_close - LME_PB_Close,2,LightGBM,0.042942407384323936,0.029461458686795207,-0.012538680025723892,0.03699790341018654,0.7909643650054932,True,OPTIMIZED
target_174,US_Stock_COP_adj_close - LME_PB_Close,2,Ridge,0.03025040850984676,0.022604540590929898,-0.1493238371539123,0.07185768169831316,0.007776737213134766,False,OPTIMIZED
target_174,US_Stock_COP_adj_close - LME_PB_Close,2,Lasso,0.02827457305183777,0.020753954657703855,-0.004088603785952882,0.0,0.005419015884399414,False,OPTIMIZED
target_174,US_Stock_COP_adj_close - LME_PB_Close,2,RandomForest,0.027857984593278293,0.020735083498247802,0.02528126398440589,0.21660850036814866,0.4265308380126953,False,OPTIMIZED
target_174,US_Stock_COP_adj_close - LME_PB_Close,2,ElasticNet,0.029772008942767623,0.02221588049881191,-0.11325898240638255,0.08925404398514082,0.23791098594665527,True,OPTIMIZED
target_174,US_Stock_COP_adj_close - LME_PB_Close,2,XGBoost,0.02810741264499719,0.020693057374139245,0.007748725067820983,0.10272571440640223,0.2893862724304199,True,OPTIMIZED
target_174,US_Stock_COP_adj_close - LME_PB_Close,2,LightGBM,0.02837687371091279,0.021021673812813058,-0.011367564299040733,0.13548941171152845,0.40441322326660156,True,OPTIMIZED
target_175,JPX_Platinum_Standard_Futures_Close - US_Stock_ACWI_adj_close,2,Ridge,0.024176862326827267,0.018605702438066262,-0.07054734880757496,0.09308549450996695,0.007651329040527344,False,OPTIMIZED
target_175,JPX_Platinum_Standard_Futures_Close - US_Stock_ACWI_adj_close,2,Lasso,0.023397866049113984,0.01759443453407518,-0.0026711199533147045,0.0,0.005818605422973633,False,OPTIMIZED
target_175,JPX_Platinum_Standard_Futures_Close - US_Stock_ACWI_adj_close,2,RandomForest,0.026000651182066126,0.01955518446252516,-0.23815340202162427,-0.0625064319291136,0.3212151527404785,False,OPTIMIZED
target_175,JPX_Platinum_Standard_Futures_Close - US_Stock_ACWI_adj_close,2,ElasticNet,0.023497261667660262,0.017570801978819967,-0.011208035185406029,0.0987372584816674,0.006883144378662109,True,OPTIMIZED
target_175,JPX_Platinum_Standard_Futures_Close - US_Stock_ACWI_adj_close,2,XGBoost,0.02340004533931073,0.017593376919330873,-0.0028579073380214925,0.0,0.3044545650482178,True,OPTIMIZED
target_175,JPX_Platinum_Standard_Futures_Close - US_Stock_ACWI_adj_close,2,LightGBM,0.023425461454575528,0.01760183302268832,-0.005037612051100204,-0.03441926654059483,0.4222710132598877,True,OPTIMIZED
target_176,LME_AH_Close - US_Stock_OIH_adj_close,2,Ridge,0.03269738905356573,0.02373073708066641,-0.05182391250202811,-0.03668223715434766,0.006501674652099609,False,OPTIMIZED
target_176,LME_AH_Close - US_Stock_OIH_adj_close,2,Lasso,0.03188794195485119,0.022902348516800217,-0.0003912211155721046,0.057366957973957196,0.005697727203369141,False,OPTIMIZED
target_176,LME_AH_Close - US_Stock_OIH_adj_close,2,RandomForest,0.0333529309322857,0.023988612836184586,-0.09442221151316565,-0.04665615153212885,0.33521008491516113,False,OPTIMIZED
target_176,LME_AH_Close - US_Stock_OIH_adj_close,2,ElasticNet,0.0321738100980744,0.023246292542414386,-0.01840817899948899,0.015613309495856393,0.07639908790588379,True,OPTIMIZED
target_176,LME_AH_Close - US_Stock_OIH_adj_close,2,XGBoost,0.031884533223331055,0.022934586864520726,-0.0001773545180030478,0.0,0.37253475189208984,True,OPTIMIZED
target_176,LME_AH_Close - US_Stock_OIH_adj_close,2,LightGBM,0.032846774948238414,0.023913417598593063,-0.06145688923385828,-0.04879962126483746,0.9864132404327393,True,OPTIMIZED
target_177,FX_NOKUSD - LME_AH_Close,2,Ridge,0.01645510221615263,0.01300049284412327,-0.03724583072452825,0.0055489111284294885,0.00817251205444336,False,OPTIMIZED
target_177,FX_NOKUSD - LME_AH_Close,2,Lasso,0.016157806972931902,0.012706792240129067,-0.00010445118520840957,0.0,0.005124330520629883,False,OPTIMIZED
target_177,FX_NOKUSD - LME_AH_Close,2,RandomForest,0.01980618525037281,0.014619751526851231,-0.5027343111730767,-0.07273795836902033,0.346390962600708,False,OPTIMIZED
target_177,FX_NOKUSD - LME_AH_Close,2,ElasticNet,0.01636335108855795,0.012875982160671,-0.025711031255985173,-0.025044689130831767,0.21951055526733398,True,OPTIMIZED
target_177,FX_NOKUSD - LME_AH_Close,2,XGBoost,0.01615741784279518,0.012707709330217967,-5.628052736383893e-05,0.0,0.3424842357635498,True,OPTIMIZED
target_177,FX_NOKUSD - LME_AH_Close,2,LightGBM,0.01840845561410719,0.014347597734919278,-0.298121187619095,-0.01738567941625064,0.5664210319519043,True,OPTIMIZED
target_178,FX_CHFJPY - LME_ZS_Close,2,Ridge,0.020935577702873853,0.016635701325456824,-0.010954525283820793,0.08887388534376552,0.006837606430053711,False,OPTIMIZED
target_178,FX_CHFJPY - LME_ZS_Close,2,Lasso,0.020861528860121815,0.016454531303285717,-0.003815708831863107,0.0,0.004256486892700195,False,OPTIMIZED
target_178,FX_CHFJPY - LME_ZS_Close,2,RandomForest,0.022772825198360522,0.017757981406592613,-0.19617727339992208,0.07038814599906892,0.40702009201049805,False,OPTIMIZED
target_178,FX_CHFJPY - LME_ZS_Close,2,ElasticNet,0.020729750824889703,0.016346384925154514,0.008826036370790824,0.21373467387865647,0.0034728050231933594,True,OPTIMIZED
target_178,FX_CHFJPY - LME_ZS_Close,2,XGBoost,0.02086070199110697,0.016454381504912203,-0.0037361357897944814,0.0,0.12958574295043945,True,OPTIMIZED
target_178,FX_CHFJPY - LME_ZS_Close,2,LightGBM,0.02100665531092478,0.016395824571376973,-0.017830686882498004,0.0870140237658318,0.4363288879394531,True,OPTIMIZED
target_179,JPX_Platinum_Standard_Futures_Close - US_Stock_SLV_adj_close,2,Ridge,0.027222536126142442,0.02152358024935277,-0.10268648256749824,0.03485151086136007,0.007831096649169922,False,OPTIMIZED
target_179,JPX_Platinum_Standard_Futures_Close - US_Stock_SLV_adj_close,2,Lasso,0.02595100979204251,0.020389844061887027,-0.00208233935792701,0.0,0.0050122737884521484,False,OPTIMIZED
target_179,JPX_Platinum_Standard_Futures_Close - US_Stock_SLV_adj_close,2,RandomForest,0.03035859215152359,0.024172373413990925,-0.3713810391593533,-0.1102380807026622,0.35015249252319336,False,OPTIMIZED
target_179,JPX_Platinum_Standard_Futures_Close - US_Stock_SLV_adj_close,2,ElasticNet,0.026650223009696144,0.021085947966294004,-0.05680918756695297,0.06790896167587729,0.2733767032623291,True,OPTIMIZED
target_179,JPX_Platinum_Standard_Futures_Close - US_Stock_SLV_adj_close,2,XGBoost,0.02595098815341553,0.020389810797030002,-0.0020806682339844507,0.0,0.21503806114196777,True,OPTIMIZED
target_179,JPX_Platinum_Standard_Futures_Close - US_Stock_SLV_adj_close,2,LightGBM,0.025966404004858834,0.020418921244509555,-0.0032715681677866204,0.0025673030496264474,0.22104597091674805,True,OPTIMIZED
target_180,US_Stock_CVX_adj_close - JPX_Platinum_Standard_Futures_Close,2,Ridge,0.029163633595245254,0.021967782917512294,-0.06695049319004176,0.1138304645233686,0.007118701934814453,False,OPTIMIZED
target_180,US_Stock_CVX_adj_close - JPX_Platinum_Standard_Futures_Close,2,Lasso,0.028300822272731705,0.02171577281065272,-0.004752533808549231,0.0,0.00574493408203125,False,OPTIMIZED
target_180,US_Stock_CVX_adj_close - JPX_Platinum_Standard_Futures_Close,2,RandomForest,0.02897175818248843,0.021903005779919608,-0.05295716781102744,0.08372506325335936,0.3232431411743164,False,OPTIMIZED
target_180,US_Stock_CVX_adj_close - JPX_Platinum_Standard_Futures_Close,2,ElasticNet,0.02872128526093473,0.021722151510477492,-0.03482936229830469,0.11242886116820305,0.08906149864196777,True,OPTIMIZED
target_180,US_Stock_CVX_adj_close - JPX_Platinum_Standard_Futures_Close,2,XGBoost,0.0282987253764236,0.021714402660356454,-0.004603648818112482,0.0,0.152923583984375,True,OPTIMIZED
target_180,US_Stock_CVX_adj_close - JPX_Platinum_Standard_Futures_Close,2,LightGBM,0.02931779813937022,0.022236674095364974,-0.07826051653847443,0.015840714910737904,1.7556788921356201,True,OPTIMIZED
target_181,US_Stock_CVE_adj_close - LME_AH_Close,2,Ridge,0.04111879013375579,0.03145357293201413,-0.5415719318822694,0.014921618236383553,0.007950544357299805,False,OPTIMIZED
target_181,US_Stock_CVE_adj_close - LME_AH_Close,2,Lasso,0.03319315116299664,0.024045254555924104,-0.0045697734791443345,-0.01680875182736147,0.0067958831787109375,False,OPTIMIZED
target_181,US_Stock_CVE_adj_close - LME_AH_Close,2,RandomForest,0.03414657916222746,0.025136433605302634,-0.0631083845123439,-0.04469407976514613,0.32899022102355957,False,OPTIMIZED
target_181,US_Stock_CVE_adj_close - LME_AH_Close,2,ElasticNet,0.03844091453742067,0.02873111321600587,-0.3473193951634319,0.08744809341816809,0.25154757499694824,True,OPTIMIZED
target_181,US_Stock_CVE_adj_close - LME_AH_Close,2,XGBoost,0.03314754634125285,0.02405625629729837,-0.0018112674662527084,0.0,0.13924026489257812,True,OPTIMIZED
target_181,US_Stock_CVE_adj_close - LME_AH_Close,2,LightGBM,0.03737635269193407,0.02803573662260375,-0.27372882590924075,0.017104638673094696,1.5150530338287354,True,OPTIMIZED
target_182,FX_AUDJPY - LME_ZS_Close,2,Ridge,0.020119368332589496,0.015998340633241327,-0.015972074775434164,0.13745656473686782,0.0054776668548583984,False,OPTIMIZED
target_182,FX_AUDJPY - LME_ZS_Close,2,Lasso,0.020016919816007627,0.015930791625568465,-0.00565168812528416,0.0,0.003832578659057617,False,OPTIMIZED
target_182,FX_AUDJPY - LME_ZS_Close,2,RandomForest,0.020782654338778454,0.01648774441540449,-0.08406448515608855,0.13382176302800688,0.37805938720703125,False,OPTIMIZED
target_182,FX_AUDJPY - LME_ZS_Close,2,ElasticNet,0.019929194772351746,0.01595647393409214,0.003143623358583869,0.149744468192913,0.25263428688049316,True,OPTIMIZED
target_182,FX_AUDJPY - LME_ZS_Close,2,XGBoost,0.020071229498896722,0.015990510761746107,-0.011116136940450438,-0.009740294169948094,0.3327820301055908,True,OPTIMIZED
target_182,FX_AUDJPY - LME_ZS_Close,2,LightGBM,0.020482129620967925,0.01617977777742448,-0.05293923419865698,0.09167560449283302,1.6561613082885742,True,OPTIMIZED
target_183,JPX_Gold_Standard_Futures_Close - US_Stock_NUE_adj_close,2,Ridge,0.0450026207187632,0.03353963088258801,-0.7493571688953566,0.1110981907261999,0.0074274539947509766,False,OPTIMIZED
target_183,JPX_Gold_Standard_Futures_Close - US_Stock_NUE_adj_close,2,Lasso,0.03488980630593347,0.02556665396895749,-0.05147752645929948,0.11882096319531454,0.006972551345825195,False,OPTIMIZED
target_183,JPX_Gold_Standard_Futures_Close - US_Stock_NUE_adj_close,2,RandomForest,0.03503009289566156,0.025714541948014053,-0.059950187444941516,0.009485823592170633,0.3320646286010742,False,OPTIMIZED
target_183,JPX_Gold_Standard_Futures_Close - US_Stock_NUE_adj_close,2,ElasticNet,0.0354402989489622,0.02584724512949779,-0.08491978997091643,0.11882096319531454,0.004059314727783203,True,OPTIMIZED
target_183,JPX_Gold_Standard_Futures_Close - US_Stock_NUE_adj_close,2,XGBoost,0.03440280891399689,0.025461750908124532,-0.022329009317230808,0.0,0.23267388343811035,True,OPTIMIZED
target_183,JPX_Gold_Standard_Futures_Close - US_Stock_NUE_adj_close,2,LightGBM,0.034683586091369845,0.0254919295474718,-0.03908450241157713,0.003958482927164883,1.1727807521820068,True,OPTIMIZED
target_184,JPX_Gold_Standard_Futures_Close - US_Stock_VT_adj_close,2,Ridge,0.01995216640579754,0.01530094970181642,-0.23349586584694548,-0.005168218566399311,0.008053064346313477,False,OPTIMIZED
target_184,JPX_Gold_Standard_Futures_Close - US_Stock_VT_adj_close,2,Lasso,0.017989881378372322,0.01336177044827151,-0.0027996671423697883,0.0,0.0052945613861083984,False,OPTIMIZED
target_184,JPX_Gold_Standard_Futures_Close - US_Stock_VT_adj_close,2,RandomForest,0.019388072870977643,0.0145882611955193,-0.16473430901137864,-0.026587632672164935,0.32795119285583496,False,OPTIMIZED
target_184,JPX_Gold_Standard_Futures_Close - US_Stock_VT_adj_close,2,ElasticNet,0.018464390385829716,0.013960973872506081,-0.05639789979768661,0.02577713692668618,0.22633790969848633,True,OPTIMIZED
target_184,JPX_Gold_Standard_Futures_Close - US_Stock_VT_adj_close,2,XGBoost,0.017989991034794862,0.013361902491553427,-0.002811892210100808,0.0,0.34059619903564453,True,OPTIMIZED
target_184,JPX_Gold_Standard_Futures_Close - US_Stock_VT_adj_close,2,LightGBM,0.02029493736042796,0.015743077336644613,-0.27624193944510034,-0.056719003915845646,1.0046241283416748,True,OPTIMIZED
target_185,US_Stock_NEM_adj_close - JPX_Gold_Standard_Futures_Close,2,Ridge,0.03151238116806307,0.023137966074624355,0.04810861005081024,0.1826222114983027,0.008081436157226562,False,OPTIMIZED
target_185,US_Stock_NEM_adj_close - JPX_Gold_Standard_Futures_Close,2,Lasso,0.03307576428541406,0.023729593196067135,-0.04868422021920393,-0.014915891103520125,0.006415128707885742,False,OPTIMIZED
target_185,US_Stock_NEM_adj_close - JPX_Gold_Standard_Futures_Close,2,RandomForest,0.03304134080330214,0.023874410507074083,-0.04650252748225503,0.118160860730202,0.3007180690765381,False,OPTIMIZED
target_185,US_Stock_NEM_adj_close - JPX_Gold_Standard_Futures_Close,2,ElasticNet,0.03367338417842481,0.024413467640509896,-0.08692226977450557,-0.014915891103520125,0.003328561782836914,True,OPTIMIZED
target_185,US_Stock_NEM_adj_close - JPX_Gold_Standard_Futures_Close,2,XGBoost,0.03239844741280101,0.02290752577287785,-0.006174609366917272,0.0,0.11316466331481934,True,OPTIMIZED
target_185,US_Stock_NEM_adj_close - JPX_Gold_Standard_Futures_Close,2,LightGBM,0.03341083772090366,0.024300804732508313,-0.07003919646585044,0.061880051668619256,0.6382288932800293,True,OPTIMIZED
target_186,US_Stock_XLB_adj_close - LME_ZS_Close,2,Ridge,0.020981501368123327,0.016167397676490537,0.03500280069345785,0.16627829659578464,0.007659435272216797,False,OPTIMIZED
target_186,US_Stock_XLB_adj_close - LME_ZS_Close,2,Lasso,0.021376474766292404,0.01658749614124097,-0.0016710048048118598,0.0,0.0054743289947509766,False,OPTIMIZED
target_186,US_Stock_XLB_adj_close - LME_ZS_Close,2,RandomForest,0.0214708306666479,0.016590463265947566,-0.010533285635771605,0.05826770295458626,0.3324460983276367,False,OPTIMIZED
target_186,US_Stock_XLB_adj_close - LME_ZS_Close,2,ElasticNet,0.0210670065384333,0.016278903763737047,0.027121536330984686,0.16073941379314444,0.21134710311889648,True,OPTIMIZED
target_186,US_Stock_XLB_adj_close - LME_ZS_Close,2,XGBoost,0.021905566291378586,0.01723141285313063,-0.05186958887333781,0.14055695717699565,0.3794100284576416,True,OPTIMIZED
target_186,US_Stock_XLB_adj_close - LME_ZS_Close,2,LightGBM,0.021913215222695855,0.017056514121079388,-0.052604295551810454,0.1315941134278506,1.4608492851257324,True,OPTIMIZED
target_187,FX_CADJPY - JPX_Platinum_Standard_Futures_Close,2,Ridge,0.02490079294753721,0.018123948160518162,-0.21149137160668552,0.09823347677029654,0.008395195007324219,False,OPTIMIZED
target_187,FX_CADJPY - JPX_Platinum_Standard_Futures_Close,2,Lasso,0.022746406543624302,0.016503569420311386,-0.010926462769847545,0.0,0.005703926086425781,False,OPTIMIZED
target_187,FX_CADJPY - JPX_Platinum_Standard_Futures_Close,2,RandomForest,0.02601207464241095,0.019152135174159726,-0.3220380481480991,-0.025451487606615142,0.33002662658691406,False,OPTIMIZED
target_187,FX_CADJPY - JPX_Platinum_Standard_Futures_Close,2,ElasticNet,0.023129493337224576,0.016879148174684618,-0.04526452220184618,0.13377093414734068,0.0033693313598632812,True,OPTIMIZED
target_187,FX_CADJPY - JPX_Platinum_Standard_Futures_Close,2,XGBoost,0.022763247392212953,0.016522324523530783,-0.012423944303292078,0.0,0.24805092811584473,True,OPTIMIZED
target_187,FX_CADJPY - JPX_Platinum_Standard_Futures_Close,2,LightGBM,0.027976156283855767,0.020863562237578726,-0.529220326325802,-0.016106009875280686,1.1344854831695557,True,OPTIMIZED
target_188,FX_USDCHF - LME_PB_Close,2,Ridge,0.01778291213852069,0.0142732316112723,0.029649293192963833,0.16055988086327827,0.008131980895996094,False,OPTIMIZED
target_188,FX_USDCHF - LME_PB_Close,2,Lasso,0.018065335738263064,0.014479230891390664,-0.001417174719536396,0.0,0.005203723907470703,False,OPTIMIZED
target_188,FX_USDCHF - LME_PB_Close,2,RandomForest,0.01921828407586639,0.015369995874510137,-0.13331902243035887,0.042850896483254755,0.3735322952270508,False,OPTIMIZED
target_188,FX_USDCHF - LME_PB_Close,2,ElasticNet,0.01788399055256006,0.014370758124314624,0.018586958932486075,0.17526807048408294,0.0029904842376708984,True,OPTIMIZED
target_189,FX_GBPJPY - LME_CA_Close,2,Ridge,0.018014440460674363,0.01357816404442306,-0.08866419651642166,-0.07923183563659184,0.0077097415924072266,False,OPTIMIZED
target_189,FX_GBPJPY - LME_CA_Close,2,Lasso,0.017277431609318106,0.012911855062810774,-0.001407295273484488,0.12738009809746473,0.011623382568359375,False,OPTIMIZED
target_189,FX_GBPJPY - LME_CA_Close,2,RandomForest,0.018098491955007203,0.01383989582332421,-0.09884684097496677,0.08282419874638951,0.3565211296081543,False,OPTIMIZED
target_189,FX_GBPJPY - LME_CA_Close,2,ElasticNet,0.017291384731006477,0.012953682887911322,-0.0030254061493220075,0.13936321525114648,0.006061077117919922,True,OPTIMIZED
target_189,FX_GBPJPY - LME_CA_Close,2,XGBoost,0.017271607110212698,0.01286548714107766,-0.0007322281825301591,0.0,0.13011407852172852,True,OPTIMIZED
target_189,FX_GBPJPY - LME_CA_Close,2,LightGBM,0.01889061096012772,0.014611741901456555,-0.1971384892276935,0.15060095628309889,0.6926231384277344,True,OPTIMIZED
target_190,LME_AH_Close - US_Stock_VGK_adj_close,2,Ridge,0.020323321332488858,0.015494435376887382,-0.13679937284402532,-0.003060272893910143,0.007375001907348633,False,OPTIMIZED
target_190,LME_AH_Close - US_Stock_VGK_adj_close,2,Lasso,0.019071382926574856,0.014483532733359143,-0.0010570537299807725,0.0,0.004358530044555664,False,OPTIMIZED
target_190,LME_AH_Close - US_Stock_VGK_adj_close,2,RandomForest,0.02437390074868572,0.019230988365976493,-0.6351008123178776,-0.006448251620984116,0.38036584854125977,False,OPTIMIZED
target_190,LME_AH_Close - US_Stock_VGK_adj_close,2,ElasticNet,0.01990720026383873,0.015324065280515487,-0.09072389731935981,0.02218705282427711,0.2519831657409668,True,OPTIMIZED
target_190,LME_AH_Close - US_Stock_VGK_adj_close,2,XGBoost,0.019068441845545316,0.01448154025550644,-0.0007483228001499143,0.0,0.16159582138061523,True,OPTIMIZED
target_190,LME_AH_Close - US_Stock_VGK_adj_close,2,LightGBM,0.020808326888697642,0.015827889484828554,-0.19170505407769123,-0.10041328998814074,2.3920469284057617,True,OPTIMIZED
target_191,US_Stock_EWT_adj_close - LME_AH_Close,2,Ridge,0.0236818387548975,0.01804798266166761,-0.030018220243698934,0.06140440089307273,0.008038043975830078,False,OPTIMIZED
target_191,US_Stock_EWT_adj_close - LME_AH_Close,2,Lasso,0.023346034943574723,0.017518743272255482,-0.0010144115598778036,0.0,0.0050201416015625,False,OPTIMIZED
target_191,US_Stock_EWT_adj_close - LME_AH_Close,2,RandomForest,0.02923208607306317,0.023907620298002398,-0.5694001332546188,0.12209956547752865,0.37086915969848633,False,OPTIMIZED
target_191,US_Stock_EWT_adj_close - LME_AH_Close,2,ElasticNet,0.023346034943574723,0.017518743272255482,-0.0010144115598778036,0.0,0.002683401107788086,True,OPTIMIZED
target_191,US_Stock_EWT_adj_close - LME_AH_Close,2,XGBoost,0.023345486364137674,0.017517777372875503,-0.0009673689274161124,0.0,0.31361818313598633,True,OPTIMIZED
target_191,US_Stock_EWT_adj_close - LME_AH_Close,2,LightGBM,0.023557340356678554,0.017707341332411558,-0.019216817150743415,0.05245196746689035,0.46197938919067383,True,OPTIMIZED
target_192,US_Stock_MPC_adj_close - LME_CA_Close,2,Ridge,0.0311960953749791,0.0239184247299632,-0.016861657748288295,0.1900414301058769,0.00737452507019043,False,OPTIMIZED
target_192,US_Stock_MPC_adj_close - LME_CA_Close,2,Lasso,0.031230640920069334,0.02430120288310347,-0.019114983983672174,0.00021648806401385523,0.007318735122680664,False,OPTIMIZED
target_192,US_Stock_MPC_adj_close - LME_CA_Close,2,RandomForest,0.03193987618553432,0.02448432419279045,-0.06592794877669084,0.15846272063642733,0.38187265396118164,False,OPTIMIZED
target_192,US_Stock_MPC_adj_close - LME_CA_Close,2,ElasticNet,0.031289609985548125,0.024251128140067753,-0.02296716201904858,0.07491468348136597,0.009874105453491211,True,OPTIMIZED
target_192,US_Stock_MPC_adj_close - LME_CA_Close,2,XGBoost,0.03161848052491646,0.02423252251750179,-0.04458403479833373,0.12469263577396981,0.1960909366607666,True,OPTIMIZED
target_192,US_Stock_MPC_adj_close - LME_CA_Close,2,LightGBM,0.031504397738492944,0.024060647907012886,-0.037059696616746685,0.10997682864018135,3.052358627319336,True,OPTIMIZED
target_193,LME_PB_Close - US_Stock_CLF_adj_close,2,Ridge,0.05383922820255059,0.039126097584869804,-0.029949534419613455,0.054506817589774145,0.008793354034423828,False,OPTIMIZED
target_193,LME_PB_Close - US_Stock_CLF_adj_close,2,Lasso,0.053245888137600166,0.03835072505629699,-0.00737332202769414,0.0,0.006157875061035156,False,OPTIMIZED
target_193,LME_PB_Close - US_Stock_CLF_adj_close,2,RandomForest,0.053501484990419054,0.03900709386199444,-0.01706794654594157,0.08282066104987194,0.3740711212158203,False,OPTIMIZED
target_193,LME_PB_Close - US_Stock_CLF_adj_close,2,ElasticNet,0.05348935378417732,0.03883992312194135,-0.016606768236489877,-0.014527598064929762,0.21402597427368164,True,OPTIMIZED
target_193,LME_PB_Close - US_Stock_CLF_adj_close,2,XGBoost,0.05320145526441723,0.03845137375100231,-0.005692748497589495,-0.019066564026851217,0.2769334316253662,True,OPTIMIZED
target_193,LME_PB_Close - US_Stock_CLF_adj_close,2,LightGBM,0.056424650698973074,0.042514367113735074,-0.1312433857898867,-0.027071118708018264,2.820499897003174,True,OPTIMIZED
target_194,JPX_Platinum_Standard_Futures_Close - US_Stock_BNDX_adj_close,2,Ridge,0.024282708687758347,0.017730676361473678,-0.07268903208693378,0.06384020326349542,0.007842302322387695,False,OPTIMIZED
target_194,JPX_Platinum_Standard_Futures_Close - US_Stock_BNDX_adj_close,2,Lasso,0.023483066219630457,0.016870713428775795,-0.0032038405125700553,0.0,0.004887104034423828,False,OPTIMIZED
target_194,JPX_Platinum_Standard_Futures_Close - US_Stock_BNDX_adj_close,2,RandomForest,0.025062020056123947,0.01838031962473368,-0.14264606123767898,-0.07252774087392837,0.32782721519470215,False,OPTIMIZED
target_194,JPX_Platinum_Standard_Futures_Close - US_Stock_BNDX_adj_close,2,ElasticNet,0.02368420594441927,0.017064325791986402,-0.02046294239421864,0.18817039617631975,0.003304719924926758,True,OPTIMIZED
target_194,JPX_Platinum_Standard_Futures_Close - US_Stock_BNDX_adj_close,2,XGBoost,0.026132322902516724,0.01923200433428024,-0.24232610832423584,-0.061482749832600256,0.43721675872802734,True,OPTIMIZED
target_194,JPX_Platinum_Standard_Futures_Close - US_Stock_BNDX_adj_close,2,LightGBM,0.025535754136263737,0.018383351339205992,-0.18625199811872029,-0.050455201310902247,1.9485535621643066,True,OPTIMIZED
target_195,US_Stock_HL_adj_close - LME_AH_Close,2,Ridge,0.04810200374316032,0.0364115979334204,-0.04056876535348719,-0.01547651758727621,0.008360862731933594,False,OPTIMIZED
target_195,US_Stock_HL_adj_close - LME_AH_Close,2,Lasso,0.0472882166883215,0.03573144695819153,-0.005658023351597485,0.0,0.005972623825073242,False,OPTIMIZED
target_195,US_Stock_HL_adj_close - LME_AH_Close,2,RandomForest,0.048933606898836926,0.03734079988461696,-0.0768591625795787,-0.03065030873339019,0.33838391304016113,False,OPTIMIZED
target_195,US_Stock_HL_adj_close - LME_AH_Close,2,ElasticNet,0.047612509166381406,0.035899470577908606,-0.01949849402886361,0.0066085360529943744,0.2629377841949463,True,OPTIMIZED
target_195,US_Stock_HL_adj_close - LME_AH_Close,2,XGBoost,0.04728049750805064,0.03572444364330857,-0.005329729221491553,0.0,0.31732702255249023,True,OPTIMIZED
target_195,US_Stock_HL_adj_close - LME_AH_Close,2,LightGBM,0.04784788392222058,0.035625456377005475,-0.029603290045469466,0.0821976631184035,1.9265692234039307,True,OPTIMIZED
target_196,FX_EURAUD - LME_AH_Close,2,Ridge,0.019437349320444216,0.014935973911169591,-0.05194788848577181,0.012260125463931048,0.007987022399902344,False,OPTIMIZED
target_196,FX_EURAUD - LME_AH_Close,2,Lasso,0.01895134052386109,0.014625672923833686,-3.975943596579157e-08,0.0,0.0058879852294921875,False,OPTIMIZED
target_196,FX_EURAUD - LME_AH_Close,2,RandomForest,0.020091451001322015,0.01522229606936978,-0.1239390276754595,-0.13222735772138158,0.3404083251953125,False,OPTIMIZED
target_196,FX_EURAUD - LME_AH_Close,2,ElasticNet,0.018939777100788917,0.014620877733501465,0.0012199157076522305,0.20784419632867535,0.012991189956665039,True,OPTIMIZED
target_196,FX_EURAUD - LME_AH_Close,2,XGBoost,0.018951340263216286,0.014625901458780751,-1.225269419258268e-08,0.0,0.2705729007720947,True,OPTIMIZED
target_196,FX_EURAUD - LME_AH_Close,2,LightGBM,0.01933403738154379,0.014965096425071413,-0.0407951378136624,-0.026944933420322788,0.2933800220489502,True,OPTIMIZED
target_197,JPX_Platinum_Standard_Futures_Close - FX_ZARUSD,2,Ridge,0.024423545287189388,0.018132296742720922,-0.10057483272703105,0.0399533034138408,0.007508516311645508,False,OPTIMIZED
target_197,JPX_Platinum_Standard_Futures_Close - FX_ZARUSD,2,Lasso,0.0232979568755535,0.017358517007111156,-0.0014697599193520539,0.0,0.004865407943725586,False,OPTIMIZED
target_197,JPX_Platinum_Standard_Futures_Close - FX_ZARUSD,2,RandomForest,0.024786093964392727,0.018733990665311093,-0.13349171332236343,-0.033096667477799095,0.31461238861083984,False,OPTIMIZED
target_197,JPX_Platinum_Standard_Futures_Close - FX_ZARUSD,2,ElasticNet,0.023516826222294115,0.0174630411413296,-0.020374474424544653,0.07920578443094488,0.0034148693084716797,True,OPTIMIZED
target_197,JPX_Platinum_Standard_Futures_Close - FX_ZARUSD,2,XGBoost,0.023298373552655013,0.017358804032067708,-0.001505582223479296,0.0,0.32172632217407227,True,OPTIMIZED
target_197,JPX_Platinum_Standard_Futures_Close - FX_ZARUSD,2,LightGBM,0.024652170830849165,0.018278330529797604,-0.12127593937199643,-0.026205224719620265,0.6626238822937012,True,OPTIMIZED
target_198,LME_AH_Close - FX_GBPUSD,2,Ridge,0.017313351009999162,0.01362505312841419,-0.054670986372621355,-0.006333124998392476,0.00716710090637207,False,OPTIMIZED
target_198,LME_AH_Close - FX_GBPUSD,2,Lasso,0.01685896471952213,0.013132761879516343,-3.807295706081959e-05,0.0,0.005091667175292969,False,OPTIMIZED
target_198,LME_AH_Close - FX_GBPUSD,2,RandomForest,0.017232232932157376,0.013323289116470672,-0.04481125868983393,0.025376224610786608,0.3751699924468994,False,OPTIMIZED
target_198,LME_AH_Close - FX_GBPUSD,2,ElasticNet,0.016860526161585364,0.013146042260558231,-0.00022332440629635464,0.01655156804193448,0.013983011245727539,True,OPTIMIZED
target_198,LME_AH_Close - FX_GBPUSD,2,XGBoost,0.01685888727819117,0.013132314681502728,-2.888566676184645e-05,0.0,0.2594475746154785,True,OPTIMIZED
target_198,LME_AH_Close - FX_GBPUSD,2,LightGBM,0.017860003408718208,0.013723999604318533,-0.1223228519436792,-0.014275573113990076,0.37822484970092773,True,OPTIMIZED
target_199,LME_CA_Close - US_Stock_LYB_adj_close,2,Ridge,0.03091789888887751,0.02348320882508169,-0.35064910508758373,0.033961267668459236,0.007791996002197266,False,OPTIMIZED
target_199,LME_CA_Close - US_Stock_LYB_adj_close,2,Lasso,0.026774733833597672,0.020371180795639432,-0.01291479461311984,0.0,0.006185770034790039,False,OPTIMIZED
target_199,LME_CA_Close - US_Stock_LYB_adj_close,2,RandomForest,0.026950319796735074,0.02046893234675261,-0.026243539078832034,0.07477045722992816,0.318922758102417,False,OPTIMIZED
target_199,LME_CA_Close - US_Stock_LYB_adj_close,2,ElasticNet,0.0309376651314353,0.023457271796387687,-0.3523766346251911,0.039752918128258465,0.2099165916442871,True,OPTIMIZED
target_199,LME_CA_Close - US_Stock_LYB_adj_close,2,XGBoost,0.026788190406747184,0.02038788667064564,-0.01393320154248645,0.0,0.1467456817626953,True,OPTIMIZED
target_199,LME_CA_Close - US_Stock_LYB_adj_close,2,LightGBM,0.027902065483477154,0.020998672446358044,-0.10000661612465245,0.011897922309332894,1.683652639389038,True,OPTIMIZED
target_200,FX_NZDJPY - LME_CA_Close,2,Ridge,0.01724079463692306,0.01305391308605227,-0.11556274584434867,-0.00630534700627834,0.007842540740966797,False,OPTIMIZED
target_200,FX_NZDJPY - LME_CA_Close,2,Lasso,0.01635533663378241,0.012558324225439123,-0.003918413177776747,0.22568306854219553,0.006427288055419922,False,OPTIMIZED
target_200,FX_NZDJPY - LME_CA_Close,2,RandomForest,0.017473524979886006,0.013691481089549252,-0.14588357771266325,0.017802092094332003,0.35602617263793945,False,OPTIMIZED
target_200,FX_NZDJPY - LME_CA_Close,2,ElasticNet,0.01690635952435397,0.01291405958854158,-0.07270337137342953,-0.010403115250374873,0.30280542373657227,True,OPTIMIZED
target_200,FX_NZDJPY - LME_CA_Close,2,XGBoost,0.01635530939748554,0.012543338295083877,-0.003915069559998319,0.0,0.23845291137695312,True,OPTIMIZED
target_200,FX_NZDJPY - LME_CA_Close,2,LightGBM,0.018720565402002568,0.01477867218479372,-0.3152774292129439,0.014938901277530434,2.1474788188934326,True,OPTIMIZED
target_201,US_Stock_SCCO_adj_close - LME_AH_Close,2,Ridge,0.030306654929221737,0.02274230529376003,0.003505016646034753,0.1425145683382638,0.007131338119506836,False,OPTIMIZED
target_201,US_Stock_SCCO_adj_close - LME_AH_Close,2,Lasso,0.03036503366731186,0.02276966404189967,-0.00033771355619016674,0.0,0.004202127456665039,False,OPTIMIZED
target_201,US_Stock_SCCO_adj_close - LME_AH_Close,2,RandomForest,0.031318738024937884,0.02337635227246776,-0.06416168085722518,-0.02969187325218599,0.35631728172302246,False,OPTIMIZED
target_201,US_Stock_SCCO_adj_close - LME_AH_Close,2,ElasticNet,0.03014201276478053,0.022668573031798485,0.014302608533258931,0.13460056167947157,0.2290802001953125,True,OPTIMIZED
target_201,US_Stock_SCCO_adj_close - LME_AH_Close,2,XGBoost,0.030366612565772316,0.02277644255576751,-0.00044174589524392793,0.0,0.15261435508728027,True,OPTIMIZED
target_201,US_Stock_SCCO_adj_close - LME_AH_Close,2,LightGBM,0.032898818487813765,0.025012609246596245,-0.1742476799392576,-0.032794373213527406,2.466320514678955,True,OPTIMIZED
target_202,LME_ZS_Close - US_Stock_VYM_adj_close,2,Ridge,0.02236418064933057,0.017676881387489934,-0.024608419241556767,0.09348448244484014,0.008073091506958008,False,OPTIMIZED
target_202,LME_ZS_Close - US_Stock_VYM_adj_close,2,Lasso,0.022095463292153367,0.01722399746380898,-0.00013393003118045144,0.0,0.005779743194580078,False,OPTIMIZED
target_202,LME_ZS_Close - US_Stock_VYM_adj_close,2,RandomForest,0.022348373215008103,0.017217474153790116,-0.023160505135282783,0.055088183201239926,0.35829997062683105,False,OPTIMIZED
target_202,LME_ZS_Close - US_Stock_VYM_adj_close,2,ElasticNet,0.022040274384661288,0.01718456655756709,0.004855996179673139,0.12404736330622475,0.005179882049560547,True,OPTIMIZED
target_202,LME_ZS_Close - US_Stock_VYM_adj_close,2,XGBoost,0.02209732211250386,0.017217065809296977,-0.0003022132191401461,0.0,0.26427268981933594,True,OPTIMIZED
target_202,LME_ZS_Close - US_Stock_VYM_adj_close,2,LightGBM,0.022194671014938803,0.01735487541419139,-0.00913521300889708,0.10249222962484521,3.1915194988250732,True,OPTIMIZED
target_203,LME_ZS_Close - US_Stock_CAT_adj_close,2,Ridge,0.028643520744655617,0.021945581494908772,-0.03339365466021249,0.07996438652397485,0.008396387100219727,False,OPTIMIZED
target_203,LME_ZS_Close - US_Stock_CAT_adj_close,2,Lasso,0.028182248761603537,0.021430274305674096,-0.0003783434229105431,0.0,0.005363941192626953,False,OPTIMIZED
target_203,LME_ZS_Close - US_Stock_CAT_adj_close,2,RandomForest,0.03240129708743484,0.02526981896515791,-0.3223237117023845,-0.004102270388833974,0.35880303382873535,False,OPTIMIZED
target_203,LME_ZS_Close - US_Stock_CAT_adj_close,2,ElasticNet,0.02833071227856532,0.021631418779477354,-0.01094605132811921,0.024922296248452165,0.1756432056427002,True,OPTIMIZED
target_203,LME_ZS_Close - US_Stock_CAT_adj_close,2,XGBoost,0.028182189820241402,0.02143031860942248,-0.00037415897325554504,0.0,0.2839503288269043,True,OPTIMIZED
target_203,LME_ZS_Close - US_Stock_CAT_adj_close,2,LightGBM,0.028549255331886843,0.02171516612528773,-0.02660307975645937,-0.013918279324319341,0.49089884757995605,True,OPTIMIZED
target_204,JPX_Platinum_Standard_Futures_Close - US_Stock_DE_adj_close,2,Ridge,0.03527015877964587,0.02718472596683158,-0.21432801900353438,0.0718106595113575,0.007901906967163086,False,OPTIMIZED
target_204,JPX_Platinum_Standard_Futures_Close - US_Stock_DE_adj_close,2,Lasso,0.03204944255448403,0.02484959406574516,-0.0026795248379183345,0.0,0.005373239517211914,False,OPTIMIZED
target_204,JPX_Platinum_Standard_Futures_Close - US_Stock_DE_adj_close,2,RandomForest,0.032865067252444514,0.025362059318371155,-0.054363193838282475,0.05700816213015801,0.3302438259124756,False,OPTIMIZED
target_204,JPX_Platinum_Standard_Futures_Close - US_Stock_DE_adj_close,2,ElasticNet,0.03371019472087639,0.026096536409673767,-0.10928645139774495,0.0794264511934075,0.21859407424926758,True,OPTIMIZED
target_204,JPX_Platinum_Standard_Futures_Close - US_Stock_DE_adj_close,2,XGBoost,0.03204600606413245,0.024842730446848916,-0.0024645124379332195,0.0,0.282484769821167,True,OPTIMIZED
target_204,JPX_Platinum_Standard_Futures_Close - US_Stock_DE_adj_close,2,LightGBM,0.03230066474821921,0.02521904948695257,-0.018460304839377883,0.14026751010939364,0.7555186748504639,True,OPTIMIZED
target_205,US_Stock_GLD_adj_close - LME_PB_Close,2,Ridge,0.020648424737631586,0.016552058813477204,-0.19237634840229845,0.14421257224694387,0.007435321807861328,False,OPTIMIZED
target_205,US_Stock_GLD_adj_close - LME_PB_Close,2,Lasso,0.019071768312286706,0.015358787560073134,-0.017235310745358445,0.0,0.005015134811401367,False,OPTIMIZED
target_205,US_Stock_GLD_adj_close - LME_PB_Close,2,RandomForest,0.037373559450131676,0.03258807528492425,-2.9063254822881066,0.08516485803973625,0.3715934753417969,False,OPTIMIZED
target_205,US_Stock_GLD_adj_close - LME_PB_Close,2,ElasticNet,0.01913240493619818,0.015396886136929838,-0.02371397272626452,0.08399857706646179,0.0029184818267822266,True,OPTIMIZED
target_205,US_Stock_GLD_adj_close - LME_PB_Close,2,XGBoost,0.019075733048068113,0.015361347466306617,-0.017658290762313955,0.0,0.316908597946167,True,OPTIMIZED
target_205,US_Stock_GLD_adj_close - LME_PB_Close,2,LightGBM,0.019306430444615965,0.01561545856404092,-0.04242176913592388,0.0691692605264367,0.4721677303314209,True,OPTIMIZED
target_206,US_Stock_RIO_adj_close - LME_PB_Close,2,Ridge,0.02092427917774405,0.016147384022953574,0.0018210361514348072,0.07501519579680095,0.007320404052734375,False,OPTIMIZED
target_206,US_Stock_RIO_adj_close - LME_PB_Close,2,Lasso,0.020958580634833586,0.016168206711911427,-0.0014543031641762738,0.0,0.004106760025024414,False,OPTIMIZED
target_206,US_Stock_RIO_adj_close - LME_PB_Close,2,RandomForest,0.021020178098042568,0.016156687552182088,-0.007349520504471574,0.08978842454974646,0.38437676429748535,False,OPTIMIZED
target_206,US_Stock_RIO_adj_close - LME_PB_Close,2,ElasticNet,0.020892398416055648,0.016118282209163583,0.004860420443583036,0.07892952599819435,0.04109907150268555,True,OPTIMIZED
target_206,US_Stock_RIO_adj_close - LME_PB_Close,2,XGBoost,0.020956985639261058,0.016166827331612007,-0.0013018830716318153,0.0,0.35195064544677734,True,OPTIMIZED
target_206,US_Stock_RIO_adj_close - LME_PB_Close,2,LightGBM,0.021263783278272216,0.01658226943550781,-0.03083338620376863,0.09883750667603988,0.5554821491241455,True,OPTIMIZED
target_207,JPX_Gold_Standard_Futures_Close - US_Stock_RSP_adj_close,2,Ridge,0.02168467551550078,0.016880389755276642,-0.38919198843557123,0.05396114775655281,0.00745081901550293,False,OPTIMIZED
target_207,JPX_Gold_Standard_Futures_Close - US_Stock_RSP_adj_close,2,Lasso,0.0184642744647843,0.01377871873091814,-0.007212040122268615,0.0,0.00561976432800293,False,OPTIMIZED
target_207,JPX_Gold_Standard_Futures_Close - US_Stock_RSP_adj_close,2,RandomForest,0.020662198517590376,0.015999521413478192,-0.2612740893148473,-0.029454795287806416,0.334409236907959,False,OPTIMIZED
target_207,JPX_Gold_Standard_Futures_Close - US_Stock_RSP_adj_close,2,ElasticNet,0.01932822946739228,0.014658972722259848,-0.1036733610890459,0.08616972928240503,0.25687694549560547,True,OPTIMIZED
target_207,JPX_Gold_Standard_Futures_Close - US_Stock_RSP_adj_close,2,XGBoost,0.01846265099741823,0.01377785804352548,-0.007034930104247161,0.0,0.15754175186157227,True,OPTIMIZED
target_207,JPX_Gold_Standard_Futures_Close - US_Stock_RSP_adj_close,2,LightGBM,0.020774741979079796,0.01600699863356939,-0.27505139722622984,0.03441157175513416,2.7312099933624268,True,OPTIMIZED
target_208,US_Stock_HAL_adj_close - LME_CA_Close,2,Ridge,0.03427755756209668,0.025271842006217595,-0.11079573828456679,0.07040203736679143,0.00849604606628418,False,OPTIMIZED
target_208,US_Stock_HAL_adj_close - LME_CA_Close,2,Lasso,0.03275579477310148,0.024062582341469626,-0.014356811995378083,0.06409533563381639,0.00829625129699707,False,OPTIMIZED
target_208,US_Stock_HAL_adj_close - LME_CA_Close,2,RandomForest,0.03240428230175249,0.02407726733910781,0.007297121297951348,0.166982180177544,0.3413243293762207,False,OPTIMIZED
target_208,US_Stock_HAL_adj_close - LME_CA_Close,2,ElasticNet,0.032732293863119474,0.024050069348744464,-0.012901817128064597,0.09285315804937117,0.18841338157653809,True,OPTIMIZED
target_208,US_Stock_HAL_adj_close - LME_CA_Close,2,XGBoost,0.03258566926566576,0.02391590732361431,-0.0038475368668338117,0.0,0.2029716968536377,True,OPTIMIZED
target_208,US_Stock_HAL_adj_close - LME_CA_Close,2,LightGBM,0.03272680393741429,0.024310825027667498,-0.0125620737898553,0.10493723630385883,0.6002757549285889,True,OPTIMIZED
target_209,LME_PB_Close - US_Stock_FCX_adj_close,2,Ridge,0.0332765669064645,0.02470520065616187,-0.04064097172980019,0.027713743304630823,0.007612943649291992,False,OPTIMIZED
target_209,LME_PB_Close - US_Stock_FCX_adj_close,2,Lasso,0.03263039460772974,0.0241341870979693,-0.0006185358152632769,0.0,0.005931377410888672,False,OPTIMIZED
target_209,LME_PB_Close - US_Stock_FCX_adj_close,2,RandomForest,0.03528835695190822,0.02612925741148567,-0.17027187430401058,0.08176111850580413,0.3619406223297119,False,OPTIMIZED
target_209,LME_PB_Close - US_Stock_FCX_adj_close,2,ElasticNet,0.03331251960997506,0.024711288937581136,-0.042890847312327285,0.012745140021387118,0.21435308456420898,True,OPTIMIZED
target_209,LME_PB_Close - US_Stock_FCX_adj_close,2,XGBoost,0.032631534879432766,0.02413457749733389,-0.000688470423863663,0.0,0.2722513675689697,True,OPTIMIZED
target_209,LME_PB_Close - US_Stock_FCX_adj_close,2,LightGBM,0.03359100118873206,0.02467196672336668,-0.060400169629727385,0.04780817730134543,0.8484475612640381,True,OPTIMIZED
target_210,US_Stock_VEA_adj_close - JPX_Platinum_Standard_Futures_Close,2,Ridge,0.0238560496223558,0.01831387439873366,-0.06287612782102792,0.12777401471567237,0.007818937301635742,False,OPTIMIZED
target_210,US_Stock_VEA_adj_close - JPX_Platinum_Standard_Futures_Close,2,Lasso,0.023160861677566237,0.017273921438307832,-0.0018322770703966818,0.0,0.005825042724609375,False,OPTIMIZED
target_210,US_Stock_VEA_adj_close - JPX_Platinum_Standard_Futures_Close,2,RandomForest,0.028510610280665677,0.02185152191249194,-0.5180938513367692,-0.1242200044381522,0.3341670036315918,False,OPTIMIZED
target_210,US_Stock_VEA_adj_close - JPX_Platinum_Standard_Futures_Close,2,ElasticNet,0.02332619603784211,0.01725463281473222,-0.016186535891959286,0.07332583304989237,0.004022836685180664,True,OPTIMIZED
target_210,US_Stock_VEA_adj_close - JPX_Platinum_Standard_Futures_Close,2,XGBoost,0.023160813816333704,0.017273957099944975,-0.0018281365614041256,0.0,0.2674875259399414,True,OPTIMIZED
target_210,US_Stock_VEA_adj_close - JPX_Platinum_Standard_Futures_Close,2,LightGBM,0.023356195808447115,0.017350599499077888,-0.018802047353757345,-0.08885941061909511,0.3022291660308838,True,OPTIMIZED
target_211,FX_EURNZD - LME_PB_Close,2,Ridge,0.01834496338047287,0.01440247484042645,0.012218512753746746,0.13014735196002028,0.007264375686645508,False,OPTIMIZED
target_211,FX_EURNZD - LME_PB_Close,2,Lasso,0.018464502251925616,0.014465355635863233,-0.0006965300037791167,0.0,0.005779266357421875,False,OPTIMIZED
target_211,FX_EURNZD - LME_PB_Close,2,RandomForest,0.018770137702874404,0.014667008641955843,-0.034098960571161685,0.008653873358076321,0.3682105541229248,False,OPTIMIZED
target_211,FX_EURNZD - LME_PB_Close,2,ElasticNet,0.01832967035665889,0.014352939708251486,0.013864726918549009,0.18342682685308784,0.003304719924926758,True,OPTIMIZED
target_211,FX_EURNZD - LME_PB_Close,2,XGBoost,0.01833664348813385,0.014363505989784484,0.013114276007334391,0.18745586410734094,0.25800418853759766,True,OPTIMIZED
target_211,FX_EURNZD - LME_PB_Close,2,LightGBM,0.02149704752549254,0.017534593337355978,-0.3563907434197202,-0.07421353559826849,1.1468303203582764,True,OPTIMIZED
target_212,FX_ZARUSD,3,Ridge,0.012049009724010469,0.009551114051479367,-0.02753139467273491,0.0281663265576551,0.007465362548828125,False,OPTIMIZED
target_212,FX_ZARUSD,3,Lasso,0.011954095582122352,0.009442643635369662,-0.011406727976332354,0.0,0.0058023929595947266,False,OPTIMIZED
target_212,FX_ZARUSD,3,RandomForest,0.013249211992111593,0.010452049200568166,-0.24243159870439213,0.1015666759763439,0.29407739639282227,False,OPTIMIZED
target_212,FX_ZARUSD,3,ElasticNet,0.011954095582122352,0.009442643635369662,-0.011406727976332354,0.0,0.0026297569274902344,True,OPTIMIZED
target_212,FX_ZARUSD,3,XGBoost,0.011633364705820548,0.009155178943571186,0.042137707369064414,0.11858263756735969,0.2701897621154785,True,OPTIMIZED
target_212,FX_ZARUSD,3,LightGBM,0.011910356299774102,0.009383805280675325,-0.004018921556429911,0.1591348400978762,0.7050662040710449,True,OPTIMIZED
target_213,LME_PB_Close - FX_ZARUSD,3,Ridge,0.01833374821982987,0.014274986845791364,-0.04238816801822565,0.04893659158892686,0.00786447525024414,False,OPTIMIZED
target_213,LME_PB_Close - FX_ZARUSD,3,Lasso,0.01799166576977599,0.014128240700915291,-0.0038520188830981628,0.0,0.0050504207611083984,False,OPTIMIZED
target_213,LME_PB_Close - FX_ZARUSD,3,RandomForest,0.01841929279962279,0.014265896686799149,-0.05213835005527345,0.03316717978790988,0.32348012924194336,False,OPTIMIZED
target_213,LME_PB_Close - FX_ZARUSD,3,ElasticNet,0.017876315631805906,0.014023761224504222,0.008978729894311699,0.1392407863229397,0.003992557525634766,True,OPTIMIZED
target_213,LME_PB_Close - FX_ZARUSD,3,XGBoost,0.017996061811469673,0.014127810202657838,-0.00434263654061029,0.0,0.12291431427001953,True,OPTIMIZED
target_213,LME_PB_Close - FX_ZARUSD,3,LightGBM,0.018012596417631244,0.014098239007465551,-0.006189044829747248,0.04921351243553378,0.596024751663208,True,OPTIMIZED
target_214,LME_CA_Close - JPX_Gold_Standard_Futures_Close,3,Ridge,0.024298213944995407,0.01969736631531242,-0.3869899202456999,0.015388966108712368,0.006109476089477539,False,OPTIMIZED
target_214,LME_CA_Close - JPX_Gold_Standard_Futures_Close,3,Lasso,0.020860220608257547,0.016779003577680078,-0.022262419606312145,0.10246458567457266,0.004989147186279297,False,OPTIMIZED
target_214,LME_CA_Close - JPX_Gold_Standard_Futures_Close,3,RandomForest,0.02085503978798212,0.016777689889706796,-0.02175470683606595,0.045103729224581536,0.3460712432861328,False,OPTIMIZED
target_214,LME_CA_Close - JPX_Gold_Standard_Futures_Close,3,ElasticNet,0.020781302969000763,0.016724938957012738,-0.014542277441026874,0.0,0.003577709197998047,True,OPTIMIZED
target_214,LME_CA_Close - JPX_Gold_Standard_Futures_Close,3,XGBoost,0.020774657788063276,0.016720188275944382,-0.013893546309383886,0.0,0.21788239479064941,True,OPTIMIZED
target_214,LME_CA_Close - JPX_Gold_Standard_Futures_Close,3,LightGBM,0.02146098909375786,0.017302809489278058,-0.08199204862482623,-0.10661042763352457,1.461125373840332,True,OPTIMIZED
target_215,LME_PB_Close - JPX_Gold_Standard_Futures_Close,3,Ridge,0.023989623269786823,0.01930441684181688,-0.22422057072521295,0.1170994262731413,0.007669210433959961,False,OPTIMIZED
target_215,LME_PB_Close - JPX_Gold_Standard_Futures_Close,3,Lasso,0.021891044646264672,0.01731263069480885,-0.019402725314698444,0.0,0.005927562713623047,False,OPTIMIZED
target_215,LME_PB_Close - JPX_Gold_Standard_Futures_Close,3,RandomForest,0.0227716793664159,0.018350673336268365,-0.1030696543135694,0.18456112852664577,0.30438828468322754,False,OPTIMIZED
target_215,LME_PB_Close - JPX_Gold_Standard_Futures_Close,3,ElasticNet,0.022399983161478024,0.01782101456632736,-0.06735330854168864,0.14270087833441772,0.019038915634155273,True,OPTIMIZED
target_215,LME_PB_Close - JPX_Gold_Standard_Futures_Close,3,XGBoost,0.021882317719527568,0.017302812265416908,-0.01859011177477976,0.0,0.24885320663452148,True,OPTIMIZED
target_215,LME_PB_Close - JPX_Gold_Standard_Futures_Close,3,LightGBM,0.02192470743401472,0.017344384659200206,-0.022540293454117677,0.2133282639336031,0.332477331161499,True,OPTIMIZED
target_216,LME_AH_Close - JPX_Platinum_Standard_Futures_Close,3,Ridge,0.032175252373669125,0.024197535701549092,-0.16768360440241614,0.0534955935411368,0.006081104278564453,False,OPTIMIZED
target_216,LME_AH_Close - JPX_Platinum_Standard_Futures_Close,3,Lasso,0.030085969301678134,0.022882439846965346,-0.020961285705529464,0.08431832806946359,0.004729509353637695,False,OPTIMIZED
target_216,LME_AH_Close - JPX_Platinum_Standard_Futures_Close,3,RandomForest,0.030120383972111836,0.022530263879817276,-0.023298331355684265,0.13330868870881885,0.3149902820587158,False,OPTIMIZED
target_216,LME_AH_Close - JPX_Platinum_Standard_Futures_Close,3,ElasticNet,0.030379309617499812,0.023166144903673302,-0.04096723086169596,0.08431832806946359,0.003966569900512695,True,OPTIMIZED
target_216,LME_AH_Close - JPX_Platinum_Standard_Futures_Close,3,XGBoost,0.03140065056179193,0.023925673309316792,-0.11213766659226021,0.1305028477649985,0.23198771476745605,True,OPTIMIZED
target_216,LME_AH_Close - JPX_Platinum_Standard_Futures_Close,3,LightGBM,0.030163525449990944,0.022849264026472225,-0.02623177456770387,0.048437280941790985,0.8296651840209961,True,OPTIMIZED
target_217,JPX_Gold_Standard_Futures_Close - LME_AH_Close,3,Ridge,0.02572630595930504,0.0211701754005577,-0.25179676929977535,0.09068063523984149,0.006337404251098633,False,OPTIMIZED
target_217,JPX_Gold_Standard_Futures_Close - LME_AH_Close,3,Lasso,0.023117710591348952,0.01873664847396777,-0.010807861052479772,0.0,0.004481077194213867,False,OPTIMIZED
target_217,JPX_Gold_Standard_Futures_Close - LME_AH_Close,3,RandomForest,0.025533220149050954,0.02101411301266663,-0.23307685261703903,0.00033565978588750224,0.31142711639404297,False,OPTIMIZED
target_217,JPX_Gold_Standard_Futures_Close - LME_AH_Close,3,ElasticNet,0.02307556907042582,0.018691606229173884,-0.007125995133036911,0.17231603095921294,0.0036020278930664062,True,OPTIMIZED
target_217,JPX_Gold_Standard_Futures_Close - LME_AH_Close,3,XGBoost,0.02312283110538874,0.01874387122697479,-0.01125569337939103,0.0,0.20376133918762207,True,OPTIMIZED
target_217,JPX_Gold_Standard_Futures_Close - LME_AH_Close,3,LightGBM,0.02421848102518376,0.01899567803816817,-0.1093606765959172,-0.03463728041639558,1.2467172145843506,True,OPTIMIZED
target_218,LME_ZS_Close - LME_PB_Close,3,Ridge,0.019789479796575193,0.016073569324119387,-0.22891677692162293,0.1566025458015365,0.0073108673095703125,False,OPTIMIZED
target_218,LME_ZS_Close - LME_PB_Close,3,Lasso,0.017905501530577288,0.01459982107253262,-0.006066520668105424,0.0,0.004933357238769531,False,OPTIMIZED
target_218,LME_ZS_Close - LME_PB_Close,3,RandomForest,0.019809939846934826,0.01590159227586496,-0.23145920827924016,0.1313029678726945,0.3693826198577881,False,OPTIMIZED
target_218,LME_ZS_Close - LME_PB_Close,3,ElasticNet,0.01780039938508874,0.014510244164587406,0.005709682615253953,0.1860379581118167,0.0032520294189453125,True,OPTIMIZED
target_218,LME_ZS_Close - LME_PB_Close,3,XGBoost,0.017909031179865986,0.014602058023007281,-0.0064632045562664775,0.0,0.3073556423187256,True,OPTIMIZED
target_218,LME_ZS_Close - LME_PB_Close,3,LightGBM,0.02181688643086915,0.017244655485563008,-0.49361703683347646,0.02155623628783144,1.251424789428711,True,OPTIMIZED
target_219,LME_ZS_Close - FX_NOKUSD,3,Ridge,0.022853035240023637,0.018176059183902554,-0.0004925451482657994,0.12998479926542644,0.007346391677856445,False,OPTIMIZED
target_219,LME_ZS_Close - FX_NOKUSD,3,Lasso,0.02286233571807932,0.018119131982434426,-0.0013070498561769117,0.0,0.0047872066497802734,False,OPTIMIZED
target_219,LME_ZS_Close - FX_NOKUSD,3,RandomForest,0.02417961213888307,0.01884578801220998,-0.12001731979759289,0.08479669339012388,0.32218408584594727,False,OPTIMIZED
target_219,LME_ZS_Close - FX_NOKUSD,3,ElasticNet,0.02286233571807932,0.018119131982434426,-0.0013070498561769117,0.0,0.0030088424682617188,True,OPTIMIZED
target_219,LME_ZS_Close - FX_NOKUSD,3,XGBoost,0.02296557232597997,0.01806904554107421,-0.01037042252175846,0.11096777886021218,0.19925379753112793,True,OPTIMIZED
target_219,LME_ZS_Close - FX_NOKUSD,3,LightGBM,0.025601758113271644,0.020205683492737714,-0.25564149223371646,0.11788336844162892,3.4124040603637695,True,OPTIMIZED
target_220,LME_AH_Close - US_Stock_BNDX_adj_close,3,Ridge,0.021847684407813338,0.01704652715895826,-0.08722939612920522,-0.032137177304913916,0.007217884063720703,False,OPTIMIZED
target_220,LME_AH_Close - US_Stock_BNDX_adj_close,3,Lasso,0.020954935618201092,0.01622540211436621,-0.00019117978833893545,0.0,0.005006551742553711,False,OPTIMIZED
target_220,LME_AH_Close - US_Stock_BNDX_adj_close,3,RandomForest,0.022116764422460758,0.017246084379455243,-0.11417534207538993,0.07295112484581173,0.3386828899383545,False,OPTIMIZED
target_220,LME_AH_Close - US_Stock_BNDX_adj_close,3,ElasticNet,0.020926060626284382,0.016195730928279372,0.0025633611667009726,0.2625741501356618,0.004080057144165039,True,OPTIMIZED
target_220,LME_AH_Close - US_Stock_BNDX_adj_close,3,XGBoost,0.021706871525484617,0.016770265266920496,-0.07325972001570946,0.06269936793366063,0.2146294116973877,True,OPTIMIZED
target_220,LME_AH_Close - US_Stock_BNDX_adj_close,3,LightGBM,0.02258620750480709,0.01747460856474394,-0.1619755404677492,-0.0880300537770625,0.9521892070770264,True,OPTIMIZED
target_221,FX_ZARCHF - JPX_Platinum_Standard_Futures_Close,3,Ridge,0.02993562103182312,0.022461826780376403,-0.2000922800156404,0.00788182896967209,0.007946968078613281,False,OPTIMIZED
target_221,FX_ZARCHF - JPX_Platinum_Standard_Futures_Close,3,Lasso,0.027482005838833545,0.020555111972182957,-0.01142795404724617,0.04601608614536742,0.005528926849365234,False,OPTIMIZED
target_221,FX_ZARCHF - JPX_Platinum_Standard_Futures_Close,3,RandomForest,0.03111156025365221,0.023546141589399768,-0.2962288425861035,-0.054131111680505384,0.36129212379455566,False,OPTIMIZED
target_221,FX_ZARCHF - JPX_Platinum_Standard_Futures_Close,3,ElasticNet,0.028009940801960995,0.02097073506431388,-0.05066067977017075,0.04601608614536742,0.003000020980834961,True,OPTIMIZED
target_221,FX_ZARCHF - JPX_Platinum_Standard_Futures_Close,3,XGBoost,0.02831618273394669,0.021121127365014754,-0.07376071364513037,0.07791442658899454,0.21060848236083984,True,OPTIMIZED
target_221,FX_ZARCHF - JPX_Platinum_Standard_Futures_Close,3,LightGBM,0.03207963927815922,0.02368916565987226,-0.37815177837202896,-0.1460146691364359,2.5430831909179688,True,OPTIMIZED
target_222,JPX_Gold_Standard_Futures_Close - FX_ZARGBP,3,Ridge,0.02009731946962151,0.01593282191393545,-0.21586422158584062,0.1294986442011104,0.008408308029174805,False,OPTIMIZED
target_222,JPX_Gold_Standard_Futures_Close - FX_ZARGBP,3,Lasso,0.018347243980600836,0.014518031106566541,-0.013329017182980518,0.0,0.00535893440246582,False,OPTIMIZED
target_222,JPX_Gold_Standard_Futures_Close - FX_ZARGBP,3,RandomForest,0.02014311002862712,0.015729019584669202,-0.22141108356281225,0.04509897852428855,0.33744311332702637,False,OPTIMIZED
target_222,JPX_Gold_Standard_Futures_Close - FX_ZARGBP,3,ElasticNet,0.01842421620228142,0.014586071451269602,-0.021849293992359575,0.08487032235398573,0.003416299819946289,True,OPTIMIZED
target_222,JPX_Gold_Standard_Futures_Close - FX_ZARGBP,3,XGBoost,0.01845138510348642,0.01451855470487659,-0.024865215205352564,0.0923180958957655,0.39757347106933594,True,OPTIMIZED
target_222,JPX_Gold_Standard_Futures_Close - FX_ZARGBP,3,LightGBM,0.01845015769080461,0.01456943052803916,-0.024728868723449704,0.03641136385458117,0.27287888526916504,True,OPTIMIZED
target_223,LME_CA_Close - FX_NZDJPY,3,Ridge,0.020312783163586628,0.01579532152716561,-0.1645901185478622,-0.011140518059552929,0.007842302322387695,False,OPTIMIZED
target_223,LME_CA_Close - FX_NZDJPY,3,Lasso,0.018912184439336253,0.014701145746055886,-0.009526270982270102,0.2933425412233119,0.02159857749938965,False,OPTIMIZED
target_223,LME_CA_Close - FX_NZDJPY,3,RandomForest,0.020699482192015797,0.01617029391159542,-0.20935331338500385,0.025770003369367564,0.34697961807250977,False,OPTIMIZED
target_223,LME_CA_Close - FX_NZDJPY,3,ElasticNet,0.02026754075203785,0.015809724827839336,-0.15940814142784943,0.007378143349871527,0.27784061431884766,True,OPTIMIZED
target_223,LME_CA_Close - FX_NZDJPY,3,XGBoost,0.01888429374936266,0.014596785464097812,-0.006550874611660484,0.0,0.22783279418945312,True,OPTIMIZED
target_223,LME_CA_Close - FX_NZDJPY,3,LightGBM,0.023401105321177427,0.0191962738201416,-0.5456351237665813,0.07248564160731692,0.6670784950256348,True,OPTIMIZED
target_224,US_Stock_OXY_adj_close - LME_AH_Close,3,Ridge,0.03778982882393607,0.02835912886491664,-0.15199623068090307,-0.0486203049151117,0.007889509201049805,False,OPTIMIZED
target_224,US_Stock_OXY_adj_close - LME_AH_Close,3,Lasso,0.036071468366731606,0.026943083117058123,-0.04961215601539526,0.10309143765916925,0.0069751739501953125,False,OPTIMIZED
target_224,US_Stock_OXY_adj_close - LME_AH_Close,3,RandomForest,0.03923092109404417,0.028928435371012945,-0.2415328598371569,-0.13309466119023233,0.3520395755767822,False,OPTIMIZED
target_224,US_Stock_OXY_adj_close - LME_AH_Close,3,ElasticNet,0.036242471086562,0.027381436676461257,-0.0595874624992363,-0.012285102885357673,0.007586240768432617,True,OPTIMIZED
target_224,US_Stock_OXY_adj_close - LME_AH_Close,3,XGBoost,0.03719687879906962,0.027893851738233777,-0.11612852593385736,-0.13337895046110768,0.4015686511993408,True,OPTIMIZED
target_224,US_Stock_OXY_adj_close - LME_AH_Close,3,LightGBM,0.04054683860386679,0.031728882134166025,-0.3262188775092676,-0.10662185839539522,1.3009109497070312,True,OPTIMIZED
target_225,US_Stock_XOM_adj_close - JPX_Gold_Standard_Futures_Close,3,Ridge,0.02940531749694774,0.02341014627754796,-0.13227284520167903,0.08424189107325387,0.0062673091888427734,False,OPTIMIZED
target_225,US_Stock_XOM_adj_close - JPX_Gold_Standard_Futures_Close,3,Lasso,0.028145907901306267,0.022307023321736535,-0.037360890187274176,0.055893324233406844,0.004817485809326172,False,OPTIMIZED
target_225,US_Stock_XOM_adj_close - JPX_Gold_Standard_Futures_Close,3,RandomForest,0.029378900790513085,0.023428901600112267,-0.13023937054880275,0.008354687375260825,0.3319368362426758,False,OPTIMIZED
target_225,US_Stock_XOM_adj_close - JPX_Gold_Standard_Futures_Close,3,ElasticNet,0.027936081751676705,0.02219474089148746,-0.02195160935293705,0.0,0.0031402111053466797,True,OPTIMIZED
target_225,US_Stock_XOM_adj_close - JPX_Gold_Standard_Futures_Close,3,XGBoost,0.027932656661964567,0.022192419815451524,-0.021701032955015798,0.0,0.14139270782470703,True,OPTIMIZED
target_225,US_Stock_XOM_adj_close - JPX_Gold_Standard_Futures_Close,3,LightGBM,0.027585615187743977,0.022133662209782082,0.0035289330120261697,0.08734403200836524,1.2965247631072998,True,OPTIMIZED
target_226,LME_AH_Close - US_Stock_EWZ_adj_close,3,Ridge,0.027185090610249176,0.021414850919192686,-0.030749448299024706,0.09850890872173312,0.008516311645507812,False,OPTIMIZED
target_226,LME_AH_Close - US_Stock_EWZ_adj_close,3,Lasso,0.02684913268180391,0.021030980984651008,-0.005430518239911475,0.0,0.006364583969116211,False,OPTIMIZED
target_226,LME_AH_Close - US_Stock_EWZ_adj_close,3,RandomForest,0.026846207551215584,0.02109985800406124,-0.005211453036511049,0.08654705106382471,0.32042765617370605,False,OPTIMIZED
target_226,LME_AH_Close - US_Stock_EWZ_adj_close,3,ElasticNet,0.026875211364287308,0.02110461084704591,-0.007384625100942177,0.18326130941972868,0.26314806938171387,True,OPTIMIZED
target_226,LME_AH_Close - US_Stock_EWZ_adj_close,3,XGBoost,0.02685216799690263,0.021033007094368762,-0.005657860476472765,0.0,0.28238439559936523,True,OPTIMIZED
target_226,LME_AH_Close - US_Stock_EWZ_adj_close,3,LightGBM,0.02725170179640009,0.021246777816828138,-0.03580689408214566,0.043020757874753325,1.282853603363037,True,OPTIMIZED
target_227,FX_EURAUD - LME_PB_Close,3,Ridge,0.022420397004429295,0.016775699809188704,0.034902726361617065,0.15131701119092997,0.006663799285888672,False,OPTIMIZED
target_227,FX_EURAUD - LME_PB_Close,3,Lasso,0.0228246537441897,0.017179251334860975,-0.0002139043538174068,0.0,0.0041065216064453125,False,OPTIMIZED
target_227,FX_EURAUD - LME_PB_Close,3,RandomForest,0.025428212143293116,0.02021798610593945,-0.24141258498039098,0.039404882239317686,0.38675665855407715,False,OPTIMIZED
target_227,FX_EURAUD - LME_PB_Close,3,ElasticNet,0.02261532201054514,0.01695637442196394,0.018048487322696927,0.21097179247782258,0.003741025924682617,True,OPTIMIZED
target_227,FX_EURAUD - LME_PB_Close,3,XGBoost,0.022783406415640674,0.01712411803530131,0.0033978808840195995,0.19265756605500053,0.29204559326171875,True,OPTIMIZED
target_227,FX_EURAUD - LME_PB_Close,3,LightGBM,0.023204803448037794,0.01746245570780361,-0.03380893191316847,0.012581372798658425,1.0045945644378662,True,OPTIMIZED
target_228,LME_ZS_Close - FX_GBPUSD,3,Ridge,0.023084575641832823,0.01842882101513945,0.004781787813527449,0.14127089457994788,0.006730318069458008,False,OPTIMIZED
target_228,LME_ZS_Close - FX_GBPUSD,3,Lasso,0.023159141229807723,0.018388661548947683,-0.001657913202862904,0.0,0.005828857421875,False,OPTIMIZED
target_228,LME_ZS_Close - FX_GBPUSD,3,RandomForest,0.02354496029058959,0.01877483466962927,-0.03531009490244852,0.18589495289315502,0.3273317813873291,False,OPTIMIZED
target_228,LME_ZS_Close - FX_GBPUSD,3,ElasticNet,0.023159141229807723,0.018388661548947683,-0.001657913202862904,0.0,0.003086566925048828,True,OPTIMIZED
target_228,LME_ZS_Close - FX_GBPUSD,3,XGBoost,0.023162788813113983,0.01839524441285934,-0.0019734618988531683,0.0,0.2086176872253418,True,OPTIMIZED
target_228,LME_ZS_Close - FX_GBPUSD,3,LightGBM,0.027144849857411568,0.022009271503150792,-0.376098152246342,0.13644601167190076,1.2977206707000732,True,OPTIMIZED
target_229,LME_CA_Close - FX_GBPJPY,3,Ridge,0.021821651726565725,0.01667160085296014,-0.1340398356500141,-0.09646062083812373,0.00842738151550293,False,OPTIMIZED
target_229,LME_CA_Close - FX_GBPJPY,3,Lasso,0.02054366498259996,0.01571410911286781,-0.005099179309925539,0.15504157696690046,0.006620168685913086,False,OPTIMIZED
target_229,LME_CA_Close - FX_GBPJPY,3,RandomForest,0.023068382347480692,0.01751340594140225,-0.2673231032426435,0.05131392474736173,0.3719456195831299,False,OPTIMIZED
target_229,LME_CA_Close - FX_GBPJPY,3,ElasticNet,0.02052461062303586,0.015693462174685095,-0.0032355741930181203,0.15504157696690046,0.003669261932373047,True,OPTIMIZED
target_229,LME_CA_Close - FX_GBPJPY,3,XGBoost,0.020508005992934182,0.01567440564975048,-0.0016129741324386604,0.0,0.17898797988891602,True,OPTIMIZED
target_229,LME_CA_Close - FX_GBPJPY,3,LightGBM,0.021702875482064996,0.016732529429099276,-0.12172817257869473,0.05307062554495019,0.8321425914764404,True,OPTIMIZED
target_230,LME_AH_Close - US_Stock_ALB_adj_close,3,Ridge,0.05923392075173273,0.0458222371678986,-0.050902280075710626,-0.09228993223447797,0.00722503662109375,False,OPTIMIZED
target_230,LME_AH_Close - US_Stock_ALB_adj_close,3,Lasso,0.05806655380447254,0.044859141316222914,-0.009888619205991489,0.0,0.004210472106933594,False,OPTIMIZED
target_230,LME_AH_Close - US_Stock_ALB_adj_close,3,RandomForest,0.059642603258446704,0.046283966746440995,-0.06545363790755743,-0.10765047407317532,0.36210203170776367,False,OPTIMIZED
target_230,LME_AH_Close - US_Stock_ALB_adj_close,3,ElasticNet,0.05921592464386059,0.04568671030920805,-0.0502638189485356,-0.08370534784992856,0.2747824192047119,True,OPTIMIZED
target_230,LME_AH_Close - US_Stock_ALB_adj_close,3,XGBoost,0.05805195599899445,0.044847377277607556,-0.009380915422015024,0.0,0.22692537307739258,True,OPTIMIZED
target_230,LME_AH_Close - US_Stock_ALB_adj_close,3,LightGBM,0.06080867714832693,0.047207385161515604,-0.10752231606728002,-0.03411947048446936,1.366225242614746,True,OPTIMIZED
target_231,LME_PB_Close - FX_USDJPY,3,Ridge,0.0217254963170906,0.017068922812432427,0.02576615512436664,0.14825397315308503,0.007518768310546875,False,OPTIMIZED
target_231,LME_PB_Close - FX_USDJPY,3,Lasso,0.022031108101463043,0.01762248166368932,-0.0018356514965096604,0.0,0.0053904056549072266,False,OPTIMIZED
target_231,LME_PB_Close - FX_USDJPY,3,RandomForest,0.026124982781387116,0.02128449822820758,-0.4087561511221469,0.16702520852784358,0.33921289443969727,False,OPTIMIZED
target_231,LME_PB_Close - FX_USDJPY,3,ElasticNet,0.021698144606418987,0.017307285451907548,0.028217669973350956,0.2594184111502918,0.003881692886352539,True,OPTIMIZED
target_232,JPX_Gold_Standard_Futures_Close - US_Stock_SPYV_adj_close,3,Ridge,0.027129276891162665,0.021252991982051803,-0.5184623724844204,0.07499495173229935,0.0074236392974853516,False,OPTIMIZED
target_232,JPX_Gold_Standard_Futures_Close - US_Stock_SPYV_adj_close,3,Lasso,0.02227877572181629,0.017402980577285322,-0.024024249943415565,0.0,0.006226778030395508,False,OPTIMIZED
target_232,JPX_Gold_Standard_Futures_Close - US_Stock_SPYV_adj_close,3,RandomForest,0.030094895088683862,0.02432300601117199,-0.8685867530238238,0.007030788954233734,0.33574342727661133,False,OPTIMIZED
target_232,JPX_Gold_Standard_Futures_Close - US_Stock_SPYV_adj_close,3,ElasticNet,0.02227877572181629,0.017402980577285322,-0.024024249943415565,0.0,0.003702878952026367,True,OPTIMIZED
target_232,JPX_Gold_Standard_Futures_Close - US_Stock_SPYV_adj_close,3,XGBoost,0.0222817517800188,0.01740576629786826,-0.024297851990222386,0.0,0.1331186294555664,True,OPTIMIZED
target_232,JPX_Gold_Standard_Futures_Close - US_Stock_SPYV_adj_close,3,LightGBM,0.023013032119241,0.017969477077792183,-0.09263544651939681,0.0010256984219663041,0.957165002822876,True,OPTIMIZED
target_233,US_Stock_EWJ_adj_close - LME_ZS_Close,3,Ridge,0.027276071457877006,0.021343358061320886,0.024967177390033513,0.12630829565608373,0.007436990737915039,False,OPTIMIZED
target_233,US_Stock_EWJ_adj_close - LME_ZS_Close,3,Lasso,0.027633175980414513,0.02154412447921004,-0.0007306518178318289,0.0,0.004808902740478516,False,OPTIMIZED
target_233,US_Stock_EWJ_adj_close - LME_ZS_Close,3,RandomForest,0.028170841609441534,0.022100136099475982,-0.04005244711701872,0.028765554132126704,0.34777355194091797,False,OPTIMIZED
target_233,US_Stock_EWJ_adj_close - LME_ZS_Close,3,ElasticNet,0.02761533735441762,0.02153137180457258,0.0005609766041133613,0.09086789113267267,0.0036432743072509766,True,OPTIMIZED
target_233,US_Stock_EWJ_adj_close - LME_ZS_Close,3,XGBoost,0.02763180162225513,0.021540896520480156,-0.0006311100108915557,0.0,0.29467225074768066,True,OPTIMIZED
target_233,US_Stock_EWJ_adj_close - LME_ZS_Close,3,LightGBM,0.028462719813338103,0.022368663914059967,-0.06171607239367938,0.09611178635600257,0.27748560905456543,True,OPTIMIZED
target_234,LME_ZS_Close - FX_NOKGBP,3,Ridge,0.024396526948952973,0.019558986925083028,-0.015486645824439815,0.1610639999794237,0.007506370544433594,False,OPTIMIZED
target_234,LME_ZS_Close - FX_NOKGBP,3,Lasso,0.024227256342690903,0.019529468749570712,-0.0014440142128933076,0.25550737274207364,0.006785392761230469,False,OPTIMIZED
target_234,LME_ZS_Close - FX_NOKGBP,3,RandomForest,0.024997608015568204,0.01972105411078026,-0.0661421495638137,0.1450391849731351,0.3282604217529297,False,OPTIMIZED
target_234,LME_ZS_Close - FX_NOKGBP,3,ElasticNet,0.024048459081297165,0.019350749524266853,0.013282765382121697,0.25550737274207364,0.00388336181640625,True,OPTIMIZED
target_234,LME_ZS_Close - FX_NOKGBP,3,XGBoost,0.024255305184217844,0.019556692276602138,-0.0037641782563282433,0.0,0.2872314453125,True,OPTIMIZED
target_234,LME_ZS_Close - FX_NOKGBP,3,LightGBM,0.025932493221635804,0.020502115268702346,-0.14737861757168647,0.015086021754283082,0.4796128273010254,True,OPTIMIZED
target_235,JPX_Platinum_Standard_Futures_Close - US_Stock_TRGP_adj_close,3,Ridge,0.0853796551822537,0.06882744777598347,-3.3397241897316645,0.14985763102407046,0.007806539535522461,False,OPTIMIZED
target_235,JPX_Platinum_Standard_Futures_Close - US_Stock_TRGP_adj_close,3,Lasso,0.040981648326677875,0.03202616422834733,0.0001561484376334521,0.04275021797558986,0.006731510162353516,False,OPTIMIZED
target_235,JPX_Platinum_Standard_Futures_Close - US_Stock_TRGP_adj_close,3,RandomForest,0.06335075953602706,0.04256597496782142,-1.3892246578602334,-0.07757074227536773,0.3161196708679199,False,OPTIMIZED
target_235,JPX_Platinum_Standard_Futures_Close - US_Stock_TRGP_adj_close,3,ElasticNet,0.08105422783396198,0.06582262924662347,-2.911151884198215,0.15347790424101446,0.2267155647277832,True,OPTIMIZED
target_235,JPX_Platinum_Standard_Futures_Close - US_Stock_TRGP_adj_close,3,XGBoost,0.050383224176598664,0.037801397950290624,-0.5112114924184932,-0.057670541716707754,0.250882625579834,True,OPTIMIZED
target_235,JPX_Platinum_Standard_Futures_Close - US_Stock_TRGP_adj_close,3,LightGBM,0.053043937428272514,0.03973341118111442,-0.6750386947204354,-0.07816244621051198,1.5192313194274902,True,OPTIMIZED
target_236,LME_PB_Close - FX_CHFJPY,3,Ridge,0.020234553049874905,0.015697323136016687,-0.021430169857631354,0.06268103920554942,0.008474588394165039,False,OPTIMIZED
target_236,LME_PB_Close - FX_CHFJPY,3,Lasso,0.020023900598335552,0.01570516027437898,-0.0002736097284206096,0.0,0.005563259124755859,False,OPTIMIZED
target_236,LME_PB_Close - FX_CHFJPY,3,RandomForest,0.020749488101865148,0.016129618832077988,-0.07407899496188386,0.061138074625061406,0.3605630397796631,False,OPTIMIZED
target_236,LME_PB_Close - FX_CHFJPY,3,ElasticNet,0.019782054465080093,0.015425793518302535,0.02374283106975128,0.23729632687495014,0.007218360900878906,True,OPTIMIZED
target_236,LME_PB_Close - FX_CHFJPY,3,XGBoost,0.019913410106631255,0.015553567651299196,0.010734814889224453,0.1580052805916506,0.20882582664489746,True,OPTIMIZED
target_236,LME_PB_Close - FX_CHFJPY,3,LightGBM,0.021486792260024496,0.016551149703442375,-0.151766969140553,0.14486094285706935,1.1483490467071533,True,OPTIMIZED
target_237,LME_ZS_Close - US_Stock_WPM_adj_close,3,Ridge,0.03943343082243275,0.030760151494070596,-0.1688104081889632,0.009449347145747614,0.007914304733276367,False,OPTIMIZED
target_237,LME_ZS_Close - US_Stock_WPM_adj_close,3,Lasso,0.03661653410502449,0.028381684886511795,-0.007788531146793343,0.0,0.005730867385864258,False,OPTIMIZED
target_237,LME_ZS_Close - US_Stock_WPM_adj_close,3,RandomForest,0.038070258533636145,0.029610115644553656,-0.08939805443886284,0.012335953790503786,0.35591793060302734,False,OPTIMIZED
target_237,LME_ZS_Close - US_Stock_WPM_adj_close,3,ElasticNet,0.03940934513753655,0.030683459086829516,-0.16738304053666475,0.012829891529963968,0.23775124549865723,True,OPTIMIZED
target_237,LME_ZS_Close - US_Stock_WPM_adj_close,3,XGBoost,0.0366572430473574,0.028421757681949978,-0.010030622694679359,0.004640741815660381,0.35853147506713867,True,OPTIMIZED
target_237,LME_ZS_Close - US_Stock_WPM_adj_close,3,LightGBM,0.03643621073463943,0.028122653067242407,0.0021130259854259537,0.07281463031094584,1.5976636409759521,True,OPTIMIZED
target_238,US_Stock_ENB_adj_close - JPX_Gold_Standard_Futures_Close,3,Ridge,0.02912404363183749,0.023109554272878904,-0.40090431112641656,-0.03155010777464533,0.0071828365325927734,False,OPTIMIZED
target_238,US_Stock_ENB_adj_close - JPX_Gold_Standard_Futures_Close,3,Lasso,0.0246261672008781,0.01922746877488966,-0.001610280291374,-0.09257056348945734,0.005905866622924805,False,OPTIMIZED
target_238,US_Stock_ENB_adj_close - JPX_Gold_Standard_Futures_Close,3,RandomForest,0.04553331475123826,0.0382265794388288,-2.424235776983913,0.0013332905469817617,0.3539845943450928,False,OPTIMIZED
target_238,US_Stock_ENB_adj_close - JPX_Gold_Standard_Futures_Close,3,ElasticNet,0.025341793256587697,0.020190866942853266,-0.060668845747658295,-0.03321055737571478,0.25304651260375977,True,OPTIMIZED
target_238,US_Stock_ENB_adj_close - JPX_Gold_Standard_Futures_Close,3,XGBoost,0.0246249280482394,0.019287236288621796,-0.0015094837049403065,0.0,0.30135250091552734,True,OPTIMIZED
target_238,US_Stock_ENB_adj_close - JPX_Gold_Standard_Futures_Close,3,LightGBM,0.02754720888066299,0.022126265156821204,-0.2533152671344683,0.006855860608327997,1.0178396701812744,True,OPTIMIZED
target_239,FX_AUDUSD - JPX_Platinum_Standard_Futures_Close,3,Ridge,0.030846872280378426,0.022537348533194897,-0.23256387867944084,0.06371361325881347,0.007585763931274414,False,OPTIMIZED
target_239,FX_AUDUSD - JPX_Platinum_Standard_Futures_Close,3,Lasso,0.027898557940674838,0.02036574269972729,-0.008209247359015848,0.0,0.0050067901611328125,False,OPTIMIZED
target_239,FX_AUDUSD - JPX_Platinum_Standard_Futures_Close,3,RandomForest,0.03166786699291975,0.02372389101528171,-0.29904677787875955,-0.025378323905956304,0.3099958896636963,False,OPTIMIZED
target_239,FX_AUDUSD - JPX_Platinum_Standard_Futures_Close,3,ElasticNet,0.028238482007901036,0.020661468739148363,-0.032927546802787644,0.07234841789853762,0.0035905838012695312,True,OPTIMIZED
target_239,FX_AUDUSD - JPX_Platinum_Standard_Futures_Close,3,XGBoost,0.02790054026556248,0.020367684192437688,-0.008352528548831062,0.0,0.13194990158081055,True,OPTIMIZED
target_239,FX_AUDUSD - JPX_Platinum_Standard_Futures_Close,3,LightGBM,0.030617286253750674,0.022499746763446862,-0.21428478923818717,-0.0913445320306808,4.198976278305054,True,OPTIMIZED
target_240,FX_NOKJPY - LME_PB_Close,3,Ridge,0.01972186807460407,0.015700574829539474,-0.09514506080225749,0.03223018696131914,0.0071871280670166016,False,OPTIMIZED
target_240,FX_NOKJPY - LME_PB_Close,3,Lasso,0.01884644647612037,0.014966224258824153,-7.944452759711673e-05,0.0,0.004559516906738281,False,OPTIMIZED
target_240,FX_NOKJPY - LME_PB_Close,3,RandomForest,0.020097891001805812,0.01598818488441782,-0.13730388636908963,0.10960346916257067,0.3167991638183594,False,OPTIMIZED
target_240,FX_NOKJPY - LME_PB_Close,3,ElasticNet,0.018724504237660495,0.014867942609315721,0.012820323419465596,0.13424434859322473,0.004151821136474609,True,OPTIMIZED
target_240,FX_NOKJPY - LME_PB_Close,3,XGBoost,0.018846617055281033,0.014967636498433419,-9.754804482775548e-05,0.0,0.27318668365478516,True,OPTIMIZED
target_240,FX_NOKJPY - LME_PB_Close,3,LightGBM,0.018899882982533592,0.015116246287471118,-0.005758659828896562,0.07620583492156574,0.9547586441040039,True,OPTIMIZED
target_241,LME_CA_Close - US_Stock_X_adj_close,3,Ridge,0.055542621906357025,0.037481686679511496,-0.01136856209046,0.21243584020296818,0.0059108734130859375,False,OPTIMIZED
target_241,LME_CA_Close - US_Stock_X_adj_close,3,Lasso,0.055317200479914334,0.03803601571580914,-0.0031758806572481646,0.17939446732121458,0.006146669387817383,False,OPTIMIZED
target_241,LME_CA_Close - US_Stock_X_adj_close,3,RandomForest,0.06299921769748752,0.04554434755533519,-0.3011489302569925,-0.10696741250237544,0.3441951274871826,False,OPTIMIZED
target_241,LME_CA_Close - US_Stock_X_adj_close,3,ElasticNet,0.05535201699147086,0.03766172549613848,-0.004439070979611381,0.17636977175248836,0.13240456581115723,True,OPTIMIZED
target_241,LME_CA_Close - US_Stock_X_adj_close,3,XGBoost,0.05521219080571646,0.03830179053561408,0.0006291992825430137,0.06125458159591961,0.26517200469970703,True,OPTIMIZED
target_241,LME_CA_Close - US_Stock_X_adj_close,3,LightGBM,0.05682056179051369,0.040517160166461036,-0.05844365181267275,-0.035267863316577296,3.403494119644165,True,OPTIMIZED
target_242,LME_ZS_Close - FX_EURNZD,3,Ridge,0.027719578613107535,0.02191260441475684,-0.030853282433327855,0.14121791063202646,0.008718013763427734,False,OPTIMIZED
target_242,LME_ZS_Close - FX_EURNZD,3,Lasso,0.02724432941646267,0.021594983539930016,0.004191438494855371,0.26262368279590637,0.005793571472167969,False,OPTIMIZED
target_242,LME_ZS_Close - FX_EURNZD,3,RandomForest,0.027568672439306344,0.021531063661697186,-0.019659845155372224,0.10922743745450711,0.34822678565979004,False,OPTIMIZED
target_242,LME_ZS_Close - FX_EURNZD,3,ElasticNet,0.027205157390398426,0.021564617605641476,0.007052936423653899,0.26262368279590637,0.002978801727294922,True,OPTIMIZED
target_242,LME_ZS_Close - FX_EURNZD,3,XGBoost,0.027308810628501698,0.02164590230452662,-0.0005278503131853629,0.0,0.16422557830810547,True,OPTIMIZED
target_242,LME_ZS_Close - FX_EURNZD,3,LightGBM,0.028403907888196363,0.021958102740736275,-0.08238010614056512,0.15341116315197903,0.8092367649078369,True,OPTIMIZED
target_243,LME_PB_Close - US_Stock_VTV_adj_close,3,Ridge,0.02246075286435071,0.01804319188267642,-0.2635905070075508,0.14818251133291224,0.007666349411010742,False,OPTIMIZED
target_243,LME_PB_Close - US_Stock_VTV_adj_close,3,Lasso,0.019995891662344095,0.015587359417324219,-0.0014730943853282774,0.0,0.005234718322753906,False,OPTIMIZED
target_243,LME_PB_Close - US_Stock_VTV_adj_close,3,RandomForest,0.021008662805013255,0.016654963716597995,-0.10548933459046661,0.0988086614257523,0.3719143867492676,False,OPTIMIZED
target_243,LME_PB_Close - US_Stock_VTV_adj_close,3,ElasticNet,0.020073981287276187,0.015779538344064814,-0.009310440708515388,0.1354569979766692,0.004626274108886719,True,OPTIMIZED
target_243,LME_PB_Close - US_Stock_VTV_adj_close,3,XGBoost,0.020407106416556832,0.0162485420381197,-0.04308714751168918,0.1469634041059498,0.21768498420715332,True,OPTIMIZED
target_243,LME_PB_Close - US_Stock_VTV_adj_close,3,LightGBM,0.02082775267037116,0.01644348562342056,-0.08653209495313008,0.09122265797383823,0.8641908168792725,True,OPTIMIZED
target_244,US_Stock_DVN_adj_close - LME_PB_Close,3,Ridge,0.04064779464372203,0.02920192417779418,-0.09272843950071818,0.08008541762569689,0.008094549179077148,False,OPTIMIZED
target_244,US_Stock_DVN_adj_close - LME_PB_Close,3,Lasso,0.03908053862081378,0.028541699959116366,-0.010088326324867003,0.017359340549949653,0.005887746810913086,False,OPTIMIZED
target_244,US_Stock_DVN_adj_close - LME_PB_Close,3,RandomForest,0.04022822771196513,0.029533118675938465,-0.07028655586733845,0.0003485219931651625,0.37128567695617676,False,OPTIMIZED
target_244,US_Stock_DVN_adj_close - LME_PB_Close,3,ElasticNet,0.03985290122034128,0.028644126200458867,-0.05040832744656942,0.0822601115984075,0.23499298095703125,True,OPTIMIZED
target_244,US_Stock_DVN_adj_close - LME_PB_Close,3,XGBoost,0.03972840521236181,0.028834866786322667,-0.04385586167769806,0.0025757041498312328,0.35622692108154297,True,OPTIMIZED
target_244,US_Stock_DVN_adj_close - LME_PB_Close,3,LightGBM,0.045090799041981426,0.03260506249076896,-0.3446651006974921,0.013848991248886335,0.7176952362060547,True,OPTIMIZED
target_245,FX_GBPNZD - JPX_Platinum_Standard_Futures_Close,3,Ridge,0.03306307330052892,0.024565263663828697,-0.21451023441571038,0.05574678950458919,0.00771641731262207,False,OPTIMIZED
target_245,FX_GBPNZD - JPX_Platinum_Standard_Futures_Close,3,Lasso,0.03016160819028714,0.022250178813017458,-0.010703400803490082,0.15779864440310898,0.007031917572021484,False,OPTIMIZED
target_245,FX_GBPNZD - JPX_Platinum_Standard_Futures_Close,3,RandomForest,0.032927053701735015,0.02465675599765431,-0.20453793768475337,-0.09293907769626532,0.35033082962036133,False,OPTIMIZED
target_245,FX_GBPNZD - JPX_Platinum_Standard_Futures_Close,3,ElasticNet,0.030551118488337713,0.022706919259317098,-0.036976627989095734,0.15779864440310898,0.0036749839782714844,True,OPTIMIZED
target_245,FX_GBPNZD - JPX_Platinum_Standard_Futures_Close,3,XGBoost,0.030058594384858722,0.02217548314671051,-0.003811287922824702,0.0,0.2599475383758545,True,OPTIMIZED
target_245,FX_GBPNZD - JPX_Platinum_Standard_Futures_Close,3,LightGBM,0.03178498169516341,0.02350778541192336,-0.12242846074082392,-0.07927030035167952,1.328050136566162,True,OPTIMIZED
target_246,US_Stock_SCCO_adj_close - LME_AH_Close,3,Ridge,0.03662439000333266,0.02751912900666705,0.019764762011229453,0.18631236372849538,0.008567333221435547,False,OPTIMIZED
target_246,US_Stock_SCCO_adj_close - LME_AH_Close,3,Lasso,0.03703851069503717,0.027725852725509193,-0.0025280707427877136,0.0,0.006432533264160156,False,OPTIMIZED
target_246,US_Stock_SCCO_adj_close - LME_AH_Close,3,RandomForest,0.03814434107243653,0.028372251096264102,-0.06328514068415725,0.02140674419794146,0.34009861946105957,False,OPTIMIZED
target_246,US_Stock_SCCO_adj_close - LME_AH_Close,3,ElasticNet,0.036567224267305264,0.02741016446800442,0.022822404016218045,0.15360214727611624,0.21445178985595703,True,OPTIMIZED
target_246,US_Stock_SCCO_adj_close - LME_AH_Close,3,XGBoost,0.0370203559258943,0.02769765998694625,-0.001545514763636291,0.03789939149455977,0.2630772590637207,True,OPTIMIZED
target_246,US_Stock_SCCO_adj_close - LME_AH_Close,3,LightGBM,0.03809045471724686,0.028019200494200383,-0.06028306552228124,0.02342948020264234,5.716541051864624,True,OPTIMIZED
target_247,JPX_Platinum_Standard_Futures_Close - US_Stock_CVE_adj_close,3,Ridge,0.052809708371122796,0.03978327248726606,-0.6287401037307299,0.05475648565431028,0.008521556854248047,False,OPTIMIZED
target_247,JPX_Platinum_Standard_Futures_Close - US_Stock_CVE_adj_close,3,Lasso,0.04168120278613752,0.03179547358413618,-0.014623080048786985,0.018606192854783644,0.005817413330078125,False,OPTIMIZED
target_247,JPX_Platinum_Standard_Futures_Close - US_Stock_CVE_adj_close,3,RandomForest,0.06119168508405904,0.039768999803246594,-1.1868000606955507,-0.003619881878362577,0.32738375663757324,False,OPTIMIZED
target_247,JPX_Platinum_Standard_Futures_Close - US_Stock_CVE_adj_close,3,ElasticNet,0.0510530588555981,0.03870783295446284,-0.522186225539421,0.06567874546242915,0.25317931175231934,True,OPTIMIZED
target_247,JPX_Platinum_Standard_Futures_Close - US_Stock_CVE_adj_close,3,XGBoost,0.042198662067432925,0.03182612970745017,-0.03997192380745074,-0.008987315373629054,0.22179126739501953,True,OPTIMIZED
target_247,JPX_Platinum_Standard_Futures_Close - US_Stock_CVE_adj_close,3,LightGBM,0.06445769810855488,0.04540189732471425,-1.4264639069614455,-0.10339321857198985,1.359581470489502,True,OPTIMIZED
target_248,LME_AH_Close - US_Stock_NEM_adj_close,3,Ridge,0.04616784560816555,0.03382374742405024,-0.09542316872781775,-0.06970261439074667,0.007241010665893555,False,OPTIMIZED
target_248,LME_AH_Close - US_Stock_NEM_adj_close,3,Lasso,0.04436591714626011,0.03201690153539929,-0.011583255476758758,0.0,0.0044209957122802734,False,OPTIMIZED
target_248,LME_AH_Close - US_Stock_NEM_adj_close,3,RandomForest,0.04987669625621007,0.03793160761271841,-0.27849213896495284,0.06481795375957691,0.33094215393066406,False,OPTIMIZED
target_248,LME_AH_Close - US_Stock_NEM_adj_close,3,ElasticNet,0.04474175899624413,0.03226976721253496,-0.028794923434209974,-0.07620052742201969,0.16503167152404785,True,OPTIMIZED
target_248,LME_AH_Close - US_Stock_NEM_adj_close,3,XGBoost,0.044378860477707796,0.03202090463849293,-0.012173581029394809,0.0,0.2931091785430908,True,OPTIMIZED
target_248,LME_AH_Close - US_Stock_NEM_adj_close,3,LightGBM,0.04609785202706392,0.033917232181667874,-0.09210421507202105,0.04376776064508684,1.5558555126190186,True,OPTIMIZED
target_249,LME_ZS_Close - US_Stock_VALE_adj_close,3,Ridge,0.03336992065851071,0.026269436305100976,-0.29894755939432405,0.19356114538838792,0.0071408748626708984,False,OPTIMIZED
target_249,LME_ZS_Close - US_Stock_VALE_adj_close,3,Lasso,0.02953030352666497,0.023160085555254676,-0.017225156321659885,0.0,0.0061075687408447266,False,OPTIMIZED
target_249,LME_ZS_Close - US_Stock_VALE_adj_close,3,RandomForest,0.029925141676310635,0.02336657504927063,-0.04460884908938567,0.10672415495311603,0.3440127372741699,False,OPTIMIZED
target_249,LME_ZS_Close - US_Stock_VALE_adj_close,3,ElasticNet,0.032101229780149246,0.025170723049362912,-0.20205575141998922,0.2163759541235623,0.22958040237426758,True,OPTIMIZED
target_249,LME_ZS_Close - US_Stock_VALE_adj_close,3,XGBoost,0.03725354441190216,0.0290893616925304,-0.6188867492884262,0.08691966032784856,0.2672152519226074,True,OPTIMIZED
target_249,LME_ZS_Close - US_Stock_VALE_adj_close,3,LightGBM,0.029854952314516764,0.023358605375586327,-0.03971433979866479,0.23759267651806304,2.0547220706939697,True,OPTIMIZED
target_250,US_Stock_VXUS_adj_close - LME_CA_Close,3,Ridge,0.019765720543744113,0.015296293526597535,-0.34300950748445835,0.03343342932556831,0.007208108901977539,False,OPTIMIZED
target_250,US_Stock_VXUS_adj_close - LME_CA_Close,3,Lasso,0.017071329027294517,0.013191293462598392,-0.001817125055285418,0.0,0.004888057708740234,False,OPTIMIZED
target_250,US_Stock_VXUS_adj_close - LME_CA_Close,3,RandomForest,0.0173775340891286,0.013691774642137852,-0.03807823094391982,0.1746713723083218,0.36554932594299316,False,OPTIMIZED
target_250,US_Stock_VXUS_adj_close - LME_CA_Close,3,ElasticNet,0.019130748664618946,0.015163217312949385,-0.2581074024509684,0.007685623646206165,0.23958587646484375,True,OPTIMIZED
target_250,US_Stock_VXUS_adj_close - LME_CA_Close,3,XGBoost,0.017072155381279198,0.013192019309745012,-0.0019141152320263366,0.0,0.37044858932495117,True,OPTIMIZED
target_250,US_Stock_VXUS_adj_close - LME_CA_Close,3,LightGBM,0.01710412097598104,0.013035877937897497,-0.005669559462668561,0.155440111741187,0.4165613651275635,True,OPTIMIZED
target_251,LME_CA_Close - FX_EURUSD,3,Ridge,0.02011550789122149,0.014796433108503586,-0.04001955573227245,-0.05520181482881812,0.007943868637084961,False,OPTIMIZED
target_251,LME_CA_Close - FX_EURUSD,3,Lasso,0.019716619763387132,0.014272831918583778,0.0008184114957541233,0.2600403295292916,0.00830388069152832,False,OPTIMIZED
target_251,LME_CA_Close - FX_EURUSD,3,RandomForest,0.020901669238881104,0.01572481826817612,-0.1229009324449315,0.0016934287044395918,0.3309359550476074,False,OPTIMIZED
target_251,LME_CA_Close - FX_EURUSD,3,ElasticNet,0.019721398274430348,0.014268863547108553,0.00033403041044333115,0.2611419326795217,0.0039484500885009766,True,OPTIMIZED
target_251,LME_CA_Close - FX_EURUSD,3,XGBoost,0.019758226713067036,0.014315992400323769,-0.003403079117521246,-0.07913726582873538,0.25656938552856445,True,OPTIMIZED
target_251,LME_CA_Close - FX_EURUSD,3,LightGBM,0.01983428627287294,0.014496022630310046,-0.01114317563160161,-0.03321066526202814,0.3185572624206543,True,OPTIMIZED
target_252,JPX_Gold_Standard_Futures_Close - US_Stock_COP_adj_close,3,Ridge,0.042396966536445806,0.03306536986068816,-0.4115404733117547,0.09658627528634242,0.007376670837402344,False,OPTIMIZED
target_252,JPX_Gold_Standard_Futures_Close - US_Stock_COP_adj_close,3,Lasso,0.036426970740215725,0.02752565316729327,-0.042005185873793316,0.04220234396156742,0.006796836853027344,False,OPTIMIZED
target_252,JPX_Gold_Standard_Futures_Close - US_Stock_COP_adj_close,3,RandomForest,0.039402589019514635,0.030581473082700317,-0.21919531275696302,-0.013489832240976905,0.3333299160003662,False,OPTIMIZED
target_252,JPX_Gold_Standard_Futures_Close - US_Stock_COP_adj_close,3,ElasticNet,0.040304430535893346,0.03140879971540081,-0.27564357293981745,0.09118932490963991,0.2666971683502197,True,OPTIMIZED
target_252,JPX_Gold_Standard_Futures_Close - US_Stock_COP_adj_close,3,XGBoost,0.03618228333847687,0.02730036361478556,-0.028053478742515514,0.0,0.21335482597351074,True,OPTIMIZED
target_252,JPX_Gold_Standard_Futures_Close - US_Stock_COP_adj_close,3,LightGBM,0.03999741373870008,0.03101118326429422,-0.2562833023424409,-0.03379834792504457,2.3968982696533203,True,OPTIMIZED
target_253,LME_AH_Close - US_Stock_XLB_adj_close,3,Ridge,0.023343371619322546,0.018308187042240038,-0.020098131771835615,0.06080013750560549,0.0084381103515625,False,OPTIMIZED
target_253,LME_AH_Close - US_Stock_XLB_adj_close,3,Lasso,0.0231468084586232,0.017985809806751095,-0.00299096301214008,0.0,0.005603790283203125,False,OPTIMIZED
target_253,LME_AH_Close - US_Stock_XLB_adj_close,3,RandomForest,0.02312180972000058,0.018276815755852764,-0.0008256563630870684,0.009753263081767065,0.3302743434906006,False,OPTIMIZED
target_253,LME_AH_Close - US_Stock_XLB_adj_close,3,ElasticNet,0.022928614921709636,0.0178761798174363,0.01582931355516548,0.14181811909936207,0.24389147758483887,True,OPTIMIZED
target_253,LME_AH_Close - US_Stock_XLB_adj_close,3,XGBoost,0.023139168149899185,0.017988307034426766,-0.002328936894043121,0.0,0.3514547348022461,True,OPTIMIZED
target_253,LME_AH_Close - US_Stock_XLB_adj_close,3,LightGBM,0.023161435695608305,0.018047471897060425,-0.0042590101451116524,-0.0343880449659703,0.3874094486236572,True,OPTIMIZED
target_254,FX_CADCHF - JPX_Platinum_Standard_Futures_Close,3,Ridge,0.031091234364388706,0.023038452294099683,-0.2580721814676121,0.0578596945874793,0.007843494415283203,False,OPTIMIZED
target_254,FX_CADCHF - JPX_Platinum_Standard_Futures_Close,3,Lasso,0.027932604531231683,0.020815851856571907,-0.015435858505900901,0.12703152161986908,0.006169795989990234,False,OPTIMIZED
target_254,FX_CADCHF - JPX_Platinum_Standard_Futures_Close,3,RandomForest,0.03301738955461866,0.02500061631964528,-0.4187801312281527,-0.01178350911611795,0.3385920524597168,False,OPTIMIZED
target_254,FX_CADCHF - JPX_Platinum_Standard_Futures_Close,3,ElasticNet,0.028176055500613337,0.020929860447251144,-0.03321337276744307,0.12703152161986908,0.003037691116333008,True,OPTIMIZED
target_254,FX_CADCHF - JPX_Platinum_Standard_Futures_Close,3,XGBoost,0.027873274356504482,0.020777500892139398,-0.0111267720275805,0.0,0.2299349308013916,True,OPTIMIZED
target_254,FX_CADCHF - JPX_Platinum_Standard_Futures_Close,3,LightGBM,0.029082585119626907,0.021407191903660333,-0.10076762046826349,-0.002667625487011309,0.31054139137268066,True,OPTIMIZED
target_255,US_Stock_NUE_adj_close - LME_CA_Close,3,Ridge,0.04656972009355123,0.03681679547880611,-0.4146224888663166,0.2163310506927023,0.007505655288696289,False,OPTIMIZED
target_255,US_Stock_NUE_adj_close - LME_CA_Close,3,Lasso,0.04015379925828507,0.03067851722398774,-0.05168720364490387,0.10414860121352264,0.007938861846923828,False,OPTIMIZED
target_255,US_Stock_NUE_adj_close - LME_CA_Close,3,RandomForest,0.04076119787729264,0.03070285445774979,-0.08374518160435751,0.00267666080245702,0.36800050735473633,False,OPTIMIZED
target_255,US_Stock_NUE_adj_close - LME_CA_Close,3,ElasticNet,0.04565868294278964,0.03564308749723593,-0.3598157351789619,0.217176781536185,0.21875238418579102,True,OPTIMIZED
target_255,US_Stock_NUE_adj_close - LME_CA_Close,3,XGBoost,0.03967919377330174,0.030230916666832645,-0.026972894916732715,-0.012161614764084127,0.1411447525024414,True,OPTIMIZED
target_255,US_Stock_NUE_adj_close - LME_CA_Close,3,LightGBM,0.04147425154657826,0.03152967406210506,-0.12199369780899949,-0.013490061175720505,0.5420453548431396,True,OPTIMIZED
target_256,US_Stock_ACWI_adj_close - JPX_Platinum_Standard_Futures_Close,3,Ridge,0.02991132427210431,0.02352355373597132,-0.12892956230689423,0.09730868630768917,0.0073893070220947266,False,OPTIMIZED
target_256,US_Stock_ACWI_adj_close - JPX_Platinum_Standard_Futures_Close,3,Lasso,0.02824448044671655,0.021579990819868437,-0.0066134853063049,0.0,0.0050542354583740234,False,OPTIMIZED
target_256,US_Stock_ACWI_adj_close - JPX_Platinum_Standard_Futures_Close,3,RandomForest,0.03263095975500721,0.024683939459740154,-0.34355440989359787,-0.05813452028934009,0.30178022384643555,False,OPTIMIZED
target_256,US_Stock_ACWI_adj_close - JPX_Platinum_Standard_Futures_Close,3,ElasticNet,0.028432669864671054,0.021732639165868494,-0.020072050687368836,0.0790233910896901,0.0040130615234375,True,OPTIMIZED
target_256,US_Stock_ACWI_adj_close - JPX_Platinum_Standard_Futures_Close,3,XGBoost,0.028313369752112606,0.0216837148365415,-0.011529806659455133,0.05359954851529852,0.3422574996948242,True,OPTIMIZED
target_256,US_Stock_ACWI_adj_close - JPX_Platinum_Standard_Futures_Close,3,LightGBM,0.028811902838888747,0.021972206963896467,-0.047464822110492966,-0.040360748330762114,0.37485337257385254,True,OPTIMIZED
target_257,LME_CA_Close - US_Stock_CCJ_adj_close,3,Ridge,0.048890876453116676,0.038035353156161134,-0.09755106479388376,0.068894947382695,0.005611419677734375,False,OPTIMIZED
target_257,LME_CA_Close - US_Stock_CCJ_adj_close,3,Lasso,0.04667060504222799,0.03622926833179225,-0.0001288428097472316,0.07170393948801762,0.005646228790283203,False,OPTIMIZED
target_257,LME_CA_Close - US_Stock_CCJ_adj_close,3,RandomForest,0.04752708551190203,0.03657690120845882,-0.03717360484270715,0.09403194745287517,0.35506463050842285,False,OPTIMIZED
target_257,LME_CA_Close - US_Stock_CCJ_adj_close,3,ElasticNet,0.0482443904336724,0.03751468218031177,-0.06871704680441049,0.02208237727684184,0.21878719329833984,True,OPTIMIZED
target_257,LME_CA_Close - US_Stock_CCJ_adj_close,3,XGBoost,0.047621053268421795,0.03643390259935944,-0.04127893647299019,-0.007981510491939387,0.3473978042602539,True,OPTIMIZED
target_257,LME_CA_Close - US_Stock_CCJ_adj_close,3,LightGBM,0.05032160281757194,0.03859340637112853,-0.1627277054875269,-0.09988515427153549,0.8308596611022949,True,OPTIMIZED
target_258,US_Stock_EEM_adj_close - LME_PB_Close,3,Ridge,0.022266971548868635,0.017823924347795495,-0.3756923140745969,0.08164395326236806,0.007719516754150391,False,OPTIMIZED
target_258,US_Stock_EEM_adj_close - LME_PB_Close,3,Lasso,0.019163244041114035,0.014865053564947574,-0.018912905676776504,0.0,0.006005525588989258,False,OPTIMIZED
target_258,US_Stock_EEM_adj_close - LME_PB_Close,3,RandomForest,0.020294926863189747,0.015566062540717362,-0.142809872898779,0.021195608860785087,0.35843968391418457,False,OPTIMIZED
target_258,US_Stock_EEM_adj_close - LME_PB_Close,3,ElasticNet,0.019153752267137055,0.014856044711955537,-0.017903797215637507,0.04309049521425305,0.0036847591400146484,True,OPTIMIZED
target_258,US_Stock_EEM_adj_close - LME_PB_Close,3,XGBoost,0.019187458705608274,0.014885633470968832,-0.021489528118178836,0.0,0.23731207847595215,True,OPTIMIZED
target_258,US_Stock_EEM_adj_close - LME_PB_Close,3,LightGBM,0.020936317649526692,0.0164351935748475,-0.216184881142091,0.04373772589994207,2.302109479904175,True,OPTIMIZED
target_259,LME_CA_Close - US_Stock_EWT_adj_close,3,Ridge,0.025074380844874424,0.018807096676051387,-0.07203837828000759,0.14775786166888505,0.007811069488525391,False,OPTIMIZED
target_259,LME_CA_Close - US_Stock_EWT_adj_close,3,Lasso,0.024229000599365155,0.018441851564642182,-0.0009696247211097297,0.0,0.0062084197998046875,False,OPTIMIZED
target_259,LME_CA_Close - US_Stock_EWT_adj_close,3,RandomForest,0.0255783441251486,0.019612378092919103,-0.1155646636890888,-0.006017654482670843,0.3498687744140625,False,OPTIMIZED
target_259,LME_CA_Close - US_Stock_EWT_adj_close,3,ElasticNet,0.02490113815914319,0.018745649703793058,-0.0572758032409606,0.08636178723981286,0.22069358825683594,True,OPTIMIZED
target_259,LME_CA_Close - US_Stock_EWT_adj_close,3,XGBoost,0.02422671241816503,0.018439818099902153,-0.0007805709699759689,0.0,0.23060226440429688,True,OPTIMIZED
target_259,LME_CA_Close - US_Stock_EWT_adj_close,3,LightGBM,0.026585749098534082,0.020461617045571052,-0.205168303216823,0.021405554703084237,2.3337912559509277,True,OPTIMIZED
target_260,JPX_Platinum_Standard_Futures_Close - FX_NZDCHF,3,Ridge,0.030003381374902164,0.021787538215385968,-0.25509499097990784,0.03778414401317404,0.00763249397277832,False,OPTIMIZED
target_260,JPX_Platinum_Standard_Futures_Close - FX_NZDCHF,3,Lasso,0.026971844459159514,0.019899042048705084,-0.01427911875571275,0.0,0.006272315979003906,False,OPTIMIZED
target_260,JPX_Platinum_Standard_Futures_Close - FX_NZDCHF,3,RandomForest,0.031999841255956604,0.02481876217505408,-0.4276831680697277,-0.12300392389998958,0.3232238292694092,False,OPTIMIZED
target_260,JPX_Platinum_Standard_Futures_Close - FX_NZDCHF,3,ElasticNet,0.026971844459159514,0.019899042048705084,-0.01427911875571275,0.0,0.003774881362915039,True,OPTIMIZED
target_260,JPX_Platinum_Standard_Futures_Close - FX_NZDCHF,3,XGBoost,0.027192049817116436,0.019954229371769612,-0.03090841825409618,0.027048881300930208,0.2696044445037842,True,OPTIMIZED
target_260,JPX_Platinum_Standard_Futures_Close - FX_NZDCHF,3,LightGBM,0.03245027510625797,0.02400529013023952,-0.46815854649256194,-0.12401826750795449,2.0602941513061523,True,OPTIMIZED
target_261,JPX_Platinum_Standard_Futures_Close - US_Stock_FCX_adj_close,3,Ridge,0.04804373574106462,0.03673164538066117,-0.17758674135628882,0.047459977803275655,0.008164405822753906,False,OPTIMIZED
target_261,JPX_Platinum_Standard_Futures_Close - US_Stock_FCX_adj_close,3,Lasso,0.044710197569854455,0.03373681735027807,-0.01984118434512583,0.0,0.00603175163269043,False,OPTIMIZED
target_261,JPX_Platinum_Standard_Futures_Close - US_Stock_FCX_adj_close,3,RandomForest,0.04472107803406189,0.03409669432355439,-0.020337612287030016,0.09457557765488005,0.32210278511047363,False,OPTIMIZED
target_261,JPX_Platinum_Standard_Futures_Close - US_Stock_FCX_adj_close,3,ElasticNet,0.046007312522472726,0.03484698182492771,-0.07987403352767153,0.033729080996128875,0.16408562660217285,True,OPTIMIZED
target_261,JPX_Platinum_Standard_Futures_Close - US_Stock_FCX_adj_close,3,XGBoost,0.043922783452684376,0.03316716921539566,0.015764383902628687,0.1458498889994482,0.2739839553833008,True,OPTIMIZED
target_261,JPX_Platinum_Standard_Futures_Close - US_Stock_FCX_adj_close,3,LightGBM,0.046174483979579684,0.03486425137455089,-0.08773591810967796,0.041261174673193145,0.7097032070159912,True,OPTIMIZED
target_262,US_Stock_JNK_adj_close - JPX_Platinum_Standard_Futures_Close,3,Ridge,0.029597538172774378,0.022484066656472842,-0.11284793446203834,0.03537152902245187,0.006747007369995117,False,OPTIMIZED
target_262,US_Stock_JNK_adj_close - JPX_Platinum_Standard_Futures_Close,3,Lasso,0.02816281269799121,0.021068714056268974,-0.007573412572965621,0.0,0.005903005599975586,False,OPTIMIZED
target_262,US_Stock_JNK_adj_close - JPX_Platinum_Standard_Futures_Close,3,RandomForest,0.02998364046719195,0.02230972849745602,-0.14207169617193438,0.001754762199197599,0.31323885917663574,False,OPTIMIZED
target_262,US_Stock_JNK_adj_close - JPX_Platinum_Standard_Futures_Close,3,ElasticNet,0.028268404312051874,0.02116239615736752,-0.0151430223268878,0.13440954052154472,0.00368499755859375,True,OPTIMIZED
target_262,US_Stock_JNK_adj_close - JPX_Platinum_Standard_Futures_Close,3,XGBoost,0.02815903300873855,0.021065200514794827,-0.007302980859663855,0.0,0.38491225242614746,True,OPTIMIZED
target_262,US_Stock_JNK_adj_close - JPX_Platinum_Standard_Futures_Close,3,LightGBM,0.0326027543896861,0.02435254109649022,-0.3503092101035423,-0.1480065995338375,2.872941732406616,True,OPTIMIZED
target_263,LME_CA_Close - US_Stock_OKE_adj_close,3,Ridge,0.038395408872658555,0.02903356914374461,-0.4033451446222931,0.1035065713643387,0.007562398910522461,False,OPTIMIZED
target_263,LME_CA_Close - US_Stock_OKE_adj_close,3,Lasso,0.03253024131632714,0.024042080834264158,-0.007350190375460031,0.09709578883135697,0.005380153656005859,False,OPTIMIZED
target_263,LME_CA_Close - US_Stock_OKE_adj_close,3,RandomForest,0.03288953626885992,0.024178516458290947,-0.029725346911919415,0.026068077169668354,0.3530113697052002,False,OPTIMIZED
target_263,LME_CA_Close - US_Stock_OKE_adj_close,3,ElasticNet,0.03254100882571072,0.023710593073292513,-0.00801716653729434,0.1461434197739246,0.011249065399169922,True,OPTIMIZED
target_263,LME_CA_Close - US_Stock_OKE_adj_close,3,XGBoost,0.03271674535209821,0.024092395705530394,-0.018934084943580176,0.0645758496002577,0.21910977363586426,True,OPTIMIZED
target_263,LME_CA_Close - US_Stock_OKE_adj_close,3,LightGBM,0.0332477069271659,0.024764691770543582,-0.052275110663548396,0.024773609391299793,0.5599544048309326,True,OPTIMIZED
target_264,US_Stock_RSP_adj_close - LME_CA_Close,3,Ridge,0.02448829057539923,0.018661335522875275,-0.29724904657307727,0.11624041118458223,0.007550954818725586,False,OPTIMIZED
target_264,US_Stock_RSP_adj_close - LME_CA_Close,3,Lasso,0.021502022655001632,0.01656851763589071,-0.0001497956845555315,0.0,0.006208181381225586,False,OPTIMIZED
target_264,US_Stock_RSP_adj_close - LME_CA_Close,3,RandomForest,0.0221636926607549,0.01688850448350718,-0.06265100887792885,-0.058707816051757296,0.3500821590423584,False,OPTIMIZED
target_264,US_Stock_RSP_adj_close - LME_CA_Close,3,ElasticNet,0.02373468703380552,0.018328996187109845,-0.21863441666491656,0.11170308305172041,0.22689557075500488,True,OPTIMIZED
target_264,US_Stock_RSP_adj_close - LME_CA_Close,3,XGBoost,0.022006078194183175,0.016871750612791083,-0.04759091624811851,-0.038090972418436335,0.38674020767211914,True,OPTIMIZED
target_264,US_Stock_RSP_adj_close - LME_CA_Close,3,LightGBM,0.021837151202430113,0.01657512647092347,-0.03156923805323819,0.10689901069712723,0.667386531829834,True,OPTIMIZED
target_265,FX_CADUSD - LME_CA_Close,3,Ridge,0.020150140377764456,0.014721731286604766,-0.054983772496675076,-0.04576501361893224,0.007618427276611328,False,OPTIMIZED
target_265,FX_CADUSD - LME_CA_Close,3,Lasso,0.01963416844355583,0.014312900536157164,-0.0016469027540020331,0.22602926462909947,0.00716853141784668,False,OPTIMIZED
target_265,FX_CADUSD - LME_CA_Close,3,RandomForest,0.02099710532840191,0.01587773105753497,-0.1455353114985376,0.07931259757662738,0.3513650894165039,False,OPTIMIZED
target_265,FX_CADUSD - LME_CA_Close,3,ElasticNet,0.019633621151305,0.014294823949747851,-0.0015910627575981273,0.22602926462909947,0.002950906753540039,True,OPTIMIZED
target_265,FX_CADUSD - LME_CA_Close,3,XGBoost,0.01963581431110845,0.01426791665308779,-0.0018148393018211362,0.0,0.14850902557373047,True,OPTIMIZED
target_265,FX_CADUSD - LME_CA_Close,3,LightGBM,0.01990810447116649,0.01471472877283433,-0.029791848142587396,0.03239970082058717,0.5618767738342285,True,OPTIMIZED
target_266,US_Stock_TECK_adj_close - LME_PB_Close,3,Ridge,0.03974319871363463,0.02925393666304028,-0.0014573215680457885,0.15804015258840026,0.007274150848388672,False,OPTIMIZED
target_266,US_Stock_TECK_adj_close - LME_PB_Close,3,Lasso,0.03979429146997841,0.029401800015517635,-0.004033868305825639,0.0,0.0061032772064208984,False,OPTIMIZED
target_266,US_Stock_TECK_adj_close - LME_PB_Close,3,RandomForest,0.04389267016024912,0.03332064828011027,-0.22149252195498703,-0.06879919304668886,0.3854098320007324,False,OPTIMIZED
target_266,US_Stock_TECK_adj_close - LME_PB_Close,3,ElasticNet,0.039877339672994276,0.029326629714969556,-0.008228953240018155,0.07517280386538248,0.06239485740661621,True,OPTIMIZED
target_266,US_Stock_TECK_adj_close - LME_PB_Close,3,XGBoost,0.04125697211124081,0.03091514651528541,-0.07919894639239033,-0.014845133899909537,0.41020822525024414,True,OPTIMIZED
target_266,US_Stock_TECK_adj_close - LME_PB_Close,3,LightGBM,0.04474960181762474,0.033641676897699015,-0.2696533422773111,-0.014592722908362502,1.1264348030090332,True,OPTIMIZED
target_267,LME_AH_Close - US_Stock_CLF_adj_close,3,Ridge,0.0734459841799623,0.056118314264703734,-0.3790509026470317,0.14555759355674425,0.008246183395385742,False,OPTIMIZED
target_267,LME_AH_Close - US_Stock_CLF_adj_close,3,Lasso,0.06327576227180697,0.04721971173776862,-0.023573323644799915,0.0,0.006228923797607422,False,OPTIMIZED
target_267,LME_AH_Close - US_Stock_CLF_adj_close,3,RandomForest,0.06405097711123738,0.04743349243035553,-0.04880731108465053,0.08159786033665083,0.3090853691101074,False,OPTIMIZED
target_267,LME_AH_Close - US_Stock_CLF_adj_close,3,ElasticNet,0.06902361223051287,0.05208805063032418,-0.2179783104295241,0.13232476064389734,0.26882266998291016,True,OPTIMIZED
target_267,LME_AH_Close - US_Stock_CLF_adj_close,3,XGBoost,0.06330794814559576,0.047249690046675216,-0.02461489088736668,0.0,0.3686816692352295,True,OPTIMIZED
target_267,LME_AH_Close - US_Stock_CLF_adj_close,3,LightGBM,0.06604126977931249,0.048603769989147096,-0.1150003843209042,0.07238284367777534,1.1006205081939697,True,OPTIMIZED
target_268,LME_PB_Close - FX_NOKEUR,3,Ridge,0.017869845361993847,0.014020214250701067,0.022934933902218124,0.18310609392562183,0.007808685302734375,False,OPTIMIZED
target_268,LME_PB_Close - FX_NOKEUR,3,Lasso,0.018081523774882285,0.014209840513129067,-0.00034994062800919323,0.0,0.005661964416503906,False,OPTIMIZED
target_268,LME_PB_Close - FX_NOKEUR,3,RandomForest,0.018306287385285558,0.014711835857797324,-0.025374349595339574,0.14529921784375907,0.3240315914154053,False,OPTIMIZED
target_268,LME_PB_Close - FX_NOKEUR,3,ElasticNet,0.017906455304832605,0.014080823500586077,0.01892740761558198,0.1560737351368452,0.004453420639038086,True,OPTIMIZED
target_268,LME_PB_Close - FX_NOKEUR,3,XGBoost,0.018080034813326165,0.014204028905659586,-0.00018519552184481647,0.0,0.1510028839111328,True,OPTIMIZED
target_268,LME_PB_Close - FX_NOKEUR,3,LightGBM,0.01846708146066876,0.01481575741317363,-0.043466298716565266,0.11394300881951247,0.7366304397583008,True,OPTIMIZED
target_269,JPX_Platinum_Standard_Futures_Close - US_Stock_EOG_adj_close,3,Ridge,0.04302531629946705,0.033057519743227605,-0.38782661272178665,0.09743430599233288,0.007430553436279297,False,OPTIMIZED
target_269,JPX_Platinum_Standard_Futures_Close - US_Stock_EOG_adj_close,3,Lasso,0.0367435438026337,0.029576286512967394,-0.012159949324547004,0.06389424153104176,0.005944013595581055,False,OPTIMIZED
target_269,JPX_Platinum_Standard_Futures_Close - US_Stock_EOG_adj_close,3,RandomForest,0.040042884326679455,0.031214947527246704,-0.20209218269218954,0.06900668875903404,0.32695603370666504,False,OPTIMIZED
target_269,JPX_Platinum_Standard_Futures_Close - US_Stock_EOG_adj_close,3,ElasticNet,0.04040544123663946,0.031106948505384795,-0.22395873249975784,0.06666217931759943,0.24947571754455566,True,OPTIMIZED
target_269,JPX_Platinum_Standard_Futures_Close - US_Stock_EOG_adj_close,3,XGBoost,0.03671326253548841,0.029526789059125192,-0.010492344453197244,0.029798782550936116,0.3442814350128174,True,OPTIMIZED
target_269,JPX_Platinum_Standard_Futures_Close - US_Stock_EOG_adj_close,3,LightGBM,0.04247602780884376,0.0330355356789302,-0.35261705992690007,0.07601243204405533,4.095893621444702,True,OPTIMIZED
target_270,JPX_Gold_Standard_Futures_Close - US_Stock_TIP_adj_close,3,Ridge,0.02416018542890157,0.01894440866321007,-0.5954864823428563,0.01763762986570825,0.008778095245361328,False,OPTIMIZED
target_270,JPX_Gold_Standard_Futures_Close - US_Stock_TIP_adj_close,3,Lasso,0.01929537313870329,0.015024133911652563,-0.017651238906854605,0.0,0.006284952163696289,False,OPTIMIZED
target_270,JPX_Gold_Standard_Futures_Close - US_Stock_TIP_adj_close,3,RandomForest,0.025986724622980895,0.02126887548719665,-0.8458469628082101,0.07903669660145922,0.31430959701538086,False,OPTIMIZED
target_270,JPX_Gold_Standard_Futures_Close - US_Stock_TIP_adj_close,3,ElasticNet,0.02133958365436079,0.016617742857690524,-0.24469941787757743,-0.02821081565917853,0.24112200736999512,True,OPTIMIZED
target_270,JPX_Gold_Standard_Futures_Close - US_Stock_TIP_adj_close,3,XGBoost,0.01929418819088224,0.015022722933254072,-0.017526252820000643,0.0,0.284588098526001,True,OPTIMIZED
target_270,JPX_Gold_Standard_Futures_Close - US_Stock_TIP_adj_close,3,LightGBM,0.019373538401300624,0.015168225490810667,-0.025912918377083205,0.05526163578176421,0.3108236789703369,True,OPTIMIZED
target_271,US_Stock_RY_adj_close - LME_CA_Close,3,Ridge,0.02975825912383659,0.023750610361052343,-0.5677189780222394,0.07342246218298475,0.007734775543212891,False,OPTIMIZED
target_271,US_Stock_RY_adj_close - LME_CA_Close,3,Lasso,0.023738788608153347,0.018090735555632585,0.0023682099880526497,0.20593278402460824,0.006688117980957031,False,OPTIMIZED
target_271,US_Stock_RY_adj_close - LME_CA_Close,3,RandomForest,0.02402339118457115,0.018303166409284928,-0.021696251076186224,0.05186108365360481,0.34223031997680664,False,OPTIMIZED
target_271,US_Stock_RY_adj_close - LME_CA_Close,3,ElasticNet,0.023712797056400156,0.01809525310901337,0.004551624093725337,0.20593278402460824,0.004004240036010742,True,OPTIMIZED
target_271,US_Stock_RY_adj_close - LME_CA_Close,3,XGBoost,0.023791276408837873,0.018145904576344,-0.0020483075302180076,-0.01920454417070656,0.2206430435180664,True,OPTIMIZED
target_271,US_Stock_RY_adj_close - LME_CA_Close,3,LightGBM,0.02396144281527236,0.018099552021450912,-0.01643381238906172,0.04532258247976551,0.31392931938171387,True,OPTIMIZED
target_272,LME_PB_Close - US_Stock_STLD_adj_close,3,Ridge,0.038370677517737685,0.029667077301221156,-0.10412701625044996,-0.02473078757643991,0.007571697235107422,False,OPTIMIZED
target_272,LME_PB_Close - US_Stock_STLD_adj_close,3,Lasso,0.03660801138847895,0.028594233298660354,-0.0050146140116495985,0.0,0.005139350891113281,False,OPTIMIZED
target_272,LME_PB_Close - US_Stock_STLD_adj_close,3,RandomForest,0.07932177759325365,0.06681577062364936,-3.718511060840128,0.09680614683362417,0.325864315032959,False,OPTIMIZED
target_272,LME_PB_Close - US_Stock_STLD_adj_close,3,ElasticNet,0.03720578231076233,0.028519256208350472,-0.038104282291592684,-0.03106514506484531,0.02116703987121582,True,OPTIMIZED
target_272,LME_PB_Close - US_Stock_STLD_adj_close,3,XGBoost,0.0761781446296408,0.06346548703713197,-3.351919796839451,0.07462325724134732,0.5326383113861084,True,OPTIMIZED
target_272,LME_PB_Close - US_Stock_STLD_adj_close,3,LightGBM,0.054848791367142734,0.04445775520030856,-1.2560785955671911,-0.012631840636237008,5.618056535720825,True,OPTIMIZED
target_273,LME_ZS_Close - US_Stock_IAU_adj_close,3,Ridge,0.02711831691760987,0.021682531848265584,-0.15203084189796257,0.050657314858099205,0.008829832077026367,False,OPTIMIZED
target_273,LME_ZS_Close - US_Stock_IAU_adj_close,3,Lasso,0.025347638711866856,0.020074678723047305,-0.006499721805081071,0.0,0.005611896514892578,False,OPTIMIZED
target_273,LME_ZS_Close - US_Stock_IAU_adj_close,3,RandomForest,0.02615333189100785,0.020334041258383558,-0.07150127639421933,-0.03211844276091272,0.397125244140625,False,OPTIMIZED
target_273,LME_ZS_Close - US_Stock_IAU_adj_close,3,ElasticNet,0.02527411374354621,0.020014948949049177,-0.0006691564963490215,0.16206689005380084,0.004309177398681641,True,OPTIMIZED
target_273,LME_ZS_Close - US_Stock_IAU_adj_close,3,XGBoost,0.025352304728691155,0.020078518599951963,-0.006870310714187866,0.0,0.26963090896606445,True,OPTIMIZED
target_273,LME_ZS_Close - US_Stock_IAU_adj_close,3,LightGBM,0.025931718299353576,0.02024862761437553,-0.05341920740871253,-0.059109270566068704,0.686851978302002,True,OPTIMIZED
target_274,LME_CA_Close - US_Stock_VWO_adj_close,3,Ridge,0.01991046140483227,0.015393709035661283,-0.4381785514807026,0.016918780101654228,0.00749516487121582,False,OPTIMIZED
target_274,LME_CA_Close - US_Stock_VWO_adj_close,3,Lasso,0.016652433016200122,0.012500252490635372,-0.006017532199226627,0.0,0.006573915481567383,False,OPTIMIZED
target_274,LME_CA_Close - US_Stock_VWO_adj_close,3,RandomForest,0.026893868094139427,0.017442564265366584,-1.6239569138574996,0.049453843436307904,0.3420445919036865,False,OPTIMIZED
target_274,LME_CA_Close - US_Stock_VWO_adj_close,3,ElasticNet,0.018818823459636622,0.014552796348023273,-0.2847987187954004,-0.01862243411090612,0.24963760375976562,True,OPTIMIZED
target_274,LME_CA_Close - US_Stock_VWO_adj_close,3,XGBoost,0.01664726077271142,0.012496046480069883,-0.005392691427583252,0.0,0.13007450103759766,True,OPTIMIZED
target_274,LME_CA_Close - US_Stock_VWO_adj_close,3,LightGBM,0.016630286552811294,0.012360991610157707,-0.003343458656431375,0.14519390550414954,1.0439338684082031,True,OPTIMIZED
target_275,JPX_Platinum_Standard_Futures_Close - FX_CADJPY,3,Ridge,0.031245762707865343,0.02295445626136734,-0.29065289044866605,0.13245528178878752,0.0072863101959228516,False,OPTIMIZED
target_275,JPX_Platinum_Standard_Futures_Close - FX_CADJPY,3,Lasso,0.02786987651811912,0.020615471925687426,-0.026827016862844166,0.15520405041325028,0.005121469497680664,False,OPTIMIZED
target_275,JPX_Platinum_Standard_Futures_Close - FX_CADJPY,3,RandomForest,0.032960748080726035,0.02509092458938256,-0.43622114935961753,0.015726832045488838,0.3494400978088379,False,OPTIMIZED
target_275,JPX_Platinum_Standard_Futures_Close - FX_CADJPY,3,ElasticNet,0.028077816151548175,0.02084339879630481,-0.042206673954911844,0.15520405041325028,0.0035400390625,True,OPTIMIZED
target_275,JPX_Platinum_Standard_Futures_Close - FX_CADJPY,3,XGBoost,0.02771566627207701,0.02043808625632071,-0.015495128723048035,0.0,0.35817861557006836,True,OPTIMIZED
target_275,JPX_Platinum_Standard_Futures_Close - FX_CADJPY,3,LightGBM,0.036158037177262,0.02762635904311584,-0.7283706857321866,-0.1401905841006301,0.6034870147705078,True,OPTIMIZED
target_276,JPX_Gold_Standard_Futures_Close - US_Stock_HL_adj_close,3,Ridge,0.06552196492494301,0.05218817554415621,-0.4197689403907783,0.13581248933602363,0.007798194885253906,False,OPTIMIZED
target_276,JPX_Gold_Standard_Futures_Close - US_Stock_HL_adj_close,3,Lasso,0.05500761514677622,0.04357467469342715,-0.0006667706717009558,0.029313639328490983,0.006909608840942383,False,OPTIMIZED
target_276,JPX_Gold_Standard_Futures_Close - US_Stock_HL_adj_close,3,RandomForest,0.059601325295074184,0.046687406205469587,-0.17477765909869225,0.13775509405431466,0.2912631034851074,False,OPTIMIZED
target_276,JPX_Gold_Standard_Futures_Close - US_Stock_HL_adj_close,3,ElasticNet,0.0549897349368541,0.0435901267551592,-1.634349147394687e-05,0.0,0.003212451934814453,True,OPTIMIZED
target_276,JPX_Gold_Standard_Futures_Close - US_Stock_HL_adj_close,3,XGBoost,0.0581199453785744,0.04589824393688004,-0.11710562903012911,0.139720005071748,0.3603196144104004,True,OPTIMIZED
target_276,JPX_Gold_Standard_Futures_Close - US_Stock_HL_adj_close,3,LightGBM,0.054167683051374545,0.04253011333779812,0.02965903927231417,0.2630816661005302,0.6894931793212891,True,OPTIMIZED
target_277,FX_AUDJPY - LME_PB_Close,3,Ridge,0.018753922726340428,0.014977819912933526,-0.005922740093307288,0.11360324282337568,0.007078647613525391,False,OPTIMIZED
target_277,FX_AUDJPY - LME_PB_Close,3,Lasso,0.018707772678448625,0.015036152052299129,-0.0009780398843268756,0.0,0.005476951599121094,False,OPTIMIZED
target_277,FX_AUDJPY - LME_PB_Close,3,RandomForest,0.019012237687545907,0.015343108314769784,-0.033824575704267,0.15920827578402094,0.3443114757537842,False,OPTIMIZED
target_277,FX_AUDJPY - LME_PB_Close,3,ElasticNet,0.01851333535167298,0.014885190308525286,0.019720958020058243,0.1605742842665967,0.005733013153076172,True,OPTIMIZED
target_277,FX_AUDJPY - LME_PB_Close,3,XGBoost,0.01870877406167011,0.015037192186541268,-0.0010852027688137422,0.0,0.1668407917022705,True,OPTIMIZED
target_277,FX_AUDJPY - LME_PB_Close,3,LightGBM,0.019747228026021208,0.01602702680288506,-0.11530246944808797,0.13053212859152719,0.9264242649078369,True,OPTIMIZED
target_278,US_Stock_MPC_adj_close - LME_ZS_Close,3,Ridge,0.03953323885300211,0.030476836571360976,0.029373507380476394,0.26637012559876194,0.007718563079833984,False,OPTIMIZED
target_278,US_Stock_MPC_adj_close - LME_ZS_Close,3,Lasso,0.040455229248659935,0.03164315181141149,-0.016428142721872208,-0.08095245883603344,0.0071566104888916016,False,OPTIMIZED
target_278,US_Stock_MPC_adj_close - LME_ZS_Close,3,RandomForest,0.04376329109499253,0.03356004482262839,-0.18945303018197768,0.013948908816892727,0.35921645164489746,False,OPTIMIZED
target_278,US_Stock_MPC_adj_close - LME_ZS_Close,3,ElasticNet,0.040705590371969434,0.03173603167124201,-0.029047599595881435,0.0544479375943418,0.06929898262023926,True,OPTIMIZED
target_278,US_Stock_MPC_adj_close - LME_ZS_Close,3,XGBoost,0.04132567457077436,0.03193985972250654,-0.06063816662949484,0.03514369894059977,0.37564921379089355,True,OPTIMIZED
target_278,US_Stock_MPC_adj_close - LME_ZS_Close,3,LightGBM,0.042372302979586815,0.033066430762787744,-0.11504266756958792,0.05401347459774257,1.0297493934631348,True,OPTIMIZED
target_279,LME_PB_Close - US_Stock_VEA_adj_close,3,Ridge,0.02250033919043817,0.017970168482622065,-0.4481111277208085,0.05386002976116132,0.007359981536865234,False,OPTIMIZED
target_279,LME_PB_Close - US_Stock_VEA_adj_close,3,Lasso,0.018749049067524313,0.014472127704521432,-0.005500409701344244,0.0,0.004212856292724609,False,OPTIMIZED
target_279,LME_PB_Close - US_Stock_VEA_adj_close,3,RandomForest,0.019823333911250043,0.015048997523746175,-0.12402806119416665,-0.01191576473219118,0.355623722076416,False,OPTIMIZED
target_279,LME_PB_Close - US_Stock_VEA_adj_close,3,ElasticNet,0.0210087292105145,0.01649735852396318,-0.26247657093197874,0.04965843655174957,0.20253896713256836,True,OPTIMIZED
target_279,LME_PB_Close - US_Stock_VEA_adj_close,3,XGBoost,0.01931493064711598,0.014745461275387891,-0.06711215494086042,-0.0026364580077726817,0.2455747127532959,True,OPTIMIZED
target_279,LME_PB_Close - US_Stock_VEA_adj_close,3,LightGBM,0.019377633957673234,0.014992431951619112,-0.07405187174197425,0.11615595704971969,2.09736967086792,True,OPTIMIZED
target_280,JPX_Gold_Standard_Futures_Close - FX_EURCAD,3,Ridge,0.02092045294714131,0.016101148665373433,-0.15343056239788244,0.050636536352207204,0.007711648941040039,False,OPTIMIZED
target_280,JPX_Gold_Standard_Futures_Close - FX_EURCAD,3,Lasso,0.01954915124384106,0.014908981121536772,-0.0071753810595101,0.0,0.004765987396240234,False,OPTIMIZED
target_280,JPX_Gold_Standard_Futures_Close - FX_EURCAD,3,RandomForest,0.021983992214646003,0.01761351026563601,-0.27368610653878367,0.03787271261864892,0.3659522533416748,False,OPTIMIZED
target_280,JPX_Gold_Standard_Futures_Close - FX_EURCAD,3,ElasticNet,0.0195497082920575,0.0149102189172881,-0.0072327803026881465,0.12708771352997325,0.003117799758911133,True,OPTIMIZED
target_280,JPX_Gold_Standard_Futures_Close - FX_EURCAD,3,XGBoost,0.019548724592320644,0.01490829214172968,-0.007131419230871572,0.0,0.2960207462310791,True,OPTIMIZED
target_280,JPX_Gold_Standard_Futures_Close - FX_EURCAD,3,LightGBM,0.01958666959394559,0.014948246471071232,-0.011044993470246123,-0.020308695358595037,0.3023836612701416,True,OPTIMIZED
target_281,JPX_Gold_Standard_Futures_Close - FX_NOKCHF,3,Ridge,0.019348529333707374,0.015166271415435195,-0.1370032722826986,0.014562387958771784,0.007591962814331055,False,OPTIMIZED
target_281,JPX_Gold_Standard_Futures_Close - FX_NOKCHF,3,Lasso,0.01828592133603305,0.014227012183980262,-0.015545739281293214,0.0,0.005908489227294922,False,OPTIMIZED
target_281,JPX_Gold_Standard_Futures_Close - FX_NOKCHF,3,RandomForest,0.02260660452079455,0.018174014868652635,-0.5521599305346969,0.06755158616272477,0.38155508041381836,False,OPTIMIZED
target_281,JPX_Gold_Standard_Futures_Close - FX_NOKCHF,3,ElasticNet,0.01828592133603305,0.014227012183980262,-0.015545739281293214,0.0,0.0034813880920410156,True,OPTIMIZED
target_281,JPX_Gold_Standard_Futures_Close - FX_NOKCHF,3,XGBoost,0.018281823737997308,0.0142208927171137,-0.015090653435951618,0.0,0.20387697219848633,True,OPTIMIZED
target_281,JPX_Gold_Standard_Futures_Close - FX_NOKCHF,3,LightGBM,0.018684761363528583,0.014739369179158449,-0.06032964862311929,-0.05566639166336181,1.253697395324707,True,OPTIMIZED
target_282,US_Stock_DE_adj_close - LME_AH_Close,3,Ridge,0.03169074272259695,0.023796196319230148,0.00887518410816479,0.16356059822075358,0.0076274871826171875,False,OPTIMIZED
target_282,US_Stock_DE_adj_close - LME_AH_Close,3,Lasso,0.03183932455468241,0.023996866665104165,-0.00044036670621361296,0.0,0.005162477493286133,False,OPTIMIZED
target_282,US_Stock_DE_adj_close - LME_AH_Close,3,RandomForest,0.032500074153330914,0.024332345993750684,-0.042394757637850056,0.055166392488102074,0.33307480812072754,False,OPTIMIZED
target_282,US_Stock_DE_adj_close - LME_AH_Close,3,ElasticNet,0.031619541192996994,0.02371234797096591,0.013323822438409016,0.16746987306900377,0.20039701461791992,True,OPTIMIZED
target_282,US_Stock_DE_adj_close - LME_AH_Close,3,XGBoost,0.0318333298985856,0.023966717118109243,-6.367960954323237e-05,0.0,0.31551241874694824,True,OPTIMIZED
target_282,US_Stock_DE_adj_close - LME_AH_Close,3,LightGBM,0.03182186188538353,0.024017193663030324,0.0006567400072344798,0.06143889624393209,0.8827471733093262,True,OPTIMIZED
target_283,FX_ZAREUR - LME_ZS_Close,3,Ridge,0.02401244175804566,0.019054164464629052,-0.03815420971895378,0.11530515924762794,0.007601499557495117,False,OPTIMIZED
target_283,FX_ZAREUR - LME_ZS_Close,3,Lasso,0.02356656030668032,0.018605146682193416,4.23241912788086e-05,0.24318654722130054,0.006511211395263672,False,OPTIMIZED
target_283,FX_ZAREUR - LME_ZS_Close,3,RandomForest,0.024871537134354776,0.01960798824616861,-0.1137673282118683,0.1436528574037351,0.350832462310791,False,OPTIMIZED
target_283,FX_ZAREUR - LME_ZS_Close,3,ElasticNet,0.023398351423636825,0.01845729406178593,0.014265993864025939,0.24984632083066483,0.004324436187744141,True,OPTIMIZED
target_283,FX_ZAREUR - LME_ZS_Close,3,XGBoost,0.02359528926536068,0.018631293391988508,-0.00239717081699653,0.0,0.3108351230621338,True,OPTIMIZED
target_283,FX_ZAREUR - LME_ZS_Close,3,LightGBM,0.024247250640049355,0.019277212754914157,-0.058556940103895894,0.088108961746104,0.47458815574645996,True,OPTIMIZED
target_284,FX_ZARJPY - JPX_Gold_Standard_Futures_Close,3,Ridge,0.021160296111951336,0.01684227704805634,-0.3979343803559334,0.09199341360342304,0.008216619491577148,False,OPTIMIZED
target_284,FX_ZARJPY - JPX_Gold_Standard_Futures_Close,3,Lasso,0.01817339296440549,0.014301592880401021,-0.031134550727064836,0.06195995487041092,0.005905866622924805,False,OPTIMIZED
target_284,FX_ZARJPY - JPX_Gold_Standard_Futures_Close,3,RandomForest,0.01877599530187174,0.014802225279854359,-0.10065000559131287,-0.0927125285264717,0.3034937381744385,False,OPTIMIZED
target_284,FX_ZARJPY - JPX_Gold_Standard_Futures_Close,3,ElasticNet,0.018627237809225688,0.01463478661125173,-0.08327874649967049,0.04093936173733691,0.012580394744873047,True,OPTIMIZED
target_284,FX_ZARJPY - JPX_Gold_Standard_Futures_Close,3,XGBoost,0.018044183064107655,0.014208007240676859,-0.0165242728452355,0.0,0.1956772804260254,True,OPTIMIZED
target_284,FX_ZARJPY - JPX_Gold_Standard_Futures_Close,3,LightGBM,0.018042595900703604,0.01420878306823037,-0.016345454090993083,0.07175122826253423,0.26589083671569824,True,OPTIMIZED
target_285,US_Stock_IEMG_adj_close - JPX_Platinum_Standard_Futures_Close,3,Ridge,0.02882766299724248,0.02269030591012294,-0.1727031711043554,0.13930636019116105,0.00747990608215332,False,OPTIMIZED
target_285,US_Stock_IEMG_adj_close - JPX_Platinum_Standard_Futures_Close,3,Lasso,0.026659033581305353,0.020381970062825466,-0.0029009210491237614,0.0,0.005864143371582031,False,OPTIMIZED
target_285,US_Stock_IEMG_adj_close - JPX_Platinum_Standard_Futures_Close,3,RandomForest,0.02901637233456032,0.022380092931873364,-0.18810673445244297,0.005239632266961788,0.2861037254333496,False,OPTIMIZED
target_285,US_Stock_IEMG_adj_close - JPX_Platinum_Standard_Futures_Close,3,ElasticNet,0.026691889788251644,0.020401810598719174,-0.0053745160376492684,0.020817647178527094,0.0032880306243896484,True,OPTIMIZED
target_285,US_Stock_IEMG_adj_close - JPX_Platinum_Standard_Futures_Close,3,XGBoost,0.026658027456190506,0.02038155497695801,-0.0028252225238647455,0.0,0.2918276786804199,True,OPTIMIZED
target_285,US_Stock_IEMG_adj_close - JPX_Platinum_Standard_Futures_Close,3,LightGBM,0.033093096628519114,0.02590917796831144,-0.5454111507787307,-0.03381282745255802,2.1927576065063477,True,OPTIMIZED
target_286,US_Stock_XLE_adj_close - JPX_Gold_Standard_Futures_Close,3,Ridge,0.030891650543803634,0.024099069171717055,-0.16613076302712404,0.06996233757492176,0.007430553436279297,False,OPTIMIZED
target_286,US_Stock_XLE_adj_close - JPX_Gold_Standard_Futures_Close,3,Lasso,0.029281161170297654,0.022505832152182922,-0.04771127075838133,0.03468903453641249,0.006035566329956055,False,OPTIMIZED
target_286,US_Stock_XLE_adj_close - JPX_Gold_Standard_Futures_Close,3,RandomForest,0.031382416973741535,0.02426848564338911,-0.20347702220430008,0.008958914145011293,0.36339831352233887,False,OPTIMIZED
target_286,US_Stock_XLE_adj_close - JPX_Gold_Standard_Futures_Close,3,ElasticNet,0.029337444125720417,0.022549566390690556,-0.05174287042914494,0.03468903453641249,0.0037605762481689453,True,OPTIMIZED
target_286,US_Stock_XLE_adj_close - JPX_Gold_Standard_Futures_Close,3,XGBoost,0.028954842835693873,0.022263596969676842,-0.024489353738845754,0.0,0.20801830291748047,True,OPTIMIZED
target_286,US_Stock_XLE_adj_close - JPX_Gold_Standard_Futures_Close,3,LightGBM,0.029368261339493693,0.02256056828105209,-0.05395361571732482,0.006279418877860096,2.498776912689209,True,OPTIMIZED
target_287,LME_PB_Close - US_Stock_SLB_adj_close,3,Ridge,0.036813703211063045,0.028215448371025905,-0.05628257540934389,0.019218668408087138,0.007418632507324219,False,OPTIMIZED
target_287,LME_PB_Close - US_Stock_SLB_adj_close,3,Lasso,0.035928918877517764,0.027490285773451317,-0.006119116117183188,0.0,0.005046844482421875,False,OPTIMIZED
target_287,LME_PB_Close - US_Stock_SLB_adj_close,3,RandomForest,0.03789640822571331,0.028863561733073362,-0.119327573313458,-0.012827215166535226,0.34996747970581055,False,OPTIMIZED
target_287,LME_PB_Close - US_Stock_SLB_adj_close,3,ElasticNet,0.036291131773444577,0.02779334977015631,-0.026507499870805473,0.13736494772764848,0.23224544525146484,True,OPTIMIZED
target_287,LME_PB_Close - US_Stock_SLB_adj_close,3,XGBoost,0.0359307295307839,0.02749197110054172,-0.006220526280591443,0.0,0.3062307834625244,True,OPTIMIZED
target_287,LME_PB_Close - US_Stock_SLB_adj_close,3,LightGBM,0.041653789294313064,0.03177213394557192,-0.35229092575087884,-0.04002828618770466,2.6685385704040527,True,OPTIMIZED
target_288,JPX_Gold_Standard_Futures_Close - US_Stock_BKR_adj_close,3,Ridge,0.04311330939401785,0.032217058576506426,-0.2995332052605808,0.05002207149599347,0.008280754089355469,False,OPTIMIZED
target_288,JPX_Gold_Standard_Futures_Close - US_Stock_BKR_adj_close,3,Lasso,0.037828962491455315,0.027334061257057785,-0.0004917692553023656,0.0,0.0056116580963134766,False,OPTIMIZED
target_288,JPX_Gold_Standard_Futures_Close - US_Stock_BKR_adj_close,3,RandomForest,0.04348038276507509,0.03193258483165213,-0.3217562620994123,-0.008234937769338778,0.3283710479736328,False,OPTIMIZED
target_288,JPX_Gold_Standard_Futures_Close - US_Stock_BKR_adj_close,3,ElasticNet,0.041877357045292864,0.031104092432775607,-0.22609236767601115,0.057091994308371675,0.25580787658691406,True,OPTIMIZED
target_288,JPX_Gold_Standard_Futures_Close - US_Stock_BKR_adj_close,3,XGBoost,0.03782781209561896,0.02733217752247673,-0.00043091936732109204,0.0,0.25847578048706055,True,OPTIMIZED
target_288,JPX_Gold_Standard_Futures_Close - US_Stock_BKR_adj_close,3,LightGBM,0.04464678957041752,0.032994438334831865,-0.3936224386181919,-0.10689843824598916,1.273940086364746,True,OPTIMIZED
target_289,LME_ZS_Close - US_Stock_GLD_adj_close,3,Ridge,0.02700679449208245,0.021597266898592635,-0.14382920516320818,0.05277253408794886,0.008263111114501953,False,OPTIMIZED
target_289,LME_ZS_Close - US_Stock_GLD_adj_close,3,Lasso,0.025333823981408016,0.020054258781452602,-0.006506535589382079,0.0,0.00641179084777832,False,OPTIMIZED
target_289,LME_ZS_Close - US_Stock_GLD_adj_close,3,RandomForest,0.02597932955267223,0.020241012438846556,-0.05845154178966805,0.003935146361394706,0.3349456787109375,False,OPTIMIZED
target_289,LME_ZS_Close - US_Stock_GLD_adj_close,3,ElasticNet,0.02527097821190877,0.02000681693976394,-0.0015190359010781584,0.15628564767400227,0.004274129867553711,True,OPTIMIZED
target_289,LME_ZS_Close - US_Stock_GLD_adj_close,3,XGBoost,0.025335545561041103,0.020055687162251888,-0.006643336100015773,0.0,0.32030582427978516,True,OPTIMIZED
target_289,LME_ZS_Close - US_Stock_GLD_adj_close,3,LightGBM,0.025795601316085957,0.02029100878290925,-0.04353354407990473,-0.05726555353737927,1.146113634109497,True,OPTIMIZED
target_290,US_Stock_LYB_adj_close - JPX_Platinum_Standard_Futures_Close,3,Ridge,0.05197717535848761,0.0384379493553,-1.061127433038474,0.002702584243456427,0.00836324691772461,False,OPTIMIZED
target_290,US_Stock_LYB_adj_close - JPX_Platinum_Standard_Futures_Close,3,Lasso,0.036814832811827354,0.028975769579976593,-0.03401100180657313,0.0,0.005712747573852539,False,OPTIMIZED
target_290,US_Stock_LYB_adj_close - JPX_Platinum_Standard_Futures_Close,3,RandomForest,0.040114049419797564,0.03154895298725052,-0.22764416787326747,-0.034863962882318224,0.36503076553344727,False,OPTIMIZED
target_290,US_Stock_LYB_adj_close - JPX_Platinum_Standard_Futures_Close,3,ElasticNet,0.05060086213103286,0.037562262397473234,-0.9534186387602028,-0.013409607831780763,0.22765636444091797,True,OPTIMIZED
target_290,US_Stock_LYB_adj_close - JPX_Platinum_Standard_Futures_Close,3,XGBoost,0.037469950990742414,0.029222005312434195,-0.0711387841264417,-0.09145959110530932,0.22569894790649414,True,OPTIMIZED
target_290,US_Stock_LYB_adj_close - JPX_Platinum_Standard_Futures_Close,3,LightGBM,0.043900150146525964,0.03400061157698263,-0.4703187846772401,-0.04190884002548396,1.2718424797058105,True,OPTIMIZED
target_291,LME_AH_Close - US_Stock_EFA_adj_close,3,Ridge,0.024531644356185982,0.019533284522288412,-0.18536244297711635,0.020813186264189182,0.008038043975830078,False,OPTIMIZED
target_291,LME_AH_Close - US_Stock_EFA_adj_close,3,Lasso,0.022532510442667367,0.017415473864815983,-3.915639634777257e-05,0.0,0.00616908073425293,False,OPTIMIZED
target_291,LME_AH_Close - US_Stock_EFA_adj_close,3,RandomForest,0.024811387515579555,0.019323807222012074,-0.2125508116065702,-0.11745369593894558,0.3402519226074219,False,OPTIMIZED
target_291,LME_AH_Close - US_Stock_EFA_adj_close,3,ElasticNet,0.023939291891199095,0.019212695252572732,-0.12880894769895224,0.06138536897535723,0.2101585865020752,True,OPTIMIZED
target_291,LME_AH_Close - US_Stock_EFA_adj_close,3,XGBoost,0.02253255558959489,0.017416110067070143,-4.316382735836122e-05,0.0,0.3573637008666992,True,OPTIMIZED
target_291,LME_AH_Close - US_Stock_EFA_adj_close,3,LightGBM,0.023376905486336638,0.018204840487749663,-0.07639552857157872,-0.09262655927907094,2.140316963195801,True,OPTIMIZED
target_292,LME_CA_Close - US_Stock_VYM_adj_close,3,Ridge,0.025960271639990394,0.020453350608229573,-0.5003271192828658,0.04722235108416508,0.007750272750854492,False,OPTIMIZED
target_292,LME_CA_Close - US_Stock_VYM_adj_close,3,Lasso,0.021171922933649334,0.016264340748589075,0.0020975164670123947,0.2003534583968226,0.006161212921142578,False,OPTIMIZED
target_292,LME_CA_Close - US_Stock_VYM_adj_close,3,RandomForest,0.021769537836914505,0.01650044375706099,-0.05503268136087125,0.05073968737696162,0.3315103054046631,False,OPTIMIZED
target_292,LME_CA_Close - US_Stock_VYM_adj_close,3,ElasticNet,0.02498176557760872,0.01980485587204823,-0.3893566751969324,0.06583883772078511,0.1923964023590088,True,OPTIMIZED
target_292,LME_CA_Close - US_Stock_VYM_adj_close,3,XGBoost,0.021340225751087332,0.016449503652986523,-0.013830875590641334,-0.0018912457984160912,0.15012669563293457,True,OPTIMIZED
target_292,LME_CA_Close - US_Stock_VYM_adj_close,3,LightGBM,0.021967334646673033,0.01679873932218898,-0.07429171543903523,-0.018137714956589383,0.858386754989624,True,OPTIMIZED
target_293,LME_ZS_Close - US_Stock_KMI_adj_close,3,Ridge,0.04433395041998814,0.03626721672475556,-0.6960351654642947,0.04041933262201541,0.007729530334472656,False,OPTIMIZED
target_293,LME_ZS_Close - US_Stock_KMI_adj_close,3,Lasso,0.03399342596561683,0.026132292985356194,0.002869816145880111,0.2258428631083873,0.0056340694427490234,False,OPTIMIZED
target_293,LME_ZS_Close - US_Stock_KMI_adj_close,3,RandomForest,0.0372727139510941,0.029525874621385617,-0.19879251545891807,0.14050848526156395,0.3361656665802002,False,OPTIMIZED
target_293,LME_ZS_Close - US_Stock_KMI_adj_close,3,ElasticNet,0.033844159319228934,0.026012544166754928,0.011607476242480042,0.2258428631083873,0.004846811294555664,True,OPTIMIZED
target_293,LME_ZS_Close - US_Stock_KMI_adj_close,3,XGBoost,0.03409631891375614,0.02622033146772563,-0.003175643243185755,0.0,0.17915034294128418,True,OPTIMIZED
target_293,LME_ZS_Close - US_Stock_KMI_adj_close,3,LightGBM,0.03472393240992507,0.026496745595846735,-0.04044659803490025,0.09202497225503244,2.584223747253418,True,OPTIMIZED
target_294,US_Stock_VGK_adj_close - LME_CA_Close,3,Ridge,0.020484101340648087,0.01584476654093694,-0.2425868923381458,0.047373714304746205,0.007116556167602539,False,OPTIMIZED
target_294,US_Stock_VGK_adj_close - LME_CA_Close,3,Lasso,0.01838392433729,0.014695652200736105,-0.0008509008649606464,0.0,0.006541728973388672,False,OPTIMIZED
target_294,US_Stock_VGK_adj_close - LME_CA_Close,3,RandomForest,0.018797040527283697,0.014864017726656626,-0.04633774509970423,0.08668086923526186,0.3629167079925537,False,OPTIMIZED
target_294,US_Stock_VGK_adj_close - LME_CA_Close,3,ElasticNet,0.019022749551718596,0.015189387381913003,-0.0716168082114308,-0.022330684328286304,0.2736942768096924,True,OPTIMIZED
target_294,US_Stock_VGK_adj_close - LME_CA_Close,3,XGBoost,0.018367172070066086,0.014656480912219334,0.0009723096995377656,0.06679293926880524,0.3159451484680176,True,OPTIMIZED
target_294,US_Stock_VGK_adj_close - LME_CA_Close,3,LightGBM,0.018407100704113992,0.01464532624877005,-0.003376010160123455,0.04474879985535754,0.8139972686767578,True,OPTIMIZED
target_295,LME_CA_Close - FX_AUDCHF,3,Ridge,0.019002183222953495,0.014427946309899504,-0.10420324183146779,-0.07904047613536111,0.006941795349121094,False,OPTIMIZED
target_295,LME_CA_Close - FX_AUDCHF,3,Lasso,0.018118396114026946,0.013850817385898417,-0.0038793379653923044,0.20695632939554573,0.004970073699951172,False,OPTIMIZED
target_295,LME_CA_Close - FX_AUDCHF,3,RandomForest,0.019291324997070855,0.014535289945415015,-0.1380625447068633,0.11592656321936641,0.37489771842956543,False,OPTIMIZED
target_295,LME_CA_Close - FX_AUDCHF,3,ElasticNet,0.0181127017466314,0.013836017521467259,-0.0032484256669269573,0.0,0.0032906532287597656,True,OPTIMIZED
target_295,LME_CA_Close - FX_AUDCHF,3,XGBoost,0.018143041976994696,0.013847626959052249,-0.006612284077479158,-0.013798516468627897,0.19095396995544434,True,OPTIMIZED
target_295,LME_CA_Close - FX_AUDCHF,3,LightGBM,0.01898369356377505,0.014471846618434165,-0.10205544559898017,0.08348366885546955,0.6224327087402344,True,OPTIMIZED
target_296,LME_CA_Close - US_Stock_CAT_adj_close,3,Ridge,0.035393119001350885,0.027692272826464585,-0.39281119499625605,0.0902558960286335,0.007638454437255859,False,OPTIMIZED
target_296,LME_CA_Close - US_Stock_CAT_adj_close,3,Lasso,0.029997576644057923,0.0226644751555123,-0.0005226379604010845,0.0,0.006288051605224609,False,OPTIMIZED
target_296,LME_CA_Close - US_Stock_CAT_adj_close,3,RandomForest,0.03532520737330867,0.02869158135824786,-0.3874713248975312,0.2277849940465782,0.3916647434234619,False,OPTIMIZED
target_296,LME_CA_Close - US_Stock_CAT_adj_close,3,ElasticNet,0.03258902213150159,0.024827378918352808,-0.18085679937023924,0.019808657857267754,0.2896292209625244,True,OPTIMIZED
target_296,LME_CA_Close - US_Stock_CAT_adj_close,3,XGBoost,0.030000147387964665,0.022666608161776042,-0.0006941316592079527,0.0,0.21254682540893555,True,OPTIMIZED
target_296,LME_CA_Close - US_Stock_CAT_adj_close,3,LightGBM,0.030063900904202752,0.02267668512608611,-0.004951814615369088,0.06273871674915812,1.0401568412780762,True,OPTIMIZED
target_297,US_Stock_AMP_adj_close - LME_ZS_Close,3,Ridge,0.034897047722530064,0.026823087203889498,-0.07104402602715654,0.10410310303523403,0.006873369216918945,False,OPTIMIZED
target_297,US_Stock_AMP_adj_close - LME_ZS_Close,3,Lasso,0.03374062678894751,0.02546912210225376,-0.0012355022699448437,0.0,0.0046231746673583984,False,OPTIMIZED
target_297,US_Stock_AMP_adj_close - LME_ZS_Close,3,RandomForest,0.03601068559368401,0.026146886687548682,-0.14049327323081595,0.07125103932113148,0.3586466312408447,False,OPTIMIZED
target_297,US_Stock_AMP_adj_close - LME_ZS_Close,3,ElasticNet,0.033725762173123376,0.02592334487896899,-0.00035349715517085656,0.12242935292669259,0.18214631080627441,True,OPTIMIZED
target_297,US_Stock_AMP_adj_close - LME_ZS_Close,3,XGBoost,0.03447236142444285,0.025597933991392346,-0.045134098799946454,0.021780310851931647,0.18418073654174805,True,OPTIMIZED
target_297,US_Stock_AMP_adj_close - LME_ZS_Close,3,LightGBM,0.03479590877107375,0.026348305352717667,-0.06484480267691772,0.07450252351333958,2.7676143646240234,True,OPTIMIZED
target_298,LME_ZS_Close - US_Stock_IEF_adj_close,3,Ridge,0.02603320871001233,0.020756732579028696,-0.005722650853874134,0.10628582609823084,0.008337259292602539,False,OPTIMIZED
target_298,LME_ZS_Close - US_Stock_IEF_adj_close,3,Lasso,0.02596860289867763,0.020779080737068755,-0.0007371029963665343,0.0,0.005491495132446289,False,OPTIMIZED
target_298,LME_ZS_Close - US_Stock_IEF_adj_close,3,RandomForest,0.026300584068381545,0.02097580966920685,-0.02648738720198951,0.12245433231869421,0.38951754570007324,False,OPTIMIZED
target_298,LME_ZS_Close - US_Stock_IEF_adj_close,3,ElasticNet,0.025885810083990407,0.020704384675670234,0.005633803054126085,0.2330270978823423,0.003975391387939453,True,OPTIMIZED
target_298,LME_ZS_Close - US_Stock_IEF_adj_close,3,XGBoost,0.025598456277269838,0.020483931553781972,0.027587836143601496,0.23547281152983715,0.39237117767333984,True,OPTIMIZED
target_298,LME_ZS_Close - US_Stock_IEF_adj_close,3,LightGBM,0.02542827197865915,0.020265971906794814,0.04047448643871843,0.28104345767743605,0.277437686920166,True,OPTIMIZED
target_299,LME_AH_Close - FX_EURJPY,3,Ridge,0.021892711876481404,0.017226349650739797,-0.025077521347282694,0.05207884834502323,0.007521152496337891,False,OPTIMIZED
target_299,LME_AH_Close - FX_EURJPY,3,Lasso,0.02162882059433646,0.016795690725644904,-0.0005142158537023711,0.0,0.005966901779174805,False,OPTIMIZED
target_299,LME_AH_Close - FX_EURJPY,3,RandomForest,0.023728968677436655,0.018474345303871226,-0.20424627955327446,0.09130394524649109,0.39474940299987793,False,OPTIMIZED
target_299,LME_AH_Close - FX_EURJPY,3,ElasticNet,0.02180768617505706,0.016937865444632515,-0.017130704509089156,-0.0041919047729277745,0.24266743659973145,True,OPTIMIZED
target_299,LME_AH_Close - FX_EURJPY,3,XGBoost,0.02162791277306467,0.01679769236333096,-0.0004302289324333852,0.0,0.19645237922668457,True,OPTIMIZED
target_299,LME_AH_Close - FX_EURJPY,3,LightGBM,0.023684776183650433,0.01802460436341008,-0.19976491417038944,-0.06557123640357307,0.6328384876251221,True,OPTIMIZED
target_300,LME_CA_Close - US_Stock_HAL_adj_close,3,Ridge,0.04308181680242075,0.032221636686846286,-0.1682350336339018,0.062020261855397864,0.006750822067260742,False,OPTIMIZED
target_300,LME_CA_Close - US_Stock_HAL_adj_close,3,Lasso,0.04052984731008572,0.030566336282657716,-0.03393239287246397,0.009827606510343251,0.007609844207763672,False,OPTIMIZED
target_300,LME_CA_Close - US_Stock_HAL_adj_close,3,RandomForest,0.03955454564199687,0.029585685081448886,0.015229552694358106,0.25620886578096874,0.3188514709472656,False,OPTIMIZED
target_300,LME_CA_Close - US_Stock_HAL_adj_close,3,ElasticNet,0.04042356209958187,0.03024613155114701,-0.028516747878216897,0.06954173521130781,0.00833439826965332,True,OPTIMIZED
target_300,LME_CA_Close - US_Stock_HAL_adj_close,3,XGBoost,0.04026194151466086,0.03015366890731667,-0.020308803685328947,0.05733839958833442,0.3077402114868164,True,OPTIMIZED
target_300,LME_CA_Close - US_Stock_HAL_adj_close,3,LightGBM,0.04486925195928856,0.03461069828071549,-0.2671845381224107,0.10329008330032484,1.5616977214813232,True,OPTIMIZED
target_301,JPX_Gold_Standard_Futures_Close - FX_EURCHF,3,Ridge,0.020050086751029716,0.015610946918336584,-0.2931984864075041,0.1343065210267308,0.009348392486572266,False,OPTIMIZED
target_301,JPX_Gold_Standard_Futures_Close - FX_EURCHF,3,Lasso,0.01776397482252599,0.013615036150244118,-0.015109690064315728,0.0,0.006204128265380859,False,OPTIMIZED
target_301,JPX_Gold_Standard_Futures_Close - FX_EURCHF,3,RandomForest,0.023053767496073484,0.01892335480117566,-0.7096865427330723,0.029201069225066656,0.3542749881744385,False,OPTIMIZED
target_301,JPX_Gold_Standard_Futures_Close - FX_EURCHF,3,ElasticNet,0.01776397482252599,0.013615036150244118,-0.015109690064315728,0.0,0.003443002700805664,True,OPTIMIZED
target_301,JPX_Gold_Standard_Futures_Close - FX_EURCHF,3,XGBoost,0.017762395082085533,0.01361326873169192,-0.014929151807439478,0.0,0.2776455879211426,True,OPTIMIZED
target_301,JPX_Gold_Standard_Futures_Close - FX_EURCHF,3,LightGBM,0.019082241404482492,0.01485867615755458,-0.17136285211579794,0.05552148340294256,1.135129690170288,True,OPTIMIZED
target_302,JPX_Platinum_Standard_Futures_Close - US_Stock_URA_adj_close,3,Ridge,0.041064025941349544,0.03196733669145697,-0.012851978591734925,0.14981380110294865,0.007913827896118164,False,OPTIMIZED
target_302,JPX_Platinum_Standard_Futures_Close - US_Stock_URA_adj_close,3,Lasso,0.04102441467906759,0.031976098578355185,-0.010898882470549154,0.0,0.005692243576049805,False,OPTIMIZED
target_302,JPX_Platinum_Standard_Futures_Close - US_Stock_URA_adj_close,3,RandomForest,0.04721438733765641,0.037686293662238565,-0.3389724668564671,0.06915735411289022,0.33310627937316895,False,OPTIMIZED
target_302,JPX_Platinum_Standard_Futures_Close - US_Stock_URA_adj_close,3,ElasticNet,0.04097128855691021,0.03200437031768823,-0.008282374023756311,0.11040717996722148,0.19230103492736816,True,OPTIMIZED
target_302,JPX_Platinum_Standard_Futures_Close - US_Stock_URA_adj_close,3,XGBoost,0.041022359704361584,0.03197350015210383,-0.010797610112577738,0.0,0.1327965259552002,True,OPTIMIZED
target_302,JPX_Platinum_Standard_Futures_Close - US_Stock_URA_adj_close,3,LightGBM,0.042634440668878996,0.033572116636292254,-0.09180246148836435,-0.018429699154552125,1.765777587890625,True,OPTIMIZED
target_303,JPX_Gold_Standard_Futures_Close - US_Stock_VT_adj_close,3,Ridge,0.026329831803314035,0.020739035606497584,-0.48052460876953673,0.0013055055076991952,0.00803828239440918,False,OPTIMIZED
target_303,JPX_Gold_Standard_Futures_Close - US_Stock_VT_adj_close,3,Lasso,0.021770125704343026,0.016852811813100606,-0.012141737915236872,0.0,0.0062313079833984375,False,OPTIMIZED
target_303,JPX_Gold_Standard_Futures_Close - US_Stock_VT_adj_close,3,RandomForest,0.02745974772190028,0.021979655961236164,-0.6103213346121454,-0.053475243138660644,0.382415771484375,False,OPTIMIZED
target_303,JPX_Gold_Standard_Futures_Close - US_Stock_VT_adj_close,3,ElasticNet,0.025307491154540028,0.019984953685335153,-0.3677844067410456,0.027045018025055056,0.24744486808776855,True,OPTIMIZED
target_303,JPX_Gold_Standard_Futures_Close - US_Stock_VT_adj_close,3,XGBoost,0.021769750965401992,0.01685247270777821,-0.01210689331546222,0.0,0.3426337242126465,True,OPTIMIZED
target_303,JPX_Gold_Standard_Futures_Close - US_Stock_VT_adj_close,3,LightGBM,0.023546352307565164,0.01833765459136458,-0.18404098735402008,-0.0628356706682341,1.1672053337097168,True,OPTIMIZED
target_304,US_Stock_EWY_adj_close - LME_ZS_Close,3,Ridge,0.029544434685721432,0.022998331570407222,-0.005818582215557644,0.03830351864473713,0.006770610809326172,False,OPTIMIZED
target_304,US_Stock_EWY_adj_close - LME_ZS_Close,3,Lasso,0.029459946636522776,0.02266556982530109,-7.414047179565841e-05,0.0,0.00445866584777832,False,OPTIMIZED
target_304,US_Stock_EWY_adj_close - LME_ZS_Close,3,RandomForest,0.029190030517644145,0.022824669800022894,0.01816754460388814,0.12250280423412589,0.32618236541748047,False,OPTIMIZED
target_304,US_Stock_EWY_adj_close - LME_ZS_Close,3,ElasticNet,0.029553477434730035,0.022998838557421377,-0.006434383939708077,0.02302207821404484,0.1840214729309082,True,OPTIMIZED
target_304,US_Stock_EWY_adj_close - LME_ZS_Close,3,XGBoost,0.02946004383275102,0.022665408776279792,-8.073950579712275e-05,0.0,0.27565932273864746,True,OPTIMIZED
target_304,US_Stock_EWY_adj_close - LME_ZS_Close,3,LightGBM,0.02943992095948267,0.023210621296610296,0.0012850171108070851,0.0888392076536857,0.9958224296569824,True,OPTIMIZED
target_305,US_Stock_CVX_adj_close - LME_CA_Close,3,Ridge,0.03068796300938369,0.021998446159167316,-0.19364562629784254,0.02991549828534316,0.007911443710327148,False,OPTIMIZED
target_305,US_Stock_CVX_adj_close - LME_CA_Close,3,Lasso,0.02835492362018972,0.02132753809778746,-0.01905177687274584,0.08047349032286458,0.00486445426940918,False,OPTIMIZED
target_305,US_Stock_CVX_adj_close - LME_CA_Close,3,RandomForest,0.027903641686580723,0.02065809607783778,0.013127470866392987,0.1562615604031436,0.3381154537200928,False,OPTIMIZED
target_305,US_Stock_CVX_adj_close - LME_CA_Close,3,ElasticNet,0.029837125465869713,0.021644986053280985,-0.128374461184656,0.07305431352467547,0.2732973098754883,True,OPTIMIZED
target_305,US_Stock_CVX_adj_close - LME_CA_Close,3,XGBoost,0.028279259456972242,0.021291641143525216,-0.01362042223283133,0.03557987120016817,0.12913751602172852,True,OPTIMIZED
target_305,US_Stock_CVX_adj_close - LME_CA_Close,3,LightGBM,0.028357511529283178,0.021212087870726922,-0.019237799853625503,0.1275792709110222,0.7288806438446045,True,OPTIMIZED
target_306,LME_PB_Close - FX_NZDUSD,3,Ridge,0.0170029116113667,0.013132685525751477,0.027473926609283494,0.20919580140793267,0.0074920654296875,False,OPTIMIZED
target_306,LME_PB_Close - FX_NZDUSD,3,Lasso,0.01724253262501653,0.013458886993628886,-0.00013073098346838563,0.0,0.005463361740112305,False,OPTIMIZED
target_306,LME_PB_Close - FX_NZDUSD,3,RandomForest,0.02004727106863082,0.0151935937344853,-0.3519641782777685,0.0489530526212908,0.3588290214538574,False,OPTIMIZED
target_306,LME_PB_Close - FX_NZDUSD,3,ElasticNet,0.01717695410324411,0.013399150687208573,0.007462396157020157,0.10494422539268565,0.003904104232788086,True,OPTIMIZED
target_306,LME_PB_Close - FX_NZDUSD,3,XGBoost,0.017242467607626065,0.013458438116442423,-0.00012318849895454065,0.0,0.3381214141845703,True,OPTIMIZED
target_306,LME_PB_Close - FX_NZDUSD,3,LightGBM,0.019402502669932632,0.01476148224375101,-0.26639784542851563,0.02417688408089568,0.8007473945617676,True,OPTIMIZED
target_307,US_Stock_HES_adj_close - LME_PB_Close,3,Ridge,0.031903348016831826,0.0239517539017609,-0.07909323186865147,0.09611565570818542,0.008059263229370117,False,OPTIMIZED
target_307,US_Stock_HES_adj_close - LME_PB_Close,3,Lasso,0.030835922359552247,0.023052053719018053,-0.008092382001252618,0.0,0.006387233734130859,False,OPTIMIZED
target_307,US_Stock_HES_adj_close - LME_PB_Close,3,RandomForest,0.0330922566510471,0.02563433281526225,-0.16101869691714565,0.1342684812773697,0.3567686080932617,False,OPTIMIZED
target_307,US_Stock_HES_adj_close - LME_PB_Close,3,ElasticNet,0.0306542217865889,0.023043257477368843,0.003752977714263639,0.11568960351542994,0.009219646453857422,True,OPTIMIZED
target_307,US_Stock_HES_adj_close - LME_PB_Close,3,XGBoost,0.031276147208921835,0.02364100651071132,-0.037081633331285335,0.0406980642283201,0.37574195861816406,True,OPTIMIZED
target_307,US_Stock_HES_adj_close - LME_PB_Close,3,LightGBM,0.03512582330249292,0.027327432124904218,-0.30809555672480315,0.08729863298923521,0.7241556644439697,True,OPTIMIZED
target_308,FX_EURGBP - JPX_Platinum_Standard_Futures_Close,3,Ridge,0.032008513789123776,0.02330581777347679,-0.1564923000408085,0.06541754892133539,0.007434844970703125,False,OPTIMIZED
target_308,FX_EURGBP - JPX_Platinum_Standard_Futures_Close,3,Lasso,0.029917967052444195,0.02174403463968864,-0.01035939825687171,0.14607371487341916,0.0061228275299072266,False,OPTIMIZED
target_308,FX_EURGBP - JPX_Platinum_Standard_Futures_Close,3,RandomForest,0.03549502744641519,0.026985655236526147,-0.42215443208473946,0.04221070968469732,0.3286292552947998,False,OPTIMIZED
target_308,FX_EURGBP - JPX_Platinum_Standard_Futures_Close,3,ElasticNet,0.03030760088572555,0.022130424905736114,-0.036847405821565093,0.14607371487341916,0.0033583641052246094,True,OPTIMIZED
target_308,FX_EURGBP - JPX_Platinum_Standard_Futures_Close,3,XGBoost,0.029936467146644847,0.02167437630495004,-0.011609317620122184,0.056115341919961655,0.28215885162353516,True,OPTIMIZED
target_308,FX_EURGBP - JPX_Platinum_Standard_Futures_Close,3,LightGBM,0.03970685134968543,0.03043286108916837,-0.7796828954286599,-0.10269156884367782,1.7435929775238037,True,OPTIMIZED
target_309,LME_PB_Close - US_Stock_VGIT_adj_close,3,Ridge,0.019857470244889975,0.015063444913074932,-0.00992185647194499,0.15276176915949102,0.005822658538818359,False,OPTIMIZED
target_309,LME_PB_Close - US_Stock_VGIT_adj_close,3,Lasso,0.01977586261089896,0.015074386020629547,-0.0016380239172488764,0.0,0.0050127506256103516,False,OPTIMIZED
target_309,LME_PB_Close - US_Stock_VGIT_adj_close,3,RandomForest,0.020451528622125733,0.01568739897173023,-0.0712515884536915,0.11007585408704483,0.3310391902923584,False,OPTIMIZED
target_309,LME_PB_Close - US_Stock_VGIT_adj_close,3,ElasticNet,0.019565026725302737,0.014912848014479684,0.01960560155129254,0.19112773628423213,0.0034644603729248047,True,OPTIMIZED
target_309,LME_PB_Close - US_Stock_VGIT_adj_close,3,XGBoost,0.019775476651332047,0.015074870084748157,-0.0015989269622362912,0.0,0.24167776107788086,True,OPTIMIZED
target_309,LME_PB_Close - US_Stock_VGIT_adj_close,3,LightGBM,0.021400826191161324,0.01649947608850948,-0.17300809709075549,0.15270199704291576,1.8039910793304443,True,OPTIMIZED
target_310,FX_AUDCAD - JPX_Platinum_Standard_Futures_Close,3,Ridge,0.029800968903685263,0.021883723537749238,-0.1915797977231659,0.022767570030186358,0.008116960525512695,False,OPTIMIZED
target_310,FX_AUDCAD - JPX_Platinum_Standard_Futures_Close,3,Lasso,0.027420457349707817,0.020263397779250056,-0.008815511336285775,0.0,0.005604982376098633,False,OPTIMIZED
target_310,FX_AUDCAD - JPX_Platinum_Standard_Futures_Close,3,RandomForest,0.030393929717005875,0.022610711989935025,-0.23947015131168103,-0.13645019204625955,0.32705187797546387,False,OPTIMIZED
target_310,FX_AUDCAD - JPX_Platinum_Standard_Futures_Close,3,ElasticNet,0.0279184618741838,0.020586749774183784,-0.04579205591963831,0.08384665573491822,0.00384521484375,True,OPTIMIZED
target_310,FX_AUDCAD - JPX_Platinum_Standard_Futures_Close,3,XGBoost,0.02741756531143318,0.020261740239884425,-0.008602722820224118,0.0,0.15164470672607422,True,OPTIMIZED
target_310,FX_AUDCAD - JPX_Platinum_Standard_Futures_Close,3,LightGBM,0.029633468373275785,0.021729859588874533,-0.1782225584817907,-0.1084799156702569,0.5551812648773193,True,OPTIMIZED
target_311,US_Stock_TD_adj_close - LME_ZS_Close,3,Ridge,0.03094286685316571,0.02354489191940666,-0.06682608537017276,0.1098543106698878,0.0065975189208984375,False,OPTIMIZED
target_311,US_Stock_TD_adj_close - LME_ZS_Close,3,Lasso,0.029958359606159075,0.02284358831682125,-1.9775252051656977e-05,0.0,0.006012678146362305,False,OPTIMIZED
target_311,US_Stock_TD_adj_close - LME_ZS_Close,3,RandomForest,0.03555108155386577,0.027303113552590616,-0.40824482616356894,0.04439581392969848,0.3473691940307617,False,OPTIMIZED
target_311,US_Stock_TD_adj_close - LME_ZS_Close,3,ElasticNet,0.029916599903035856,0.022781041859601475,0.002766186593665787,0.12119287302261347,0.0038766860961914062,True,OPTIMIZED
target_311,US_Stock_TD_adj_close - LME_ZS_Close,3,XGBoost,0.029959336674049243,0.022834046279154082,-8.500600288274818e-05,0.0,0.1494295597076416,True,OPTIMIZED
target_311,US_Stock_TD_adj_close - LME_ZS_Close,3,LightGBM,0.03013430724436116,0.022774573070010087,-0.011800647557841604,0.02877001901556531,0.6230106353759766,True,OPTIMIZED
target_312,JPX_Gold_Standard_Futures_Close - FX_USDCHF,3,Ridge,0.020764187313904604,0.01627952658833676,-0.11824236866386673,0.1671866058164091,0.00784611701965332,False,OPTIMIZED
target_312,JPX_Gold_Standard_Futures_Close - FX_USDCHF,3,Lasso,0.019868814919382,0.015319634268207252,-0.02388220629957627,0.0,0.005772590637207031,False,OPTIMIZED
target_312,JPX_Gold_Standard_Futures_Close - FX_USDCHF,3,RandomForest,0.02455630038193262,0.019459887799719116,-0.5639826879224079,0.03673281912783542,0.339188814163208,False,OPTIMIZED
target_312,JPX_Gold_Standard_Futures_Close - FX_USDCHF,3,ElasticNet,0.01980640400969536,0.015234403008481494,-0.01745997545965472,-0.052025043472423864,0.0041234493255615234,True,OPTIMIZED
target_313,US_Stock_MS_adj_close - LME_AH_Close,3,Ridge,0.038283753408741836,0.02994503859681608,-0.13151834819188446,0.03754878415783169,0.007504463195800781,False,OPTIMIZED
target_313,US_Stock_MS_adj_close - LME_AH_Close,3,Lasso,0.036049225220317664,0.027259146776308713,-0.0032853035592999014,0.0,0.005144596099853516,False,OPTIMIZED
target_313,US_Stock_MS_adj_close - LME_AH_Close,3,RandomForest,0.04846107858644122,0.0395398109918556,-0.8130873676188295,-0.10656684425824883,0.34827280044555664,False,OPTIMIZED
target_313,US_Stock_MS_adj_close - LME_AH_Close,3,ElasticNet,0.036034504511746786,0.027255451869050134,-0.002466087334796807,0.07441747463104842,0.006662607192993164,True,OPTIMIZED
target_313,US_Stock_MS_adj_close - LME_AH_Close,3,XGBoost,0.036099468644856976,0.027319913235939183,-0.006083900057313407,-0.09442378649061685,0.36983656883239746,True,OPTIMIZED
target_313,US_Stock_MS_adj_close - LME_AH_Close,3,LightGBM,0.03693317165416468,0.028367648333119277,-0.053090728583502056,-0.005269759591194407,0.7776660919189453,True,OPTIMIZED
target_314,LME_ZS_Close - US_Stock_SLV_adj_close,3,Ridge,0.02961015743598872,0.023591410052958114,-0.121162357749933,0.15084519557079695,0.007605552673339844,False,OPTIMIZED
target_314,LME_ZS_Close - US_Stock_SLV_adj_close,3,Lasso,0.028058502207952685,0.022338102196076706,-0.006737030887065121,0.0,0.005720376968383789,False,OPTIMIZED
target_314,LME_ZS_Close - US_Stock_SLV_adj_close,3,RandomForest,0.02995517934043344,0.02377257826588705,-0.1474424777999186,-0.05583280698185901,0.34574270248413086,False,OPTIMIZED
target_314,LME_ZS_Close - US_Stock_SLV_adj_close,3,ElasticNet,0.02891374087433376,0.02304614523585822,-0.06904415718784196,0.134439979873747,0.2707993984222412,True,OPTIMIZED
target_314,LME_ZS_Close - US_Stock_SLV_adj_close,3,XGBoost,0.028059016987694686,0.022338450304513358,-0.0067739717457921955,0.0,0.18407821655273438,True,OPTIMIZED
target_314,LME_ZS_Close - US_Stock_SLV_adj_close,3,LightGBM,0.0287403653626238,0.02272839386603763,-0.056261972889976475,0.06927142250500479,0.6061897277832031,True,OPTIMIZED
target_315,LME_AH_Close - US_Stock_OIH_adj_close,3,Ridge,0.040514347663452736,0.029711010108546695,-0.06449383564620215,-0.04117823034092112,0.007948875427246094,False,OPTIMIZED
target_315,LME_AH_Close - US_Stock_OIH_adj_close,3,Lasso,0.03939008634866522,0.02881918359697365,-0.006234759102570431,0.0745789485579159,0.007024526596069336,False,OPTIMIZED
target_315,LME_AH_Close - US_Stock_OIH_adj_close,3,RandomForest,0.04114593688829277,0.030051958172070674,-0.09794190467308539,-0.024008169450679375,0.3476376533508301,False,OPTIMIZED
target_315,LME_AH_Close - US_Stock_OIH_adj_close,3,ElasticNet,0.039753358240894265,0.028965112957997405,-0.02488018011313775,0.024898506351307786,0.14935874938964844,True,OPTIMIZED
target_315,LME_AH_Close - US_Stock_OIH_adj_close,3,XGBoost,0.04195902483780533,0.030038226209851634,-0.14176367598488437,0.010212926418571947,0.2008209228515625,True,OPTIMIZED
target_315,LME_AH_Close - US_Stock_OIH_adj_close,3,LightGBM,0.04034314453744827,0.029516598284823496,-0.05551629443411299,0.03244823021007669,0.6607112884521484,True,OPTIMIZED
target_316,US_Stock_RIO_adj_close - LME_PB_Close,3,Ridge,0.02475177589561362,0.019213856326232393,0.0010903428379547275,0.090718906901806,0.0072174072265625,False,OPTIMIZED
target_316,US_Stock_RIO_adj_close - LME_PB_Close,3,Lasso,0.024828556819810322,0.019256436953234042,-0.005116578699765562,0.0,0.006224870681762695,False,OPTIMIZED
target_316,US_Stock_RIO_adj_close - LME_PB_Close,3,RandomForest,0.025313308836380798,0.019533373114437456,-0.04474744781971007,0.11604027867485514,0.38553762435913086,False,OPTIMIZED
target_316,US_Stock_RIO_adj_close - LME_PB_Close,3,ElasticNet,0.024827395703296385,0.019254274261151463,-0.005022571611275062,-0.031113616980276985,0.003823995590209961,True,OPTIMIZED
target_316,US_Stock_RIO_adj_close - LME_PB_Close,3,XGBoost,0.02483736998145946,0.019267094229983905,-0.005830259089225409,0.0,0.21646666526794434,True,OPTIMIZED
target_316,US_Stock_RIO_adj_close - LME_PB_Close,3,LightGBM,0.02536315655582237,0.019634014076762147,-0.048866194606121294,0.08297083477559584,0.4893622398376465,True,OPTIMIZED
target_317,JPX_Platinum_Standard_Futures_Close - US_Stock_WMB_adj_close,3,Ridge,0.044807962123555985,0.03557917726832775,-0.6101205948152824,0.133104426352427,0.007634878158569336,False,OPTIMIZED
target_317,JPX_Platinum_Standard_Futures_Close - US_Stock_WMB_adj_close,3,Lasso,0.03531605620642836,0.02652639756128989,-0.00021282437712799585,0.0,0.005839824676513672,False,OPTIMIZED
target_317,JPX_Platinum_Standard_Futures_Close - US_Stock_WMB_adj_close,3,RandomForest,0.03654796994505768,0.027692623748578296,-0.07120980237496699,-0.038847789641424275,0.3352489471435547,False,OPTIMIZED
target_317,JPX_Platinum_Standard_Futures_Close - US_Stock_WMB_adj_close,3,ElasticNet,0.044152383280984704,0.035088913909456024,-0.5633503751573774,0.1447702294652906,0.23192811012268066,True,OPTIMIZED
target_317,JPX_Platinum_Standard_Futures_Close - US_Stock_WMB_adj_close,3,XGBoost,0.03531307197550968,0.026530893834663682,-4.3794182663203785e-05,0.0,0.34137988090515137,True,OPTIMIZED
target_317,JPX_Platinum_Standard_Futures_Close - US_Stock_WMB_adj_close,3,LightGBM,0.039983310194989324,0.030474580107662033,-0.282051621969984,-0.11336061224138388,1.4203815460205078,True,OPTIMIZED
target_318,FX_NOKEUR,4,Ridge,0.009780171105731454,0.007290628246028882,0.004001815918810991,0.11788986991594788,0.0077741146087646484,False,OPTIMIZED
target_318,FX_NOKEUR,4,Lasso,0.009799806212666216,0.007306798974359806,-1.4191822186315761e-06,0.0,0.006093740463256836,False,OPTIMIZED
target_318,FX_NOKEUR,4,RandomForest,0.0115043744665083,0.00882801367355196,-0.37813467428594905,0.18781743790886982,0.2577788829803467,False,OPTIMIZED
target_318,FX_NOKEUR,4,ElasticNet,0.009799806212666216,0.007306798974359806,-1.4191822186315761e-06,0.0,0.0027146339416503906,True,OPTIMIZED
target_318,FX_NOKEUR,4,XGBoost,0.009799963877285104,0.007310163249690475,-3.35965758364587e-05,0.0,0.15176820755004883,True,OPTIMIZED
target_318,FX_NOKEUR,4,LightGBM,0.009974149321502907,0.007357055453700665,-0.0358989006482211,0.19788776928084154,0.7167987823486328,True,OPTIMIZED
target_319,LME_AH_Close - FX_NOKEUR,4,Ridge,0.023297281992195322,0.01825314810941034,-0.029713214404359922,0.07152936135045376,0.007792234420776367,False,OPTIMIZED
target_319,LME_AH_Close - FX_NOKEUR,4,Lasso,0.022989221793164472,0.018250072848424725,-0.002661440883954924,0.0,0.005417585372924805,False,OPTIMIZED
target_319,LME_AH_Close - FX_NOKEUR,4,RandomForest,0.025405568713257925,0.019756826338316134,-0.22451360751523453,0.18168607765415282,0.3173079490661621,False,OPTIMIZED
target_319,LME_AH_Close - FX_NOKEUR,4,ElasticNet,0.022943314432917233,0.018169354008258427,0.0013390061088798255,0.33292725853598815,0.003927707672119141,True,OPTIMIZED
target_319,LME_AH_Close - FX_NOKEUR,4,XGBoost,0.022992867711415108,0.01825273659675582,-0.0029794952797508323,-0.04003552381002627,0.2646901607513428,True,OPTIMIZED
target_319,LME_AH_Close - FX_NOKEUR,4,LightGBM,0.026568422705146085,0.02058147617653857,-0.3391749524753809,0.02592552914708988,1.726318359375,True,OPTIMIZED
target_320,JPX_Gold_Standard_Futures_Close - LME_ZS_Close,4,Ridge,0.030709967063959686,0.024962091865024287,-0.19122365621966897,0.004816087071162805,0.007797956466674805,False,OPTIMIZED
target_320,JPX_Gold_Standard_Futures_Close - LME_ZS_Close,4,Lasso,0.028157069154004257,0.022362371477123458,-0.0014044177510352807,0.0885199074209709,0.006483793258666992,False,OPTIMIZED
target_320,JPX_Gold_Standard_Futures_Close - LME_ZS_Close,4,RandomForest,0.03174208218815785,0.025128395531316176,-0.2726395966323183,0.018692687428588168,0.3040440082550049,False,OPTIMIZED
target_320,JPX_Gold_Standard_Futures_Close - LME_ZS_Close,4,ElasticNet,0.028152070427939605,0.02234756917554655,-0.0010488905474277388,0.0,0.003094196319580078,True,OPTIMIZED
target_320,JPX_Gold_Standard_Futures_Close - LME_ZS_Close,4,XGBoost,0.028622657322232094,0.022503693021075896,-0.03479544956615199,-0.08255726079959468,0.2700674533843994,True,OPTIMIZED
target_320,JPX_Gold_Standard_Futures_Close - LME_ZS_Close,4,LightGBM,0.028922772274974803,0.022647007360678043,-0.05660933754673847,0.04102884305510796,0.4873776435852051,True,OPTIMIZED
target_321,LME_AH_Close - LME_ZS_Close,4,Ridge,0.02082883219929601,0.01616532133335289,-0.061723513935015406,0.07694097121256178,0.008062124252319336,False,OPTIMIZED
target_321,LME_AH_Close - LME_ZS_Close,4,Lasso,0.02013152709100455,0.015841236967140144,0.008175041026072472,0.20888255655555013,0.0071468353271484375,False,OPTIMIZED
target_321,LME_AH_Close - LME_ZS_Close,4,RandomForest,0.020336972144705246,0.01576374595519193,-0.012171677723018526,0.16843839753498313,0.35002851486206055,False,OPTIMIZED
target_321,LME_AH_Close - LME_ZS_Close,4,ElasticNet,0.020467856771105138,0.016488485288595693,-0.025241864453159568,0.22071517117889225,0.006150484085083008,True,OPTIMIZED
target_321,LME_AH_Close - LME_ZS_Close,4,XGBoost,0.019765063001755352,0.015507675407382484,0.04395573795718555,0.20571783639818988,0.4181504249572754,True,OPTIMIZED
target_321,LME_AH_Close - LME_ZS_Close,4,LightGBM,0.02151801275254974,0.017359929497104166,-0.13314611568993096,0.11514643689771098,0.6937966346740723,True,OPTIMIZED
target_322,LME_AH_Close - LME_PB_Close,4,Ridge,0.023399602537001147,0.018017460317672113,-0.17014079424547668,0.10808339570521376,0.007601499557495117,False,OPTIMIZED
target_322,LME_AH_Close - LME_PB_Close,4,Lasso,0.021637361793981146,0.016970755050322073,-0.0005292115609529802,0.12420384643599003,0.00588226318359375,False,OPTIMIZED
target_322,LME_AH_Close - LME_PB_Close,4,RandomForest,0.02788954698159902,0.022688996902785648,-0.6622796147814982,0.018964909708665448,0.3707437515258789,False,OPTIMIZED
target_322,LME_AH_Close - LME_PB_Close,4,ElasticNet,0.022739664826747576,0.017826526920133635,-0.10506869778541073,0.0801343631766706,0.00397944450378418,True,OPTIMIZED
target_322,LME_AH_Close - LME_PB_Close,4,XGBoost,0.02164840146106177,0.017004699841367064,-0.0015504383895732499,0.0,0.2811012268066406,True,OPTIMIZED
target_322,LME_AH_Close - LME_PB_Close,4,LightGBM,0.029624164183119202,0.024044044991055325,-0.875484032826326,0.013650053884160627,2.0194284915924072,True,OPTIMIZED
target_323,LME_PB_Close - LME_CA_Close,4,Ridge,0.020325125381618053,0.01617466145957836,-0.1346021877547594,0.07031929926590245,0.008621692657470703,False,OPTIMIZED
target_323,LME_PB_Close - LME_CA_Close,4,Lasso,0.019186447747412686,0.015282856251939168,-0.011035256427555762,0.09995584697295516,0.006175041198730469,False,OPTIMIZED
target_323,LME_PB_Close - LME_CA_Close,4,RandomForest,0.021298995771073116,0.016975530173211278,-0.24593505352853473,0.009006851236844655,0.37868285179138184,False,OPTIMIZED
target_323,LME_PB_Close - LME_CA_Close,4,ElasticNet,0.020118958108135358,0.016168938143559002,-0.11170132332973526,0.06738877580692061,0.04636812210083008,True,OPTIMIZED
target_323,LME_PB_Close - LME_CA_Close,4,XGBoost,0.01910918666960067,0.015184841285156223,-0.0029090625271042114,0.0,0.35172605514526367,True,OPTIMIZED
target_323,LME_PB_Close - LME_CA_Close,4,LightGBM,0.020785519785767072,0.016591585984619146,-0.18658520441470916,-0.004985894512378649,1.093879222869873,True,OPTIMIZED
target_324,LME_AH_Close - JPX_Platinum_Standard_Futures_Close,4,Ridge,0.038481539232520984,0.028823179862915705,-0.2797043528165106,0.03749011220812703,0.007564067840576172,False,OPTIMIZED
target_324,LME_AH_Close - JPX_Platinum_Standard_Futures_Close,4,Lasso,0.03457795800618277,0.02579457625388043,-0.03324535578600174,0.10328873529039105,0.004560232162475586,False,OPTIMIZED
target_324,LME_AH_Close - JPX_Platinum_Standard_Futures_Close,4,RandomForest,0.03550309628962063,0.02616555441827758,-0.08927425067608952,0.09848057598218732,0.3206467628479004,False,OPTIMIZED
target_324,LME_AH_Close - JPX_Platinum_Standard_Futures_Close,4,ElasticNet,0.03525026964023292,0.026511745894087703,-0.07381548795195969,0.11023679430463189,0.0038232803344726562,True,OPTIMIZED
target_324,LME_AH_Close - JPX_Platinum_Standard_Futures_Close,4,XGBoost,0.0358636676734803,0.026622400854932275,-0.11151206184927265,0.10547930155567925,0.30361032485961914,True,OPTIMIZED
target_324,LME_AH_Close - JPX_Platinum_Standard_Futures_Close,4,LightGBM,0.03822451728228556,0.028428538362152228,-0.2626669007284468,0.10734626314710105,5.161282777786255,True,OPTIMIZED
target_325,LME_PB_Close - US_Stock_ALB_adj_close,4,Ridge,0.06432693453452959,0.050180580920687994,-0.013396306730276697,0.03727549771438563,0.008356809616088867,False,OPTIMIZED
target_325,LME_PB_Close - US_Stock_ALB_adj_close,4,Lasso,0.06417811480518051,0.049860205241996365,-0.008712765922218146,0.0,0.005770206451416016,False,OPTIMIZED
target_325,LME_PB_Close - US_Stock_ALB_adj_close,4,RandomForest,0.06963662504151538,0.05480746844762527,-0.18759684468054116,0.013608118540299488,0.3524913787841797,False,OPTIMIZED
target_325,LME_PB_Close - US_Stock_ALB_adj_close,4,ElasticNet,0.06494306604597926,0.05066851269279747,-0.032902152107284754,-0.0507825091918215,0.006466865539550781,True,OPTIMIZED
target_325,LME_PB_Close - US_Stock_ALB_adj_close,4,XGBoost,0.06430645791127232,0.050060251371447304,-0.012751238476899074,-0.053212169026098745,0.2647068500518799,True,OPTIMIZED
target_325,LME_PB_Close - US_Stock_ALB_adj_close,4,LightGBM,0.06861038884036702,0.053986798085547044,-0.1528514943032111,-0.03643274060804598,3.4524455070495605,True,OPTIMIZED
target_326,US_Stock_EWJ_adj_close - JPX_Gold_Standard_Futures_Close,4,Ridge,0.03218545854633279,0.025421954625011445,-0.32790031902601213,0.020403678045972665,0.007462501525878906,False,OPTIMIZED
target_326,US_Stock_EWJ_adj_close - JPX_Gold_Standard_Futures_Close,4,Lasso,0.028211772409877066,0.02205520407357951,-0.0202505010338494,0.0891958126324541,0.005201816558837891,False,OPTIMIZED
target_326,US_Stock_EWJ_adj_close - JPX_Gold_Standard_Futures_Close,4,RandomForest,0.03312191895861517,0.026375166538623464,-0.4062970115743292,0.004938752530376632,0.33768510818481445,False,OPTIMIZED
target_326,US_Stock_EWJ_adj_close - JPX_Gold_Standard_Futures_Close,4,ElasticNet,0.030749308837231717,0.024185021436653194,-0.21203954665467806,0.04540190956828794,0.23380327224731445,True,OPTIMIZED
target_326,US_Stock_EWJ_adj_close - JPX_Gold_Standard_Futures_Close,4,XGBoost,0.02839919502641831,0.022183648778892978,-0.0338514323276482,-0.1226168442239907,0.3879063129425049,True,OPTIMIZED
target_326,US_Stock_EWJ_adj_close - JPX_Gold_Standard_Futures_Close,4,LightGBM,0.03487790684237836,0.026313098344253258,-0.5593618327875765,-0.057152741237314196,1.4831113815307617,True,OPTIMIZED
target_327,LME_ZS_Close - US_Stock_EWZ_adj_close,4,Ridge,0.033806647805625055,0.026878478975545586,-0.05136779570691696,0.18592577789989922,0.007756710052490234,False,OPTIMIZED
target_327,LME_ZS_Close - US_Stock_EWZ_adj_close,4,Lasso,0.03310214988083732,0.026650429839223836,-0.008005387273557485,0.06715322953801207,0.006899595260620117,False,OPTIMIZED
target_327,LME_ZS_Close - US_Stock_EWZ_adj_close,4,RandomForest,0.033068915251313814,0.026155588792898397,-0.005982324219094615,0.2546521143865834,0.3203747272491455,False,OPTIMIZED
target_327,LME_ZS_Close - US_Stock_EWZ_adj_close,4,ElasticNet,0.033075490855830954,0.026645136833885034,-0.006382434083037181,0.06715322953801207,0.004124879837036133,True,OPTIMIZED
target_327,LME_ZS_Close - US_Stock_EWZ_adj_close,4,XGBoost,0.032867404697295786,0.026393615249357655,0.0062405390419456586,0.2045382429686345,0.2731173038482666,True,OPTIMIZED
target_327,LME_ZS_Close - US_Stock_EWZ_adj_close,4,LightGBM,0.033981667815144265,0.02683005831349525,-0.06228202309472897,0.2823379045620696,0.8087444305419922,True,OPTIMIZED
target_328,JPX_Platinum_Standard_Futures_Close - US_Stock_EWY_adj_close,4,Ridge,0.03822798352635365,0.030201879605102143,-0.1658261998616677,0.10979736637334163,0.007442474365234375,False,OPTIMIZED
target_328,JPX_Platinum_Standard_Futures_Close - US_Stock_EWY_adj_close,4,Lasso,0.035483958834821076,0.028011951637301108,-0.0044658224516080924,0.0,0.005272865295410156,False,OPTIMIZED
target_328,JPX_Platinum_Standard_Futures_Close - US_Stock_EWY_adj_close,4,RandomForest,0.03950447474858116,0.03067659923751879,-0.24498355336532995,0.05194518009886032,0.2865025997161865,False,OPTIMIZED
target_328,JPX_Platinum_Standard_Futures_Close - US_Stock_EWY_adj_close,4,ElasticNet,0.03647009869879051,0.02877729039009421,-0.061072131093421245,0.11153696699778382,0.2496798038482666,True,OPTIMIZED
target_328,JPX_Platinum_Standard_Futures_Close - US_Stock_EWY_adj_close,4,XGBoost,0.035493340283529975,0.028020382838726574,-0.004997025316286985,0.0,0.2724604606628418,True,OPTIMIZED
target_328,JPX_Platinum_Standard_Futures_Close - US_Stock_EWY_adj_close,4,LightGBM,0.04053846739295429,0.031182153730437007,-0.311009026745265,-0.02727951928415899,1.0757691860198975,True,OPTIMIZED
target_329,JPX_Platinum_Standard_Futures_Close - US_Stock_CLF_adj_close,4,Ridge,0.08703613617658307,0.06858477670068741,-0.37650077695951567,0.11228389444949953,0.0062618255615234375,False,OPTIMIZED
target_329,JPX_Platinum_Standard_Futures_Close - US_Stock_CLF_adj_close,4,Lasso,0.07562682549291785,0.057620204475178356,-0.0392714492771884,0.0,0.00476527214050293,False,OPTIMIZED
target_329,JPX_Platinum_Standard_Futures_Close - US_Stock_CLF_adj_close,4,RandomForest,0.08334433286230948,0.06343358012183631,-0.2622035695109044,-0.04836054850910063,0.3327033519744873,False,OPTIMIZED
target_329,JPX_Platinum_Standard_Futures_Close - US_Stock_CLF_adj_close,4,ElasticNet,0.08201947737131056,0.06453382675191412,-0.2223941141982948,0.09721355748909115,0.2234358787536621,True,OPTIMIZED
target_329,JPX_Platinum_Standard_Futures_Close - US_Stock_CLF_adj_close,4,XGBoost,0.07569504939405113,0.05761490894357028,-0.04114737447839234,0.037323719290226404,0.32519984245300293,True,OPTIMIZED
target_329,JPX_Platinum_Standard_Futures_Close - US_Stock_CLF_adj_close,4,LightGBM,0.08269936288374091,0.06366897983745756,-0.2427437348479562,0.05661047268259168,1.27085280418396,True,OPTIMIZED
target_330,LME_CA_Close - FX_ZARJPY,4,Ridge,0.023010763578621838,0.018046986051291077,-0.11295041700479924,-0.0728593073261811,0.007582426071166992,False,OPTIMIZED
target_330,LME_CA_Close - FX_ZARJPY,4,Lasso,0.02181739893710171,0.01692888330204658,-0.0005060097408946529,0.285248924871061,0.005553245544433594,False,OPTIMIZED
target_330,LME_CA_Close - FX_ZARJPY,4,RandomForest,0.022330419009412343,0.017588671163500005,-0.04811153445718186,0.08184039628002836,0.3268430233001709,False,OPTIMIZED
target_330,LME_CA_Close - FX_ZARJPY,4,ElasticNet,0.02183321627426802,0.01693144029142321,-0.0019572439163546562,0.285248924871061,0.0035829544067382812,True,OPTIMIZED
target_330,LME_CA_Close - FX_ZARJPY,4,XGBoost,0.02181552884155173,0.017061039395110198,-0.00033449876902968967,0.0,0.3400094509124756,True,OPTIMIZED
target_330,LME_CA_Close - FX_ZARJPY,4,LightGBM,0.023246402270627402,0.018069364393250395,-0.13586117086283522,0.06937221652561178,0.445110559463501,True,OPTIMIZED
target_331,JPX_Platinum_Standard_Futures_Close - US_Stock_BKR_adj_close,4,Ridge,0.04993466540123213,0.03716285957372022,-0.13490083386583773,0.03116610026929312,0.006150960922241211,False,OPTIMIZED
target_331,JPX_Platinum_Standard_Futures_Close - US_Stock_BKR_adj_close,4,Lasso,0.04687309237317507,0.03526241731690163,-1.9329491238728735e-06,0.0,0.004137516021728516,False,OPTIMIZED
target_331,JPX_Platinum_Standard_Futures_Close - US_Stock_BKR_adj_close,4,RandomForest,0.04866320181029733,0.03639212658946762,-0.07784171300004683,-0.0523672890739088,0.3098926544189453,False,OPTIMIZED
target_331,JPX_Platinum_Standard_Futures_Close - US_Stock_BKR_adj_close,4,ElasticNet,0.04997132367518126,0.03700878367589591,-0.1365677630990758,0.023482476566459392,0.232269287109375,True,OPTIMIZED
target_331,JPX_Platinum_Standard_Futures_Close - US_Stock_BKR_adj_close,4,XGBoost,0.04794987435399405,0.03601864069991194,-0.046474316211112976,-0.07067173953863838,0.1749875545501709,True,OPTIMIZED
target_331,JPX_Platinum_Standard_Futures_Close - US_Stock_BKR_adj_close,4,LightGBM,0.047449896657027126,0.03555804183225646,-0.024764727748078474,-0.07050363337374183,2.1714725494384766,True,OPTIMIZED
target_332,US_Stock_VT_adj_close - LME_ZS_Close,4,Ridge,0.027463524098355563,0.02237477894036811,-0.045195390348551356,0.05348087827542278,0.008437871932983398,False,OPTIMIZED
target_332,US_Stock_VT_adj_close - LME_ZS_Close,4,Lasso,0.02687455865450792,0.021490508227914307,-0.0008468754424602043,0.0,0.006013393402099609,False,OPTIMIZED
target_332,US_Stock_VT_adj_close - LME_ZS_Close,4,RandomForest,0.03808806266058785,0.03134850321012259,-1.0103085601935757,0.06176124935023842,0.3475306034088135,False,OPTIMIZED
target_332,US_Stock_VT_adj_close - LME_ZS_Close,4,ElasticNet,0.02682119102171151,0.02145646181099108,0.0031241512440944863,0.1614887955531924,0.006078481674194336,True,OPTIMIZED
target_332,US_Stock_VT_adj_close - LME_ZS_Close,4,XGBoost,0.02774231740283118,0.021897873284757098,-0.06652349827633941,0.14757222323543467,0.3161935806274414,True,OPTIMIZED
target_332,US_Stock_VT_adj_close - LME_ZS_Close,4,LightGBM,0.02740539450288776,0.021654607313357242,-0.040775528879180234,0.07470353830041057,1.1236765384674072,True,OPTIMIZED
target_333,LME_AH_Close - US_Stock_SCCO_adj_close,4,Ridge,0.0409639396598693,0.030746401013737303,0.03495017906609621,0.26321052988427407,0.007745027542114258,False,OPTIMIZED
target_333,LME_AH_Close - US_Stock_SCCO_adj_close,4,Lasso,0.04174431733449709,0.03081717916910457,-0.0021691402752193056,0.0,0.0053026676177978516,False,OPTIMIZED
target_333,LME_AH_Close - US_Stock_SCCO_adj_close,4,RandomForest,0.04270351726514835,0.0310701156948408,-0.04875391027371334,-0.004032387565972358,0.31952619552612305,False,OPTIMIZED
target_333,LME_AH_Close - US_Stock_SCCO_adj_close,4,ElasticNet,0.04086384209612975,0.030574672837639923,0.03966071785716252,0.20281006265069412,0.15717697143554688,True,OPTIMIZED
target_333,LME_AH_Close - US_Stock_SCCO_adj_close,4,XGBoost,0.04173483694310212,0.03079642330880876,-0.0017139944044706201,0.0,0.24514245986938477,True,OPTIMIZED
target_333,LME_AH_Close - US_Stock_SCCO_adj_close,4,LightGBM,0.04200384256395842,0.030834929486508317,-0.014668885359694572,-0.06157925663708392,2.8124842643737793,True,OPTIMIZED
target_334,US_Stock_FCX_adj_close - LME_ZS_Close,4,Ridge,0.04208041328568768,0.031726235143021135,-0.04634241853693721,0.05534392459554201,0.008543968200683594,False,OPTIMIZED
target_334,US_Stock_FCX_adj_close - LME_ZS_Close,4,Lasso,0.04140046426341866,0.031234421093315885,-0.012801326510860633,0.15108072678438594,0.007601022720336914,False,OPTIMIZED
target_334,US_Stock_FCX_adj_close - LME_ZS_Close,4,RandomForest,0.041381183319057935,0.03159895314706412,-0.01185818642025982,0.16973496865086302,0.3603837490081787,False,OPTIMIZED
target_334,US_Stock_FCX_adj_close - LME_ZS_Close,4,ElasticNet,0.0419957862125698,0.031692183256168766,-0.04213809400681834,0.016191403996464817,0.21411466598510742,True,OPTIMIZED
target_334,US_Stock_FCX_adj_close - LME_ZS_Close,4,XGBoost,0.04080331610336675,0.03046911204513054,0.01620466580416502,0.24334521274389845,0.27341675758361816,True,OPTIMIZED
target_334,US_Stock_FCX_adj_close - LME_ZS_Close,4,LightGBM,0.0429444821763619,0.033419435781797235,-0.08975427065186459,0.1425740430811247,2.615847110748291,True,OPTIMIZED
target_335,US_Stock_TRGP_adj_close - LME_CA_Close,4,Ridge,0.1116339729153197,0.0912914935121105,-6.093886015950041,0.19745436205606565,0.008304834365844727,False,OPTIMIZED
target_335,US_Stock_TRGP_adj_close - LME_CA_Close,4,Lasso,0.04197494887140128,0.03185540436867653,-0.0029327094844791013,0.07455634815562874,0.007304191589355469,False,OPTIMIZED
target_335,US_Stock_TRGP_adj_close - LME_CA_Close,4,RandomForest,0.04265745648351096,0.03247364489898855,-0.035812998602046564,-0.059118191777497844,0.3496274948120117,False,OPTIMIZED
target_335,US_Stock_TRGP_adj_close - LME_CA_Close,4,ElasticNet,0.042077777576038054,0.03192613671643478,-0.007852624649417272,0.0224181122002919,0.004797935485839844,True,OPTIMIZED
target_335,US_Stock_TRGP_adj_close - LME_CA_Close,4,XGBoost,0.041943595650023625,0.03191500019409588,-0.0014349862893490162,-0.02622260421630186,0.23675155639648438,True,OPTIMIZED
target_335,US_Stock_TRGP_adj_close - LME_CA_Close,4,LightGBM,0.04217125661386871,0.0321433025991405,-0.012335643948361286,-0.03479302194736961,2.824881076812744,True,OPTIMIZED
target_336,FX_EURAUD - LME_AH_Close,4,Ridge,0.02895486058299973,0.0217059643211372,-0.07216301176356943,0.007946261408100069,0.007511138916015625,False,OPTIMIZED
target_336,FX_EURAUD - LME_AH_Close,4,Lasso,0.02796667367007642,0.021245976345742733,-0.00022911957034232877,0.0,0.005034446716308594,False,OPTIMIZED
target_336,FX_EURAUD - LME_AH_Close,4,RandomForest,0.034045693396841575,0.026628311222152645,-0.4823208989922727,-0.13353637073200592,0.32494568824768066,False,OPTIMIZED
target_336,FX_EURAUD - LME_AH_Close,4,ElasticNet,0.02795520782679772,0.021209312666012094,0.000590864924610468,0.13604679042765389,0.005614757537841797,True,OPTIMIZED
target_336,FX_EURAUD - LME_AH_Close,4,XGBoost,0.02794844986003353,0.021227914754730095,0.0010740061982271731,0.021128802174079767,0.3660552501678467,True,OPTIMIZED
target_336,FX_EURAUD - LME_AH_Close,4,LightGBM,0.029702466291130422,0.0225799747009266,-0.12824362324434802,-0.15290501624809333,0.7671642303466797,True,OPTIMIZED
target_337,FX_CADUSD - LME_CA_Close,4,Ridge,0.023301567117014053,0.016691241399410892,-0.0703838266174257,-0.019429352678002068,0.00680088996887207,False,OPTIMIZED
target_337,FX_CADUSD - LME_CA_Close,4,Lasso,0.022582869969508187,0.016244696775498675,-0.005373760497245472,0.25045147763272674,0.004893779754638672,False,OPTIMIZED
target_337,FX_CADUSD - LME_CA_Close,4,RandomForest,0.0239381705938562,0.017697631449591546,-0.12966895467690565,0.10934915800696855,0.3314652442932129,False,OPTIMIZED
target_337,FX_CADUSD - LME_CA_Close,4,ElasticNet,0.022569003930247706,0.016184275760188403,-0.004139526561933726,0.25045147763272674,0.003761768341064453,True,OPTIMIZED
target_337,FX_CADUSD - LME_CA_Close,4,XGBoost,0.02256375857599678,0.01612664875571578,-0.003672828476353418,0.0,0.32863831520080566,True,OPTIMIZED
target_337,FX_CADUSD - LME_CA_Close,4,LightGBM,0.023249526376247977,0.016978703038634475,-0.06560806505952743,-0.04040227937567044,1.9789893627166748,True,OPTIMIZED
target_338,JPX_Gold_Standard_Futures_Close - US_Stock_MPC_adj_close,4,Ridge,0.0529785116495609,0.040596953553147574,-0.39031632476557787,0.09177497986842524,0.006615161895751953,False,OPTIMIZED
target_338,JPX_Gold_Standard_Futures_Close - US_Stock_MPC_adj_close,4,Lasso,0.049802410195485085,0.03787468582122174,-0.22861223994848912,0.1005028290797811,0.004988431930541992,False,OPTIMIZED
target_338,JPX_Gold_Standard_Futures_Close - US_Stock_MPC_adj_close,4,RandomForest,0.048441812431749665,0.03702362296199109,-0.162398077650042,0.058319839606341704,0.3520011901855469,False,OPTIMIZED
target_338,JPX_Gold_Standard_Futures_Close - US_Stock_MPC_adj_close,4,ElasticNet,0.04924244215143858,0.03737417898438222,-0.20113903865996297,0.1005028290797811,0.004235744476318359,True,OPTIMIZED
target_338,JPX_Gold_Standard_Futures_Close - US_Stock_MPC_adj_close,4,XGBoost,0.04546246555612631,0.03449134792979968,-0.023811693721796923,-0.021640483640813016,0.22459650039672852,True,OPTIMIZED
target_338,JPX_Gold_Standard_Futures_Close - US_Stock_MPC_adj_close,4,LightGBM,0.04780702656003712,0.036511325370977184,-0.13213334322581294,0.04585153896319725,2.7094192504882812,True,OPTIMIZED
target_339,US_Stock_RSP_adj_close - LME_PB_Close,4,Ridge,0.024837094266687475,0.02008628931018128,-0.18265579913626073,0.14001127641124642,0.008057594299316406,False,OPTIMIZED
target_339,US_Stock_RSP_adj_close - LME_PB_Close,4,Lasso,0.02284603036599111,0.017882711002229806,-0.0006410005642536465,0.0,0.005506753921508789,False,OPTIMIZED
target_339,US_Stock_RSP_adj_close - LME_PB_Close,4,RandomForest,0.025042296807821926,0.020195728346291082,-0.2022785853343798,0.1148597050290653,0.36612653732299805,False,OPTIMIZED
target_339,US_Stock_RSP_adj_close - LME_PB_Close,4,ElasticNet,0.023186838514979848,0.018409715266217208,-0.0307180207291482,0.09170351126986902,0.007286548614501953,True,OPTIMIZED
target_339,US_Stock_RSP_adj_close - LME_PB_Close,4,XGBoost,0.023756127991536532,0.018924389047797672,-0.08195228229393181,0.056952385386990934,0.17055726051330566,True,OPTIMIZED
target_339,US_Stock_RSP_adj_close - LME_PB_Close,4,LightGBM,0.022865288440014245,0.01798622230980126,-0.002328693363011114,0.11385146791482384,1.0672273635864258,True,OPTIMIZED
target_340,JPX_Platinum_Standard_Futures_Close - US_Stock_IAU_adj_close,4,Ridge,0.03481304268058547,0.02655241463957807,-0.10378061404310279,0.006860142970519233,0.008044004440307617,False,OPTIMIZED
target_340,JPX_Platinum_Standard_Futures_Close - US_Stock_IAU_adj_close,4,Lasso,0.033147994435491455,0.023915935149471646,-0.0007216869983286411,0.0,0.006007194519042969,False,OPTIMIZED
target_340,JPX_Platinum_Standard_Futures_Close - US_Stock_IAU_adj_close,4,RandomForest,0.03416928573857197,0.0247130779174117,-0.06333619775894395,-0.10379675200903908,0.31423068046569824,False,OPTIMIZED
target_340,JPX_Platinum_Standard_Futures_Close - US_Stock_IAU_adj_close,4,ElasticNet,0.034538490537001476,0.02641435476876886,-0.0864393918532973,0.04538795555258386,0.140089750289917,True,OPTIMIZED
target_340,JPX_Platinum_Standard_Futures_Close - US_Stock_IAU_adj_close,4,XGBoost,0.03314854595747534,0.0239186512318841,-0.000754987631504056,0.0,0.20682406425476074,True,OPTIMIZED
target_340,JPX_Platinum_Standard_Futures_Close - US_Stock_IAU_adj_close,4,LightGBM,0.033256398042086,0.024010948240951825,-0.0072776929070852425,-0.1200671077176263,0.6083683967590332,True,OPTIMIZED
target_341,JPX_Platinum_Standard_Futures_Close - US_Stock_VXUS_adj_close,4,Ridge,0.03379600286498406,0.02652848161370078,-0.14639598125144015,0.10768682149809924,0.006531476974487305,False,OPTIMIZED
target_341,JPX_Platinum_Standard_Futures_Close - US_Stock_VXUS_adj_close,4,Lasso,0.03170835949149371,0.02368759250607776,-0.009140242017884992,0.003843362297606208,0.005864858627319336,False,OPTIMIZED
target_341,JPX_Platinum_Standard_Futures_Close - US_Stock_VXUS_adj_close,4,RandomForest,0.04390645564915666,0.034971193106341,-0.9349098638819866,0.024869350682826186,0.30324649810791016,False,OPTIMIZED
target_341,JPX_Platinum_Standard_Futures_Close - US_Stock_VXUS_adj_close,4,ElasticNet,0.03186084317094721,0.023740192991592024,-0.01886937423988444,0.003843362297606208,0.00412297248840332,True,OPTIMIZED
target_341,JPX_Platinum_Standard_Futures_Close - US_Stock_VXUS_adj_close,4,XGBoost,0.0316276080629706,0.023661662048226,-0.00400684798079598,0.0,0.2062833309173584,True,OPTIMIZED
target_341,JPX_Platinum_Standard_Futures_Close - US_Stock_VXUS_adj_close,4,LightGBM,0.03693362906418885,0.026996814354856687,-0.36914027093771473,-0.10531890255542602,3.6661109924316406,True,OPTIMIZED
target_342,LME_PB_Close - US_Stock_LYB_adj_close,4,Ridge,0.03757504513532105,0.027112074726801272,-0.21590521244788086,0.0668915406694239,0.00820612907409668,False,OPTIMIZED
target_342,LME_PB_Close - US_Stock_LYB_adj_close,4,Lasso,0.03452133411731127,0.025148911140915057,-0.026303572679276632,0.0,0.005673646926879883,False,OPTIMIZED
target_342,LME_PB_Close - US_Stock_LYB_adj_close,4,RandomForest,0.0360477174018364,0.026580997522269598,-0.11906738319904875,-0.0005212961211762201,0.34073448181152344,False,OPTIMIZED
target_342,LME_PB_Close - US_Stock_LYB_adj_close,4,ElasticNet,0.03446968767221137,0.02509892280054338,-0.023235019111097266,0.12320044296788482,0.0030312538146972656,True,OPTIMIZED
target_342,LME_PB_Close - US_Stock_LYB_adj_close,4,XGBoost,0.03445124455162883,0.02512938614514564,-0.022140341471278635,-0.02188290176353725,0.2563130855560303,True,OPTIMIZED
target_342,LME_PB_Close - US_Stock_LYB_adj_close,4,LightGBM,0.03719860252313317,0.026643682487045826,-0.19166435129795834,-0.03392647494388558,0.8031415939331055,True,OPTIMIZED
target_343,US_Stock_DVN_adj_close - LME_ZS_Close,4,Ridge,0.07497682838622835,0.0595706412459224,-1.4023629108099267,0.06685764006599317,0.008405447006225586,False,OPTIMIZED
target_343,US_Stock_DVN_adj_close - LME_ZS_Close,4,Lasso,0.04925322630241101,0.037456206389090585,-0.03670179788047889,-0.05578611930871316,0.009945869445800781,False,OPTIMIZED
target_343,US_Stock_DVN_adj_close - LME_ZS_Close,4,RandomForest,0.05195961741268211,0.03924726381376156,-0.15376237722949848,-0.037161900955521215,0.3836543560028076,False,OPTIMIZED
target_343,US_Stock_DVN_adj_close - LME_ZS_Close,4,ElasticNet,0.06158408201357153,0.04766244421577956,-0.6207701440312601,0.07425540595675234,0.18343353271484375,True,OPTIMIZED
target_343,US_Stock_DVN_adj_close - LME_ZS_Close,4,XGBoost,0.05009361398873764,0.03793420689956461,-0.07238125379853932,-0.0693686749590072,0.3946876525878906,True,OPTIMIZED
target_343,US_Stock_DVN_adj_close - LME_ZS_Close,4,LightGBM,0.05298757021009279,0.04001772556642722,-0.19986530024298088,0.01627675025247028,1.7316746711730957,True,OPTIMIZED
target_344,US_Stock_CVX_adj_close - LME_ZS_Close,4,Ridge,0.03796055197978988,0.0302960192414911,-0.10041748048713495,0.18995727334472867,0.007261991500854492,False,OPTIMIZED
target_344,US_Stock_CVX_adj_close - LME_ZS_Close,4,Lasso,0.03617217278584871,0.028891650863617876,0.0008248222795464999,0.15500664332877756,0.011521577835083008,False,OPTIMIZED
target_344,US_Stock_CVX_adj_close - LME_ZS_Close,4,RandomForest,0.03806251561620556,0.030545594855021577,-0.10633695491152095,0.13919141708090824,0.3830561637878418,False,OPTIMIZED
target_344,US_Stock_CVX_adj_close - LME_ZS_Close,4,ElasticNet,0.037046559460839734,0.02955623028451606,-0.048064968492610216,0.23677489880372501,0.2558624744415283,True,OPTIMIZED
target_344,US_Stock_CVX_adj_close - LME_ZS_Close,4,XGBoost,0.03616131153328094,0.02855881219919339,0.0014247676986187674,0.16713540294234253,0.16637182235717773,True,OPTIMIZED
target_344,US_Stock_CVX_adj_close - LME_ZS_Close,4,LightGBM,0.03747869655957182,0.029851047558217766,-0.07265830609431667,0.11398780529872378,2.749826669692993,True,OPTIMIZED
target_345,FX_CADJPY - LME_PB_Close,4,Ridge,0.02271891834826881,0.01803915661267372,0.023033597042891207,0.18467858363559375,0.007182598114013672,False,OPTIMIZED
target_345,FX_CADJPY - LME_PB_Close,4,Lasso,0.02302218022270096,0.018444183501044733,-0.0032224132197529176,0.0,0.0047149658203125,False,OPTIMIZED
target_345,FX_CADJPY - LME_PB_Close,4,RandomForest,0.02375139594986721,0.019022726284568477,-0.06778202798930999,0.20674028047729087,0.3521463871002197,False,OPTIMIZED
target_345,FX_CADJPY - LME_PB_Close,4,ElasticNet,0.02253668459556392,0.01804484954014859,0.03864369044281046,0.28084382955061393,0.0047206878662109375,True,OPTIMIZED
target_345,FX_CADJPY - LME_PB_Close,4,XGBoost,0.023023396037732378,0.018445185579321722,-0.003328377562439755,0.0,0.3258326053619385,True,OPTIMIZED
target_345,FX_CADJPY - LME_PB_Close,4,LightGBM,0.02401890167770039,0.01901165072739317,-0.09196977181199362,0.10645986942599457,0.4386136531829834,True,OPTIMIZED
target_346,US_Stock_ACWI_adj_close - JPX_Gold_Standard_Futures_Close,4,Ridge,0.03218908631539547,0.02538704721397717,-0.6893109373718715,-0.031397891974599815,0.007845640182495117,False,OPTIMIZED
target_346,US_Stock_ACWI_adj_close - JPX_Gold_Standard_Futures_Close,4,Lasso,0.024892381025384238,0.019212390681007947,-0.010241430412233576,0.0,0.005681037902832031,False,OPTIMIZED
target_346,US_Stock_ACWI_adj_close - JPX_Gold_Standard_Futures_Close,4,RandomForest,0.03599429437488382,0.029840076843330492,-1.1123195731739144,0.029104006837467694,0.335355281829834,False,OPTIMIZED
target_346,US_Stock_ACWI_adj_close - JPX_Gold_Standard_Futures_Close,4,ElasticNet,0.029853342166792626,0.023638161603629908,-0.4530421494719197,0.014121657698304488,0.13151097297668457,True,OPTIMIZED
target_346,US_Stock_ACWI_adj_close - JPX_Gold_Standard_Futures_Close,4,XGBoost,0.02489511374258113,0.019215141983679355,-0.010463253761626046,0.0,0.19100165367126465,True,OPTIMIZED
target_346,US_Stock_ACWI_adj_close - JPX_Gold_Standard_Futures_Close,4,LightGBM,0.02552554543429022,0.019823672742288263,-0.06228819890839454,-0.12655575162239657,0.5563037395477295,True,OPTIMIZED
target_347,LME_CA_Close - US_Stock_BNDX_adj_close,4,Ridge,0.025646550716088245,0.01866636256668064,-0.05296351734238702,-0.0037802146562419332,0.007845163345336914,False,OPTIMIZED
target_347,LME_CA_Close - US_Stock_BNDX_adj_close,4,Lasso,0.024991954943485814,0.01850377105524722,0.00010164218038455353,0.21340162223308629,0.00620722770690918,False,OPTIMIZED
target_347,LME_CA_Close - US_Stock_BNDX_adj_close,4,RandomForest,0.025970921273892996,0.01936666447389218,-0.07976714369012483,0.1127855233717897,0.33951640129089355,False,OPTIMIZED
target_347,LME_CA_Close - US_Stock_BNDX_adj_close,4,ElasticNet,0.02500131768958524,0.018482596599886342,-0.0006476827985599787,0.0,0.0032324790954589844,True,OPTIMIZED
target_347,LME_CA_Close - US_Stock_BNDX_adj_close,4,XGBoost,0.025000895930963593,0.018481274200287424,-0.0006139223197747512,0.0,0.13565421104431152,True,OPTIMIZED
target_347,LME_CA_Close - US_Stock_BNDX_adj_close,4,LightGBM,0.025530358625926935,0.019186617559891598,-0.04344419538671884,0.0694868852587002,0.2704606056213379,True,OPTIMIZED
target_348,FX_ZAREUR - JPX_Gold_Standard_Futures_Close,4,Ridge,0.02431288710178772,0.019595530523912497,-0.23706656263779502,0.12487536299532187,0.007774829864501953,False,OPTIMIZED
target_348,FX_ZAREUR - JPX_Gold_Standard_Futures_Close,4,Lasso,0.022020089923425232,0.01775077550058668,-0.014747938647912129,0.0,0.005067586898803711,False,OPTIMIZED
target_348,FX_ZAREUR - JPX_Gold_Standard_Futures_Close,4,RandomForest,0.023286107440810055,0.01886541737544799,-0.1347855456099949,0.07650167682123857,0.3243250846862793,False,OPTIMIZED
target_348,FX_ZAREUR - JPX_Gold_Standard_Futures_Close,4,ElasticNet,0.022089954704916034,0.017792753518000897,-0.021197286530003412,0.09297636974067579,0.0035102367401123047,True,OPTIMIZED
target_348,FX_ZAREUR - JPX_Gold_Standard_Futures_Close,4,XGBoost,0.022013231974590153,0.017745331697199013,-0.014115969768889514,0.0,0.28456640243530273,True,OPTIMIZED
target_348,FX_ZAREUR - JPX_Gold_Standard_Futures_Close,4,LightGBM,0.02192744001784565,0.017646773026956355,-0.006226764262961426,0.06432904221577253,0.32594871520996094,True,OPTIMIZED
target_349,LME_AH_Close - US_Stock_VWO_adj_close,4,Ridge,0.027829936539401686,0.02249358853951473,-0.28526537786109496,0.006745030587860253,0.007358551025390625,False,OPTIMIZED
target_349,LME_AH_Close - US_Stock_VWO_adj_close,4,Lasso,0.024580928921431315,0.018550641302986257,-0.0026860175436602685,0.0,0.005944728851318359,False,OPTIMIZED
target_349,LME_AH_Close - US_Stock_VWO_adj_close,4,RandomForest,0.027305288302105914,0.020416840785546626,-0.23726266912457095,0.13505256972521476,0.3313150405883789,False,OPTIMIZED
target_349,LME_AH_Close - US_Stock_VWO_adj_close,4,ElasticNet,0.024580928921431315,0.018550641302986257,-0.0026860175436602685,0.0,0.003213167190551758,True,OPTIMIZED
target_349,LME_AH_Close - US_Stock_VWO_adj_close,4,XGBoost,0.02492248703174748,0.018980614058843184,-0.030744756400410633,0.09534015297787903,0.26529359817504883,True,OPTIMIZED
target_349,LME_AH_Close - US_Stock_VWO_adj_close,4,LightGBM,0.02501375110952883,0.018740794616033615,-0.03830758170826032,-0.03024151944082832,1.1802949905395508,True,OPTIMIZED
target_350,LME_ZS_Close - US_Stock_IEMG_adj_close,4,Ridge,0.024997023155198916,0.02008938431039883,-0.029360435937038076,0.026846006806289572,0.005989551544189453,False,OPTIMIZED
target_350,LME_ZS_Close - US_Stock_IEMG_adj_close,4,Lasso,0.02464420873391504,0.01947074484101056,-0.0005081806757756269,0.0,0.004677295684814453,False,OPTIMIZED
target_350,LME_ZS_Close - US_Stock_IEMG_adj_close,4,RandomForest,0.0259594699562555,0.020784103189369706,-0.11015221134425324,0.018614702394334198,0.37738776206970215,False,OPTIMIZED
target_350,LME_ZS_Close - US_Stock_IEMG_adj_close,4,ElasticNet,0.02491167179148139,0.019905218133951963,-0.022343014404638817,0.039637834500822526,0.25802135467529297,True,OPTIMIZED
target_350,LME_ZS_Close - US_Stock_IEMG_adj_close,4,XGBoost,0.025314508709922325,0.02011722548374198,-0.05567416494123312,0.03546001906516898,0.38669323921203613,True,OPTIMIZED
target_350,LME_ZS_Close - US_Stock_IEMG_adj_close,4,LightGBM,0.026917418597991655,0.02159282108668064,-0.19359695883598982,0.06536303977789751,4.097946643829346,True,OPTIMIZED
target_351,FX_EURGBP - JPX_Gold_Standard_Futures_Close,4,Ridge,0.024880508843628895,0.01891017293936354,-0.21926892927075237,0.1500316438535175,0.008012771606445312,False,OPTIMIZED
target_351,FX_EURGBP - JPX_Gold_Standard_Futures_Close,4,Lasso,0.022730789787829293,0.017117649983600797,-0.017677193568814697,0.0,0.006009578704833984,False,OPTIMIZED
target_351,FX_EURGBP - JPX_Gold_Standard_Futures_Close,4,RandomForest,0.027920772660177985,0.022120384685098814,-0.535450625177774,0.010825103574768763,0.38751649856567383,False,OPTIMIZED
target_351,FX_EURGBP - JPX_Gold_Standard_Futures_Close,4,ElasticNet,0.022730789787829293,0.017117649983600797,-0.017677193568814697,0.0,0.002763986587524414,True,OPTIMIZED
target_351,FX_EURGBP - JPX_Gold_Standard_Futures_Close,4,XGBoost,0.02272086846514936,0.017103666702200097,-0.01678901498301366,0.0,0.3597450256347656,True,OPTIMIZED
target_351,FX_EURGBP - JPX_Gold_Standard_Futures_Close,4,LightGBM,0.02328117889913982,0.017847273926450486,-0.06755664167711628,0.01902223378279378,0.41222548484802246,True,OPTIMIZED
target_352,US_Stock_OXY_adj_close - LME_CA_Close,4,Ridge,0.04528348572688146,0.032861996246248484,-0.336100861247131,-0.016208056924465884,0.006186246871948242,False,OPTIMIZED
target_352,US_Stock_OXY_adj_close - LME_CA_Close,4,Lasso,0.041995699728607117,0.031146279648897882,-0.14913006787956729,0.011986242302481404,0.006836414337158203,False,OPTIMIZED
target_352,US_Stock_OXY_adj_close - LME_CA_Close,4,RandomForest,0.04615982541300173,0.032932701814793665,-0.38831450092976594,0.05978668788725491,0.36032700538635254,False,OPTIMIZED
target_352,US_Stock_OXY_adj_close - LME_CA_Close,4,ElasticNet,0.0423183304432728,0.031084905345672285,-0.16685420510524174,0.016604753459348413,0.011003732681274414,True,OPTIMIZED
target_352,US_Stock_OXY_adj_close - LME_CA_Close,4,XGBoost,0.042562201589615975,0.030866782104365893,-0.1803415995113955,0.07359675717325931,0.39086103439331055,True,OPTIMIZED
target_352,US_Stock_OXY_adj_close - LME_CA_Close,4,LightGBM,0.04464213297541117,0.033101760761968024,-0.2985223179031091,0.03715892721837817,1.3350491523742676,True,OPTIMIZED
target_353,US_Stock_RIO_adj_close - LME_AH_Close,4,Ridge,0.026339272592467492,0.02118500216905768,-0.060741094436005616,0.16336552106416966,0.008620023727416992,False,OPTIMIZED
target_353,US_Stock_RIO_adj_close - LME_AH_Close,4,Lasso,0.025844352023446798,0.0208832965338868,-0.021252508208487564,0.0,0.0056133270263671875,False,OPTIMIZED
target_353,US_Stock_RIO_adj_close - LME_AH_Close,4,RandomForest,0.026849917502257875,0.021264430102358747,-0.10226940129436923,0.07624899933745136,0.39907097816467285,False,OPTIMIZED
target_353,US_Stock_RIO_adj_close - LME_AH_Close,4,ElasticNet,0.026231775206641814,0.021100245446218757,-0.05210044518030754,0.14669237165053114,0.2050161361694336,True,OPTIMIZED
target_353,US_Stock_RIO_adj_close - LME_AH_Close,4,XGBoost,0.02585595585951514,0.020894668890984954,-0.02216977686667887,0.0,0.26790356636047363,True,OPTIMIZED
target_353,US_Stock_RIO_adj_close - LME_AH_Close,4,LightGBM,0.028709459553683904,0.022971976279957656,-0.26023597993018566,-0.0018457986446895598,0.8008620738983154,True,OPTIMIZED
target_354,LME_AH_Close - US_Stock_XLE_adj_close,4,Ridge,0.03321915193324279,0.025370375231223263,-0.022782880428237062,0.08130375773320343,0.007550716400146484,False,OPTIMIZED
target_354,LME_AH_Close - US_Stock_XLE_adj_close,4,Lasso,0.033073485185279916,0.024916130458597776,-0.01383269385929431,0.12233746444897245,0.005545139312744141,False,OPTIMIZED
target_354,LME_AH_Close - US_Stock_XLE_adj_close,4,RandomForest,0.03601203035171556,0.027846866951268045,-0.2019920166480791,0.04259491871586893,0.3636744022369385,False,OPTIMIZED
target_354,LME_AH_Close - US_Stock_XLE_adj_close,4,ElasticNet,0.03325357089379616,0.025100166708280795,-0.024903425888370467,0.019907980677845535,0.011011838912963867,True,OPTIMIZED
target_354,LME_AH_Close - US_Stock_XLE_adj_close,4,XGBoost,0.033246651321880434,0.025059791328984175,-0.024476936046049502,-0.10270615580090055,0.21975970268249512,True,OPTIMIZED
target_354,LME_AH_Close - US_Stock_XLE_adj_close,4,LightGBM,0.03269440896090994,0.024769818670439783,0.009274480997122136,0.09077808427095264,0.43607187271118164,True,OPTIMIZED
target_355,LME_ZS_Close - US_Stock_AMP_adj_close,4,Ridge,0.039537179681768835,0.030829384043861756,-0.09829548241507058,0.1261191659737859,0.007788896560668945,False,OPTIMIZED
target_355,LME_ZS_Close - US_Stock_AMP_adj_close,4,Lasso,0.037771849756925685,0.029161010593772994,-0.0024075556582188185,0.0,0.005593299865722656,False,OPTIMIZED
target_355,LME_ZS_Close - US_Stock_AMP_adj_close,4,RandomForest,0.03912214209515629,0.02969939703704418,-0.07535801572404055,0.02193012193511781,0.37784886360168457,False,OPTIMIZED
target_355,LME_ZS_Close - US_Stock_AMP_adj_close,4,ElasticNet,0.03808093611256948,0.02957101142706769,-0.01888004344476446,0.12562820197146876,0.25774145126342773,True,OPTIMIZED
target_355,LME_ZS_Close - US_Stock_AMP_adj_close,4,XGBoost,0.03834712726492975,0.02929154340249152,-0.03317406049514715,0.09479209147129779,0.2727842330932617,True,OPTIMIZED
target_355,LME_ZS_Close - US_Stock_AMP_adj_close,4,LightGBM,0.0427268111120811,0.033145994635819,-0.2826518322700968,0.028610325053259632,1.3852620124816895,True,OPTIMIZED
target_356,JPX_Gold_Standard_Futures_Close - US_Stock_XOM_adj_close,4,Ridge,0.034417930766289684,0.028329537950163554,-0.1918847812523603,0.08103038777628223,0.008214235305786133,False,OPTIMIZED
target_356,JPX_Gold_Standard_Futures_Close - US_Stock_XOM_adj_close,4,Lasso,0.03241246413336551,0.02616728155733172,-0.05703376331947063,0.04177502831986867,0.007130622863769531,False,OPTIMIZED
target_356,JPX_Gold_Standard_Futures_Close - US_Stock_XOM_adj_close,4,RandomForest,0.03303909357318715,0.026455576185496845,-0.09830006443385497,0.02934510121991044,0.3271970748901367,False,OPTIMIZED
target_356,JPX_Gold_Standard_Futures_Close - US_Stock_XOM_adj_close,4,ElasticNet,0.033730640531573194,0.027622776865310558,-0.14475866068687382,0.09270059624346268,0.23345232009887695,True,OPTIMIZED
target_356,JPX_Gold_Standard_Futures_Close - US_Stock_XOM_adj_close,4,XGBoost,0.03179875349462723,0.02568706128207645,-0.01738411692503483,0.0,0.13814806938171387,True,OPTIMIZED
target_356,JPX_Gold_Standard_Futures_Close - US_Stock_XOM_adj_close,4,LightGBM,0.03215252848654403,0.025865809145932162,-0.04014772741510164,0.042966933827925664,0.5581703186035156,True,OPTIMIZED
target_357,LME_ZS_Close - US_Stock_HAL_adj_close,4,Ridge,0.052222662345189165,0.039501481931010184,-0.1626009566605755,0.09995503709439711,0.0063016414642333984,False,OPTIMIZED
target_357,LME_ZS_Close - US_Stock_HAL_adj_close,4,Lasso,0.048941892713529916,0.03701102791743479,-0.021113880917150718,0.03307985443852985,0.006786823272705078,False,OPTIMIZED
target_357,LME_ZS_Close - US_Stock_HAL_adj_close,4,RandomForest,0.05415282628600806,0.042605447390071806,-0.25012924275655735,-0.07581691533056656,0.34578728675842285,False,OPTIMIZED
target_357,LME_ZS_Close - US_Stock_HAL_adj_close,4,ElasticNet,0.050570154054482654,0.03821671302195759,-0.09018753467933904,0.11012224438647639,0.2352898120880127,True,OPTIMIZED
target_357,LME_ZS_Close - US_Stock_HAL_adj_close,4,XGBoost,0.04889124246433558,0.03704291485329386,-0.019001461181690438,0.0,0.13977265357971191,True,OPTIMIZED
target_357,LME_ZS_Close - US_Stock_HAL_adj_close,4,LightGBM,0.05442800350594879,0.04242746297509708,-0.26286656961793287,0.010991824601846332,0.6184911727905273,True,OPTIMIZED
target_358,LME_CA_Close - US_Stock_VGIT_adj_close,4,Ridge,0.025922002353777195,0.018987761777678844,-0.0391983573496244,-0.04584610553436272,0.007646799087524414,False,OPTIMIZED
target_358,LME_CA_Close - US_Stock_VGIT_adj_close,4,Lasso,0.02542842475163239,0.018948868981031715,-6.321306265100191e-07,0.22062126126897688,0.005684852600097656,False,OPTIMIZED
target_358,LME_CA_Close - US_Stock_VGIT_adj_close,4,RandomForest,0.026538070738713036,0.01956663009234956,-0.08918099537799318,0.10121768588533506,0.3285715579986572,False,OPTIMIZED
target_358,LME_CA_Close - US_Stock_VGIT_adj_close,4,ElasticNet,0.025437014272448447,0.018937632704772136,-0.000676330847057871,0.0,0.0030553340911865234,True,OPTIMIZED
target_358,LME_CA_Close - US_Stock_VGIT_adj_close,4,XGBoost,0.025436614023579513,0.01893667888781609,-0.0006448400113625574,0.0,0.15361237525939941,True,OPTIMIZED
target_358,LME_CA_Close - US_Stock_VGIT_adj_close,4,LightGBM,0.025590275147291362,0.019015702312354686,-0.01277103249185818,-0.09341648906430877,0.2775993347167969,True,OPTIMIZED
target_359,LME_ZS_Close - US_Stock_JNK_adj_close,4,Ridge,0.027503929045931592,0.022330623169034766,-0.01576472238217086,0.05846634859574183,0.007639169692993164,False,OPTIMIZED
target_359,LME_ZS_Close - US_Stock_JNK_adj_close,4,Lasso,0.02732352785647657,0.021861193038014672,-0.0024834052598041723,0.2714468896493726,0.0063059329986572266,False,OPTIMIZED
target_359,LME_ZS_Close - US_Stock_JNK_adj_close,4,RandomForest,0.02805688288554769,0.02198908461889612,-0.057018251723140345,0.18760861574914978,0.3152272701263428,False,OPTIMIZED
target_359,LME_ZS_Close - US_Stock_JNK_adj_close,4,ElasticNet,0.02726567283910483,0.021822163540741246,0.0017574300907265972,0.2714468896493726,0.0039942264556884766,True,OPTIMIZED
target_359,LME_ZS_Close - US_Stock_JNK_adj_close,4,XGBoost,0.027324963220620353,0.02183974682045874,-0.0025887332787355444,0.17248599626847014,0.3366568088531494,True,OPTIMIZED
target_359,LME_ZS_Close - US_Stock_JNK_adj_close,4,LightGBM,0.030119669775214384,0.024234268934448817,-0.2181592289878842,0.0956374681364065,0.7198312282562256,True,OPTIMIZED
target_360,LME_AH_Close - US_Stock_VTV_adj_close,4,Ridge,0.028324596570882283,0.02288408339070646,-0.16790457519878932,0.10805549707205839,0.007922887802124023,False,OPTIMIZED
target_360,LME_AH_Close - US_Stock_VTV_adj_close,4,Lasso,0.026220450609896608,0.02052013974375842,-0.0008297257268576885,0.0,0.00569462776184082,False,OPTIMIZED
target_360,LME_AH_Close - US_Stock_VTV_adj_close,4,RandomForest,0.02772146903786806,0.02137126012136599,-0.11869674907048489,-0.0787329619730389,0.3742697238922119,False,OPTIMIZED
target_360,LME_AH_Close - US_Stock_VTV_adj_close,4,ElasticNet,0.02619249545250312,0.020475856338258845,0.0013032229583539445,0.20926307225110707,0.003846406936645508,True,OPTIMIZED
target_360,LME_AH_Close - US_Stock_VTV_adj_close,4,XGBoost,0.026215422029380663,0.020524677423717462,-0.0004458825701851854,0.0,0.2909739017486572,True,OPTIMIZED
target_360,LME_AH_Close - US_Stock_VTV_adj_close,4,LightGBM,0.026404318695294623,0.020491909285592726,-0.014915361454707954,-0.0477673132739359,0.6637775897979736,True,OPTIMIZED
target_361,LME_PB_Close - US_Stock_TECK_adj_close,4,Ridge,0.043260317273332204,0.031690761685842936,-0.009743008128847652,0.16269940394412705,0.0071489810943603516,False,OPTIMIZED
target_361,LME_PB_Close - US_Stock_TECK_adj_close,4,Lasso,0.043139572209755395,0.032350491203095764,-0.0041142313569562106,0.0,0.004988670349121094,False,OPTIMIZED
target_361,LME_PB_Close - US_Stock_TECK_adj_close,4,RandomForest,0.050073865536298445,0.03854006431618581,-0.35286260264874825,-0.039910526196839984,0.337404727935791,False,OPTIMIZED
target_361,LME_PB_Close - US_Stock_TECK_adj_close,4,ElasticNet,0.04324562367660872,0.03223860246239044,-0.009057195458058942,0.11655027459488779,0.1436312198638916,True,OPTIMIZED
target_361,LME_PB_Close - US_Stock_TECK_adj_close,4,XGBoost,0.043134190090587256,0.032348748412828636,-0.003863699186364311,0.0,0.2796773910522461,True,OPTIMIZED
target_361,LME_PB_Close - US_Stock_TECK_adj_close,4,LightGBM,0.04769185606974635,0.035960789372825035,-0.22721287621697273,-0.04219703268612918,0.522977352142334,True,OPTIMIZED
target_362,US_Stock_NUE_adj_close - JPX_Gold_Standard_Futures_Close,4,Ridge,0.07382984313679493,0.05870286275109685,-1.4287804829688984,0.17051632765191704,0.007783651351928711,False,OPTIMIZED
target_362,US_Stock_NUE_adj_close - JPX_Gold_Standard_Futures_Close,4,Lasso,0.050944701639153926,0.038335780548517814,-0.15643817372949265,0.16735923159886854,0.00740361213684082,False,OPTIMIZED
target_362,US_Stock_NUE_adj_close - JPX_Gold_Standard_Futures_Close,4,RandomForest,0.051789760099636324,0.03963977001758118,-0.1951218087394988,0.13365446950030085,0.32982587814331055,False,OPTIMIZED
target_362,US_Stock_NUE_adj_close - JPX_Gold_Standard_Futures_Close,4,ElasticNet,0.06953299674703736,0.055017423816991665,-1.1543004251881297,0.1897895366200854,0.10154008865356445,True,OPTIMIZED
target_362,US_Stock_NUE_adj_close - JPX_Gold_Standard_Futures_Close,4,XGBoost,0.05852987609158311,0.045449736239224506,-0.5264394527066352,0.0042968682243678235,0.6417574882507324,True,OPTIMIZED
target_362,US_Stock_NUE_adj_close - JPX_Gold_Standard_Futures_Close,4,LightGBM,0.050602413175842166,0.038356786440538304,-0.14095057017336665,0.22782895865250719,1.563753604888916,True,OPTIMIZED
target_363,FX_AUDUSD - JPX_Platinum_Standard_Futures_Close,4,Ridge,0.036370740327370144,0.02609026204171957,-0.3252394586784568,0.06098974018166509,0.007248640060424805,False,OPTIMIZED
target_363,FX_AUDUSD - JPX_Platinum_Standard_Futures_Close,4,Lasso,0.03179833463178273,0.022961091016512707,-0.01297523204729134,0.07982504364034673,0.005412101745605469,False,OPTIMIZED
target_363,FX_AUDUSD - JPX_Platinum_Standard_Futures_Close,4,RandomForest,0.03745503530915724,0.02833158919457026,-0.4054341356362554,-0.03311424775187242,0.3815023899078369,False,OPTIMIZED
target_363,FX_AUDUSD - JPX_Platinum_Standard_Futures_Close,4,ElasticNet,0.03249593949776606,0.023455272410765914,-0.0579089003251807,0.023841891676244772,0.005236387252807617,True,OPTIMIZED
target_363,FX_AUDUSD - JPX_Platinum_Standard_Futures_Close,4,XGBoost,0.03359733125953128,0.02432480207072372,-0.13083603393326126,0.02169070167281828,0.32617783546447754,True,OPTIMIZED
target_363,FX_AUDUSD - JPX_Platinum_Standard_Futures_Close,4,LightGBM,0.03507827599327082,0.02552044801672698,-0.2327260043101973,-0.10425099783410914,1.4235656261444092,True,OPTIMIZED
target_364,US_Stock_URA_adj_close - JPX_Platinum_Standard_Futures_Close,4,Ridge,0.04582427631547901,0.035755024897675305,-0.01377851360829041,0.12235946901094129,0.007368326187133789,False,OPTIMIZED
target_364,US_Stock_URA_adj_close - JPX_Platinum_Standard_Futures_Close,4,Lasso,0.04569181155904137,0.035390199363904536,-0.00792590281051564,-0.04250606369814363,0.007513523101806641,False,OPTIMIZED
target_364,US_Stock_URA_adj_close - JPX_Platinum_Standard_Futures_Close,4,RandomForest,0.051814651657334405,0.0414710854291481,-0.29615523391719667,0.03133122278845809,0.33212876319885254,False,OPTIMIZED
target_364,US_Stock_URA_adj_close - JPX_Platinum_Standard_Futures_Close,4,ElasticNet,0.046008731819069566,0.03579885910336483,-0.021956422740188497,-0.04250606369814363,0.0035049915313720703,True,OPTIMIZED
target_364,US_Stock_URA_adj_close - JPX_Platinum_Standard_Futures_Close,4,XGBoost,0.045678391710071445,0.0353696095876256,-0.007333926849028005,0.0,0.2719733715057373,True,OPTIMIZED
target_364,US_Stock_URA_adj_close - JPX_Platinum_Standard_Futures_Close,4,LightGBM,0.04648514078808789,0.0362237409575024,-0.0432302066992627,0.06642169616875056,0.6270599365234375,True,OPTIMIZED
target_365,LME_ZS_Close - US_Stock_DE_adj_close,4,Ridge,0.04018018786843863,0.03171011055346807,-0.019073992022527353,0.0994343357206495,0.008056402206420898,False,OPTIMIZED
target_365,LME_ZS_Close - US_Stock_DE_adj_close,4,Lasso,0.039835369917045844,0.03139848114356746,-0.0016580850465284236,0.0,0.005555868148803711,False,OPTIMIZED
target_365,LME_ZS_Close - US_Stock_DE_adj_close,4,RandomForest,0.046383544241018974,0.03679853952762738,-0.3580309049884196,-0.060246427649570056,0.3258187770843506,False,OPTIMIZED
target_365,LME_ZS_Close - US_Stock_DE_adj_close,4,ElasticNet,0.03974526812624597,0.03134110934565612,0.0028679991803863825,0.03970504096025541,0.004446744918823242,True,OPTIMIZED
target_365,LME_ZS_Close - US_Stock_DE_adj_close,4,XGBoost,0.04088879703339794,0.03232924685159695,-0.05533528552982658,-0.0645321471498846,0.21885108947753906,True,OPTIMIZED
target_365,LME_ZS_Close - US_Stock_DE_adj_close,4,LightGBM,0.04311139915044371,0.034294457824730354,-0.1731837195658268,0.01916305952351215,0.8581805229187012,True,OPTIMIZED
target_366,US_Stock_EOG_adj_close - LME_AH_Close,4,Ridge,0.03669114800520265,0.027970052645886565,-0.012482061776054598,0.13037012321977223,0.007242679595947266,False,OPTIMIZED
target_366,US_Stock_EOG_adj_close - LME_AH_Close,4,Lasso,0.03670780882895766,0.027979169858660346,-0.01340177217037719,0.04370977277079742,0.0060024261474609375,False,OPTIMIZED
target_366,US_Stock_EOG_adj_close - LME_AH_Close,4,RandomForest,0.04339504004310149,0.03414879042041246,-0.41626630825135846,0.24596077283859863,0.39480090141296387,False,OPTIMIZED
target_366,US_Stock_EOG_adj_close - LME_AH_Close,4,ElasticNet,0.036609409451655084,0.027818200804188335,-0.007975981104950014,0.15439791933559574,0.2825124263763428,True,OPTIMIZED
target_366,US_Stock_EOG_adj_close - LME_AH_Close,4,XGBoost,0.044739464242674554,0.0347146151753852,-0.5053805311307789,0.19323178241912747,0.25607919692993164,True,OPTIMIZED
target_366,US_Stock_EOG_adj_close - LME_AH_Close,4,LightGBM,0.038896250784291694,0.030040140942427455,-0.13783744057407255,0.1789383877348806,0.8283224105834961,True,OPTIMIZED
target_367,FX_GBPUSD - LME_PB_Close,4,Ridge,0.02095921063371912,0.016169223160838832,-0.13227156903037462,0.11725052672390482,0.008387565612792969,False,OPTIMIZED
target_367,FX_GBPUSD - LME_PB_Close,4,Lasso,0.019706273635499864,0.015255252855170568,-0.000943989382994781,0.0,0.006529092788696289,False,OPTIMIZED
target_367,FX_GBPUSD - LME_PB_Close,4,RandomForest,0.020537405364800896,0.016130264505639806,-0.08715610378232586,0.16504593848681018,0.3718421459197998,False,OPTIMIZED
target_367,FX_GBPUSD - LME_PB_Close,4,ElasticNet,0.01946795570667123,0.015004149593147517,0.023119462985560113,0.17858133994480235,0.004865169525146484,True,OPTIMIZED
target_367,FX_GBPUSD - LME_PB_Close,4,XGBoost,0.019653340139563963,0.015233798844545544,0.004426108027911213,0.13650354195245576,0.23509550094604492,True,OPTIMIZED
target_367,FX_GBPUSD - LME_PB_Close,4,LightGBM,0.01950484648197583,0.015131855445076446,0.01941367837218433,0.1944657004535182,1.6332478523254395,True,OPTIMIZED
target_368,FX_GBPJPY - JPX_Platinum_Standard_Futures_Close,4,Ridge,0.035571147619788863,0.02597175329984249,-0.3884969452509679,0.10927081777879573,0.008092164993286133,False,OPTIMIZED
target_368,FX_GBPJPY - JPX_Platinum_Standard_Futures_Close,4,Lasso,0.030930457040906963,0.022831145495585486,-0.04983693894533037,0.13069975879816445,0.008397817611694336,False,OPTIMIZED
target_368,FX_GBPJPY - JPX_Platinum_Standard_Futures_Close,4,RandomForest,0.03851071487131575,0.029841234410519932,-0.6274675417660001,-0.008970756666457936,0.33208203315734863,False,OPTIMIZED
target_368,FX_GBPJPY - JPX_Platinum_Standard_Futures_Close,4,ElasticNet,0.03146759057528574,0.02325203471594299,-0.08661615288878499,0.13069975879816445,0.0035512447357177734,True,OPTIMIZED
target_368,FX_GBPJPY - JPX_Platinum_Standard_Futures_Close,4,XGBoost,0.040194392811388965,0.031019112877027924,-0.7728831800658809,-0.02819200865672658,0.5089833736419678,True,OPTIMIZED
target_368,FX_GBPJPY - JPX_Platinum_Standard_Futures_Close,4,LightGBM,0.04668529565453371,0.03676180729339123,-1.391714859797819,-0.11748843053168048,1.7661383152008057,True,OPTIMIZED
target_369,LME_CA_Close - US_Stock_WPM_adj_close,4,Ridge,0.04314839542476328,0.034449337619605,-0.3237803092949896,0.05939266771580112,0.006944179534912109,False,OPTIMIZED
target_369,LME_CA_Close - US_Stock_WPM_adj_close,4,Lasso,0.03790126142909354,0.02934755313266578,-0.021395512510805847,-0.11729489837550686,0.00576019287109375,False,OPTIMIZED
target_369,LME_CA_Close - US_Stock_WPM_adj_close,4,RandomForest,0.03941275549808302,0.030461149583577294,-0.10448599907062173,0.09117834929040683,0.35103702545166016,False,OPTIMIZED
target_369,LME_CA_Close - US_Stock_WPM_adj_close,4,ElasticNet,0.04232894813861014,0.03367571363422166,-0.27397694800763905,0.06812326259407417,0.2608635425567627,True,OPTIMIZED
target_369,LME_CA_Close - US_Stock_WPM_adj_close,4,XGBoost,0.039112106917437696,0.029941318688514757,-0.08769977721400513,0.12093029203288239,0.5226681232452393,True,OPTIMIZED
target_369,LME_CA_Close - US_Stock_WPM_adj_close,4,LightGBM,0.03833940986889684,0.029817055138853136,-0.045147206967882436,0.07570153432941631,0.7053766250610352,True,OPTIMIZED
target_370,JPX_Platinum_Standard_Futures_Close - US_Stock_TD_adj_close,4,Ridge,0.04234371746194781,0.03251840661013411,-0.3190398266115586,0.059766018289450856,0.007927656173706055,False,OPTIMIZED
target_370,JPX_Platinum_Standard_Futures_Close - US_Stock_TD_adj_close,4,Lasso,0.03695334672528436,0.028063567568221787,-0.004586866720068805,0.060328442644634814,0.00586247444152832,False,OPTIMIZED
target_370,JPX_Platinum_Standard_Futures_Close - US_Stock_TD_adj_close,4,RandomForest,0.0385391875899081,0.029447732785166065,-0.09266002131689377,0.06439332494154333,0.32552170753479004,False,OPTIMIZED
target_370,JPX_Platinum_Standard_Futures_Close - US_Stock_TD_adj_close,4,ElasticNet,0.03710545546410624,0.02816744176830144,-0.012874123419597261,0.060328442644634814,0.0040552616119384766,True,OPTIMIZED
target_370,JPX_Platinum_Standard_Futures_Close - US_Stock_TD_adj_close,4,XGBoost,0.03691039604414639,0.028036156015840724,-0.002252971750207111,0.0,0.31695055961608887,True,OPTIMIZED
target_370,JPX_Platinum_Standard_Futures_Close - US_Stock_TD_adj_close,4,LightGBM,0.03948701286800024,0.0301299624570146,-0.14706625824513608,-0.0014289299692527137,1.9755520820617676,True,OPTIMIZED
target_371,FX_NZDJPY - JPX_Platinum_Standard_Futures_Close,4,Ridge,0.03534013565851865,0.02545402876541357,-0.4183220062097779,0.13123023812990342,0.007795810699462891,False,OPTIMIZED
target_371,FX_NZDJPY - JPX_Platinum_Standard_Futures_Close,4,Lasso,0.030382828321455328,0.022237352285090457,-0.04832228024939078,0.11983347859102578,0.008327722549438477,False,OPTIMIZED
target_371,FX_NZDJPY - JPX_Platinum_Standard_Futures_Close,4,RandomForest,0.036093430581200216,0.027702315360415144,-0.4794310923825078,-0.02477730045687416,0.3288915157318115,False,OPTIMIZED
target_371,FX_NZDJPY - JPX_Platinum_Standard_Futures_Close,4,ElasticNet,0.031158186108484653,0.022939624960139626,-0.1025105420657495,0.11983347859102578,0.0039615631103515625,True,OPTIMIZED
target_371,FX_NZDJPY - JPX_Platinum_Standard_Futures_Close,4,XGBoost,0.029986067737262978,0.021904937484857886,-0.02112157452623875,0.0,0.17050433158874512,True,OPTIMIZED
target_371,FX_NZDJPY - JPX_Platinum_Standard_Futures_Close,4,LightGBM,0.033926323599906855,0.025178455445096316,-0.3071096386639298,-0.019952952978305818,1.0681664943695068,True,OPTIMIZED
target_372,FX_AUDCHF - JPX_Platinum_Standard_Futures_Close,4,Ridge,0.03519558498760579,0.02523998205037604,-0.34853542935854476,0.052162402502669104,0.007407665252685547,False,OPTIMIZED
target_372,FX_AUDCHF - JPX_Platinum_Standard_Futures_Close,4,Lasso,0.030717937354973433,0.022207036101701723,-0.027235655991748153,0.09461528588750603,0.0065402984619140625,False,OPTIMIZED
target_372,FX_AUDCHF - JPX_Platinum_Standard_Futures_Close,4,RandomForest,0.03608168943199573,0.027414286052930344,-0.41729323119761785,0.0753826047218876,0.33446192741394043,False,OPTIMIZED
target_372,FX_AUDCHF - JPX_Platinum_Standard_Futures_Close,4,ElasticNet,0.031175113984545838,0.02265377530174775,-0.058039995441204084,0.09461528588750603,0.00337982177734375,True,OPTIMIZED
target_372,FX_AUDCHF - JPX_Platinum_Standard_Futures_Close,4,XGBoost,0.03073509063880781,0.022189143033583002,-0.028383219014178618,-0.19149946937028856,0.3424651622772217,True,OPTIMIZED
target_372,FX_AUDCHF - JPX_Platinum_Standard_Futures_Close,4,LightGBM,0.03243851936804987,0.023581550628665238,-0.14553412389786535,-0.017849993827389308,0.4384424686431885,True,OPTIMIZED
target_373,US_Stock_SLB_adj_close - LME_CA_Close,4,Ridge,0.04432612049389615,0.03424059114514708,-0.17010172697556425,-0.04748790581103922,0.007277965545654297,False,OPTIMIZED
target_373,US_Stock_SLB_adj_close - LME_CA_Close,4,Lasso,0.041961218496195954,0.03183444728154884,-0.04857707133193356,0.07555849757283574,0.005975961685180664,False,OPTIMIZED
target_373,US_Stock_SLB_adj_close - LME_CA_Close,4,RandomForest,0.041927297278916004,0.03145690004461304,-0.04688242875244075,0.11294313144037121,0.33989787101745605,False,OPTIMIZED
target_373,US_Stock_SLB_adj_close - LME_CA_Close,4,ElasticNet,0.04224119438228328,0.03205209767683672,-0.0626164969234686,-0.005237643230049494,0.03842520713806152,True,OPTIMIZED
target_373,US_Stock_SLB_adj_close - LME_CA_Close,4,XGBoost,0.041432264808303115,0.03136881519790181,-0.022307442364970953,-0.0470217905090578,0.228804349899292,True,OPTIMIZED
target_373,US_Stock_SLB_adj_close - LME_CA_Close,4,LightGBM,0.04519410522835976,0.03382903388106334,-0.21637576836542727,0.05735089979338474,2.9848663806915283,True,OPTIMIZED
target_374,LME_AH_Close - FX_EURNZD,4,Ridge,0.028238312087046236,0.02139348993382179,-0.07759885213760476,0.0364564362345235,0.008731365203857422,False,OPTIMIZED
target_374,LME_AH_Close - FX_EURNZD,4,Lasso,0.02720263558581363,0.02068651456235018,-3.730107849930775e-06,0.0,0.005453348159790039,False,OPTIMIZED
target_374,LME_AH_Close - FX_EURNZD,4,RandomForest,0.03143236038008943,0.024723607775348027,-0.33516101486953964,-0.17231753416690898,0.3634514808654785,False,OPTIMIZED
target_374,LME_AH_Close - FX_EURNZD,4,ElasticNet,0.027139851597976872,0.02064438616403507,0.004606982592093356,0.29021237303785774,0.029636859893798828,True,OPTIMIZED
target_374,LME_AH_Close - FX_EURNZD,4,XGBoost,0.027202588591036712,0.020687256721779266,-2.749344367725115e-07,0.0,0.15738272666931152,True,OPTIMIZED
target_374,LME_AH_Close - FX_EURNZD,4,LightGBM,0.032434418706554995,0.025276384289662425,-0.421647384665055,-0.20351132265091337,6.10526704788208,True,OPTIMIZED
target_375,JPX_Platinum_Standard_Futures_Close - FX_CHFJPY,4,Ridge,0.03528912107336612,0.02598603546431188,-0.18395467970510437,0.13181323709085385,0.008528709411621094,False,OPTIMIZED
target_375,JPX_Platinum_Standard_Futures_Close - FX_CHFJPY,4,Lasso,0.033086109830958915,0.024077152982829975,-0.04074614063401061,0.18933341869067946,0.0063364505767822266,False,OPTIMIZED
target_375,JPX_Platinum_Standard_Futures_Close - FX_CHFJPY,4,RandomForest,0.040279570385222646,0.03165867374312109,-0.5424924768195756,0.04659625410736908,0.3613593578338623,False,OPTIMIZED
target_375,JPX_Platinum_Standard_Futures_Close - FX_CHFJPY,4,ElasticNet,0.03346756703775779,0.02450162630325078,-0.06488247274897185,0.18933341869067946,0.0037751197814941406,True,OPTIMIZED
target_375,JPX_Platinum_Standard_Futures_Close - FX_CHFJPY,4,XGBoost,0.03258906909007589,0.023489646617073708,-0.009711505239116125,0.0,0.17377829551696777,True,OPTIMIZED
target_375,JPX_Platinum_Standard_Futures_Close - FX_CHFJPY,4,LightGBM,0.03924103482518436,0.030075539536706615,-0.46397714991447936,-0.06870826107352297,1.6943135261535645,True,OPTIMIZED
target_376,US_Stock_TIP_adj_close - LME_PB_Close,4,Ridge,0.022225007560314244,0.01711475970998609,-0.022185777129386297,0.20241039237866854,0.008358001708984375,False,OPTIMIZED
target_376,US_Stock_TIP_adj_close - LME_PB_Close,4,Lasso,0.02198732067798224,0.01723287534215543,-0.00043901526239187305,0.0,0.0069658756256103516,False,OPTIMIZED
target_376,US_Stock_TIP_adj_close - LME_PB_Close,4,RandomForest,0.023715585823099104,0.01872495875823424,-0.16389476070930709,0.12845949710536425,0.35740184783935547,False,OPTIMIZED
target_376,US_Stock_TIP_adj_close - LME_PB_Close,4,ElasticNet,0.02165979102315563,0.01692769549680124,0.02914466068050836,0.2381716631398144,0.004790782928466797,True,OPTIMIZED
target_376,US_Stock_TIP_adj_close - LME_PB_Close,4,XGBoost,0.021992430134833846,0.017216222592954324,-0.0009040372620681136,0.0,0.14063239097595215,True,OPTIMIZED
target_376,US_Stock_TIP_adj_close - LME_PB_Close,4,LightGBM,0.02347789981816793,0.01880727220668922,-0.14068173967446462,0.1110378580528207,0.8351640701293945,True,OPTIMIZED
target_377,US_Stock_XLB_adj_close - LME_CA_Close,4,Ridge,0.024482624487848128,0.019019554366811003,-0.12047255267336654,0.17062203444063406,0.007741212844848633,False,OPTIMIZED
target_377,US_Stock_XLB_adj_close - LME_CA_Close,4,Lasso,0.02318944954514892,0.01855926370806376,-0.005231661717995273,0.16428946119451449,0.0056743621826171875,False,OPTIMIZED
target_377,US_Stock_XLB_adj_close - LME_CA_Close,4,RandomForest,0.023891727508326674,0.018962142008463218,-0.06703922643697102,-0.01117084357785779,0.3441288471221924,False,OPTIMIZED
target_377,US_Stock_XLB_adj_close - LME_CA_Close,4,ElasticNet,0.023489647504110055,0.01839124482265345,-0.03142648429501471,0.18363481080489547,0.2501542568206787,True,OPTIMIZED
target_377,US_Stock_XLB_adj_close - LME_CA_Close,4,XGBoost,0.023185101621999018,0.01855588419503926,-0.004854743735231093,0.0,0.3435502052307129,True,OPTIMIZED
target_377,US_Stock_XLB_adj_close - LME_CA_Close,4,LightGBM,0.023204962790124704,0.018435478568258046,-0.0065770684864241424,0.0903552188492113,1.4809062480926514,True,OPTIMIZED
target_378,JPX_Gold_Standard_Futures_Close - US_Stock_NEM_adj_close,4,Ridge,0.04682201461421945,0.03432244919535423,-0.007440531517591165,0.13435139506241028,0.007661104202270508,False,OPTIMIZED
target_378,JPX_Gold_Standard_Futures_Close - US_Stock_NEM_adj_close,4,Lasso,0.04945744367902697,0.0372741478611972,-0.12404204738148628,-0.002568704960089142,0.00651240348815918,False,OPTIMIZED
target_378,JPX_Gold_Standard_Futures_Close - US_Stock_NEM_adj_close,4,RandomForest,0.051075914385564594,0.03914099485996904,-0.19881323172522714,0.07152188890859246,0.2914445400238037,False,OPTIMIZED
target_378,JPX_Gold_Standard_Futures_Close - US_Stock_NEM_adj_close,4,ElasticNet,0.04851585110752285,0.03623849645750059,-0.08164945609203267,-0.002568704960089142,0.0039446353912353516,True,OPTIMIZED
target_378,JPX_Gold_Standard_Futures_Close - US_Stock_NEM_adj_close,4,XGBoost,0.04673955158025349,0.033776629741111036,-0.003895043519845709,0.0,0.19287538528442383,True,OPTIMIZED
target_378,JPX_Gold_Standard_Futures_Close - US_Stock_NEM_adj_close,4,LightGBM,0.05114093237315584,0.03938361224392865,-0.20186727530441617,0.06383051297481203,0.45788025856018066,True,OPTIMIZED
target_379,US_Stock_EEM_adj_close - LME_AH_Close,4,Ridge,0.028293456898920183,0.022876353314900264,-0.2898450830173551,-0.0217603215442498,0.007359743118286133,False,OPTIMIZED
target_379,US_Stock_EEM_adj_close - LME_AH_Close,4,Lasso,0.02498296414887404,0.018864298585599786,-0.005665279036586979,0.0,0.00555109977722168,False,OPTIMIZED
target_379,US_Stock_EEM_adj_close - LME_AH_Close,4,RandomForest,0.025982575301043535,0.018823826998868583,-0.08775206372144373,0.08491179300886291,0.36339354515075684,False,OPTIMIZED
target_379,US_Stock_EEM_adj_close - LME_AH_Close,4,ElasticNet,0.02760661010337575,0.02219181117686832,-0.22798112085333866,0.003045106834480601,0.26485300064086914,True,OPTIMIZED
target_379,US_Stock_EEM_adj_close - LME_AH_Close,4,XGBoost,0.025683919782843196,0.019013646321259608,-0.06288954796164137,0.03950960586158515,0.2899942398071289,True,OPTIMIZED
target_379,US_Stock_EEM_adj_close - LME_AH_Close,4,LightGBM,0.025619471096603456,0.018907553799244706,-0.05756202087853568,0.08213372776982798,0.6590511798858643,True,OPTIMIZED
target_380,US_Stock_SPYV_adj_close - LME_AH_Close,4,Ridge,0.02764857499997644,0.022026393510006837,-0.08397116224936418,0.0930113608653813,0.006212711334228516,False,OPTIMIZED
target_380,US_Stock_SPYV_adj_close - LME_AH_Close,4,Lasso,0.026591489197185632,0.020689293899230573,-0.002668894806601152,0.0,0.004661083221435547,False,OPTIMIZED
target_380,US_Stock_SPYV_adj_close - LME_AH_Close,4,RandomForest,0.02807625438037844,0.021692470996590107,-0.11776513756610174,-0.09677343572505064,0.35460376739501953,False,OPTIMIZED
target_380,US_Stock_SPYV_adj_close - LME_AH_Close,4,ElasticNet,0.026585202321000746,0.020674943773215188,-0.0021948401208720103,0.19933941403104344,0.0040814876556396484,True,OPTIMIZED
target_380,US_Stock_SPYV_adj_close - LME_AH_Close,4,XGBoost,0.026597220380097555,0.020689605649316833,-0.003101145746304601,0.0,0.25563621520996094,True,OPTIMIZED
target_380,US_Stock_SPYV_adj_close - LME_AH_Close,4,LightGBM,0.027463210695131142,0.021250271160104632,-0.06948535131206857,-0.003171490663060118,0.506178617477417,True,OPTIMIZED
target_381,FX_NZDCHF - LME_PB_Close,4,Ridge,0.018494323846018755,0.014936242090648453,0.04911275094411616,0.25437856782112295,0.0069580078125,False,OPTIMIZED
target_381,FX_NZDCHF - LME_PB_Close,4,Lasso,0.01899268960053005,0.015499389109756975,-0.0028247610502281084,0.0,0.0053327083587646484,False,OPTIMIZED
target_381,FX_NZDCHF - LME_PB_Close,4,RandomForest,0.0201431850829192,0.0158799896143133,-0.12799816713325796,0.24016875570723842,0.3798229694366455,False,OPTIMIZED
target_381,FX_NZDCHF - LME_PB_Close,4,ElasticNet,0.01872937419361655,0.015329235143591368,0.024788889445735762,0.19537120644006056,0.004196882247924805,True,OPTIMIZED
target_381,FX_NZDCHF - LME_PB_Close,4,XGBoost,0.018998215540487307,0.01551051855184676,-0.003408391456785065,0.0,0.13573479652404785,True,OPTIMIZED
target_381,FX_NZDCHF - LME_PB_Close,4,LightGBM,0.019110216569098764,0.015332541168440997,-0.015274141617143133,0.20655586334256693,1.2224013805389404,True,OPTIMIZED
target_382,JPX_Gold_Standard_Futures_Close - FX_AUDCAD,4,Ridge,0.02212793449210412,0.01707591032664076,-0.21365882478242404,0.10187207616775765,0.008559465408325195,False,OPTIMIZED
target_382,JPX_Gold_Standard_Futures_Close - FX_AUDCAD,4,Lasso,0.020315568677719865,0.016082121590556595,-0.022993398894604056,0.0,0.004561424255371094,False,OPTIMIZED
target_382,JPX_Gold_Standard_Futures_Close - FX_AUDCAD,4,RandomForest,0.0269849388078154,0.02185592454534213,-0.8049190931288366,0.09325077703412953,0.3575718402862549,False,OPTIMIZED
target_382,JPX_Gold_Standard_Futures_Close - FX_AUDCAD,4,ElasticNet,0.020315568677719865,0.016082121590556595,-0.022993398894604056,0.0,0.003027677536010742,True,OPTIMIZED
target_382,JPX_Gold_Standard_Futures_Close - FX_AUDCAD,4,XGBoost,0.020314184927512073,0.016080918292453308,-0.02285404575695682,0.0,0.14584851264953613,True,OPTIMIZED
target_382,JPX_Gold_Standard_Futures_Close - FX_AUDCAD,4,LightGBM,0.02071670795259062,0.01637439073029778,-0.06379109728973775,-0.032369960698846706,1.0130321979522705,True,OPTIMIZED
target_383,FX_CADCHF - LME_CA_Close,4,Ridge,0.025006305496678757,0.018399336338546693,-0.1132649770024603,-0.09031618738617407,0.007822513580322266,False,OPTIMIZED
target_383,FX_CADCHF - LME_CA_Close,4,Lasso,0.023900424966279216,0.017874914409836545,-0.016976055211272323,0.20711906255898538,0.008081912994384766,False,OPTIMIZED
target_383,FX_CADCHF - LME_CA_Close,4,RandomForest,0.0257898528478825,0.01984978587837659,-0.18412407122418228,0.05508511756273498,0.3640553951263428,False,OPTIMIZED
target_383,FX_CADCHF - LME_CA_Close,4,ElasticNet,0.02389300030205336,0.017866453139807774,-0.01634430636719042,0.2067231906459956,0.00543975830078125,True,OPTIMIZED
target_383,FX_CADCHF - LME_CA_Close,4,XGBoost,0.02379172041998055,0.017740517959103273,-0.00774621785111429,0.0,0.14684772491455078,True,OPTIMIZED
target_383,FX_CADCHF - LME_CA_Close,4,LightGBM,0.027591022721477503,0.021500442830509683,-0.35529887892995893,-0.004551506710947184,1.5354580879211426,True,OPTIMIZED
target_384,LME_CA_Close - US_Stock_STLD_adj_close,4,Ridge,0.04312037520711813,0.034428470164717596,-0.07037740633901102,0.09596457922214173,0.008415937423706055,False,OPTIMIZED
target_384,LME_CA_Close - US_Stock_STLD_adj_close,4,Lasso,0.04244712893974627,0.03386158731457443,-0.03721433921978878,0.0665968433185479,0.006848335266113281,False,OPTIMIZED
target_384,LME_CA_Close - US_Stock_STLD_adj_close,4,RandomForest,0.09249533388815363,0.07958632718323108,-3.9250599346529222,0.0820338102018216,0.31301212310791016,False,OPTIMIZED
target_384,LME_CA_Close - US_Stock_STLD_adj_close,4,ElasticNet,0.04268323165437241,0.03371222708120793,-0.0487849777015783,0.11430718466788707,0.10507345199584961,True,OPTIMIZED
target_384,LME_CA_Close - US_Stock_STLD_adj_close,4,XGBoost,0.04166504635797235,0.03324887437215781,0.0006546182696870462,0.0903181793083894,0.30368542671203613,True,OPTIMIZED
target_384,LME_CA_Close - US_Stock_STLD_adj_close,4,LightGBM,0.04540085150309186,0.03586879196735737,-0.1865877691660769,-0.13596639914927328,0.8336479663848877,True,OPTIMIZED
target_385,JPX_Platinum_Standard_Futures_Close - US_Stock_ENB_adj_close,4,Ridge,0.043061705163095466,0.032713095088070576,-0.15816299665044986,0.06167578038317338,0.007599592208862305,False,OPTIMIZED
target_385,JPX_Platinum_Standard_Futures_Close - US_Stock_ENB_adj_close,4,Lasso,0.040029251164178714,0.029650931411266214,-0.0007881869633521443,0.060421081804448024,0.007193803787231445,False,OPTIMIZED
target_385,JPX_Platinum_Standard_Futures_Close - US_Stock_ENB_adj_close,4,RandomForest,0.04640700475255748,0.03625040441000383,-0.34509920573544894,0.07563871115284394,0.31202197074890137,False,OPTIMIZED
target_385,JPX_Platinum_Standard_Futures_Close - US_Stock_ENB_adj_close,4,ElasticNet,0.04015345553824256,0.029580263087761946,-0.00700839402488973,0.060421081804448024,0.005196332931518555,True,OPTIMIZED
target_385,JPX_Platinum_Standard_Futures_Close - US_Stock_ENB_adj_close,4,XGBoost,0.0401741364870429,0.029774073545024964,-0.008045976067243332,-0.05745470351636911,0.32233548164367676,True,OPTIMIZED
target_385,JPX_Platinum_Standard_Futures_Close - US_Stock_ENB_adj_close,4,LightGBM,0.04106031347742857,0.030392524584855186,-0.053008217419761916,-0.10915897015487987,1.498558521270752,True,OPTIMIZED
target_386,LME_PB_Close - FX_AUDJPY,4,Ridge,0.02096135597582176,0.01665984121836957,0.008484304432486378,0.15055962820689406,0.007753133773803711,False,OPTIMIZED
target_386,LME_PB_Close - FX_AUDJPY,4,Lasso,0.021064441056453945,0.016879268794739975,-0.0012919528010999493,0.0,0.005663394927978516,False,OPTIMIZED
target_386,LME_PB_Close - FX_AUDJPY,4,RandomForest,0.02176694860903243,0.017328757953664554,-0.06919261496610996,0.19650551210827297,0.33350300788879395,False,OPTIMIZED
target_386,LME_PB_Close - FX_AUDJPY,4,ElasticNet,0.020740123664667143,0.01662046265438612,0.029303352487471734,0.2072685348147921,0.006203889846801758,True,OPTIMIZED
target_386,LME_PB_Close - FX_AUDJPY,4,XGBoost,0.021067464346707587,0.01688037611258405,-0.0015793958368948147,0.0,0.1794884204864502,True,OPTIMIZED
target_386,LME_PB_Close - FX_AUDJPY,4,LightGBM,0.020897457991443342,0.01675000167647339,0.01452010559274075,0.21232686980609417,0.44507503509521484,True,OPTIMIZED
target_387,US_Stock_COP_adj_close - JPX_Platinum_Standard_Futures_Close,4,Ridge,0.05823971013173991,0.04412250741183199,-0.6226137766688313,0.0930110730928785,0.007965803146362305,False,OPTIMIZED
target_387,US_Stock_COP_adj_close - JPX_Platinum_Standard_Futures_Close,4,Lasso,0.04644628787125911,0.0362804862507128,-0.03199779328298136,0.04443869487315895,0.006174802780151367,False,OPTIMIZED
target_387,US_Stock_COP_adj_close - JPX_Platinum_Standard_Futures_Close,4,RandomForest,0.05515094817883404,0.041853361607078095,-0.4550660786951395,-0.04311461382746053,0.32746386528015137,False,OPTIMIZED
target_387,US_Stock_COP_adj_close - JPX_Platinum_Standard_Futures_Close,4,ElasticNet,0.056909914048706364,0.04314399180881343,-0.5493609608109935,0.058888078134735705,0.2635841369628906,True,OPTIMIZED
target_387,US_Stock_COP_adj_close - JPX_Platinum_Standard_Futures_Close,4,XGBoost,0.04641079605189339,0.03622648359364681,-0.030421198616628953,-0.0019997213369488914,0.1465010643005371,True,OPTIMIZED
target_387,US_Stock_COP_adj_close - JPX_Platinum_Standard_Futures_Close,4,LightGBM,0.06295416544326905,0.047539373870284965,-0.8959448121191844,-0.15505023930167902,2.400256395339966,True,OPTIMIZED
target_388,LME_ZS_Close - US_Stock_VEA_adj_close,4,Ridge,0.026982904860643687,0.021643650730813875,-0.02253542463449265,0.044268240606261736,0.008350610733032227,False,OPTIMIZED
target_388,LME_ZS_Close - US_Stock_VEA_adj_close,4,Lasso,0.026692881801439288,0.021158854546875643,-0.0006723163507058594,0.0,0.0055882930755615234,False,OPTIMIZED
target_388,LME_ZS_Close - US_Stock_VEA_adj_close,4,RandomForest,0.028092821824970315,0.02181722434186401,-0.10838767508807945,0.15504143605335122,0.3633747100830078,False,OPTIMIZED
target_388,LME_ZS_Close - US_Stock_VEA_adj_close,4,ElasticNet,0.026642915279225583,0.02112310905203129,0.0030705030404467593,0.11687887254919455,0.005979776382446289,True,OPTIMIZED
target_388,LME_ZS_Close - US_Stock_VEA_adj_close,4,XGBoost,0.026693955724607574,0.021159910960397,-0.0007528372034375508,0.0,0.19652152061462402,True,OPTIMIZED
target_388,LME_ZS_Close - US_Stock_VEA_adj_close,4,LightGBM,0.027526031315059474,0.02139285349215959,-0.06411400159679204,0.1318510443170099,0.9981701374053955,True,OPTIMIZED
target_389,US_Stock_VGK_adj_close - LME_CA_Close,4,Ridge,0.02352342985751262,0.018292332985650365,-0.3371700746715076,0.05012204217235067,0.0067462921142578125,False,OPTIMIZED
target_389,US_Stock_VGK_adj_close - LME_CA_Close,4,Lasso,0.02032911368584963,0.01618841049315329,0.0013294379997162986,0.14918763448726227,0.0059397220611572266,False,OPTIMIZED
target_389,US_Stock_VGK_adj_close - LME_CA_Close,4,RandomForest,0.02074141129982109,0.016613788658610677,-0.03958969609948726,0.04331129199362906,0.31716394424438477,False,OPTIMIZED
target_389,US_Stock_VGK_adj_close - LME_CA_Close,4,ElasticNet,0.0230399764912332,0.018328363042000403,-0.28277185438704455,0.012038580076199039,0.210740327835083,True,OPTIMIZED
target_389,US_Stock_VGK_adj_close - LME_CA_Close,4,XGBoost,0.020307799071101626,0.016156278274673575,0.0034225070363612664,0.04512438314008295,0.20422768592834473,True,OPTIMIZED
target_389,US_Stock_VGK_adj_close - LME_CA_Close,4,LightGBM,0.020457716822751847,0.015999133362240608,-0.011345822084549706,0.08640372978062982,0.4779071807861328,True,OPTIMIZED
target_390,JPX_Gold_Standard_Futures_Close - US_Stock_WMB_adj_close,4,Ridge,0.04524635226004812,0.03541395569877415,-0.9300781271667289,0.09835739916527851,0.008236408233642578,False,OPTIMIZED
target_390,JPX_Gold_Standard_Futures_Close - US_Stock_WMB_adj_close,4,Lasso,0.03258136350533695,0.024908744899036946,-0.0007975992716022784,-0.029701703843459198,0.0055043697357177734,False,OPTIMIZED
target_390,JPX_Gold_Standard_Futures_Close - US_Stock_WMB_adj_close,4,RandomForest,0.03439310906806068,0.026230080447178627,-0.11519449851010655,0.020265688335121188,0.33414220809936523,False,OPTIMIZED
target_390,JPX_Gold_Standard_Futures_Close - US_Stock_WMB_adj_close,4,ElasticNet,0.04261808085574487,0.03341614155848378,-0.7123617666671829,0.11539253905913109,0.21776437759399414,True,OPTIMIZED
target_390,JPX_Gold_Standard_Futures_Close - US_Stock_WMB_adj_close,4,XGBoost,0.03249742371851023,0.024831464447460726,0.00435249356020162,0.08147833893684607,0.33243393898010254,True,OPTIMIZED
target_390,JPX_Gold_Standard_Futures_Close - US_Stock_WMB_adj_close,4,LightGBM,0.03456659377670435,0.026707531844041003,-0.12647333567922292,-0.00611321551880352,0.956017017364502,True,OPTIMIZED
target_391,LME_AH_Close - US_Stock_CAT_adj_close,4,Ridge,0.03932159200479695,0.031118406529701877,-0.16719370702366998,0.16215996802637822,0.008115291595458984,False,OPTIMIZED
target_391,LME_AH_Close - US_Stock_CAT_adj_close,4,Lasso,0.036404866669043454,0.027661258685800712,-0.000459797415794716,0.0,0.006226778030395508,False,OPTIMIZED
target_391,LME_AH_Close - US_Stock_CAT_adj_close,4,RandomForest,0.03806651410936568,0.028892691537535316,-0.09387316762955233,0.14447664010524647,0.31861376762390137,False,OPTIMIZED
target_391,LME_AH_Close - US_Stock_CAT_adj_close,4,ElasticNet,0.03666962563720517,0.028116150877676882,-0.015064652045338356,0.03419500340790276,0.019207000732421875,True,OPTIMIZED
target_391,LME_AH_Close - US_Stock_CAT_adj_close,4,XGBoost,0.03625665223166542,0.02746071528667328,0.007669925311140968,0.14200257507221048,0.3627355098724365,True,OPTIMIZED
target_391,LME_AH_Close - US_Stock_CAT_adj_close,4,LightGBM,0.03748259496721464,0.028530220474556313,-0.06057174308782676,0.05453358122406158,1.5453643798828125,True,OPTIMIZED
target_392,FX_EURCHF - LME_CA_Close,4,Ridge,0.023405858751596138,0.017566114098261112,-0.10314908494231889,-0.07397728837942485,0.007924556732177734,False,OPTIMIZED
target_392,FX_EURCHF - LME_CA_Close,4,Lasso,0.022301070975435423,0.016720694067333324,-0.0014666449338791576,0.2510422246369048,0.007315874099731445,False,OPTIMIZED
target_392,FX_EURCHF - LME_CA_Close,4,RandomForest,0.024912177497404167,0.018623975724950524,-0.24970765043866927,0.08736474801426362,0.3497788906097412,False,OPTIMIZED
target_392,FX_EURCHF - LME_CA_Close,4,ElasticNet,0.02230498795646972,0.016726660246361557,-0.0018184729115251486,0.2510422246369048,0.0036067962646484375,True,OPTIMIZED
target_392,FX_EURCHF - LME_CA_Close,4,XGBoost,0.022302004218010194,0.016701270181645324,-0.0015504643044228494,0.0,0.32684779167175293,True,OPTIMIZED
target_392,FX_EURCHF - LME_CA_Close,4,LightGBM,0.02297949171385531,0.017385219440557608,-0.06332465995787961,-0.010900572608669296,0.6344423294067383,True,OPTIMIZED
target_393,US_Stock_HL_adj_close - LME_AH_Close,4,Ridge,0.06792776271548209,0.051648220682937784,-0.048250897944221105,0.01709185160337959,0.008048772811889648,False,OPTIMIZED
target_393,US_Stock_HL_adj_close - LME_AH_Close,4,Lasso,0.0665192545466423,0.05082539112554802,-0.005229832346358876,0.009854370144630678,0.006225109100341797,False,OPTIMIZED
target_393,US_Stock_HL_adj_close - LME_AH_Close,4,RandomForest,0.07549629460382414,0.058735649708757706,-0.2948572566667642,0.047057308672725943,0.35257863998413086,False,OPTIMIZED
target_393,US_Stock_HL_adj_close - LME_AH_Close,4,ElasticNet,0.06711431840758435,0.0512278977494293,-0.02329532367144771,0.019602875246968868,0.23578715324401855,True,OPTIMIZED
target_393,US_Stock_HL_adj_close - LME_AH_Close,4,XGBoost,0.06611839724300697,0.050388709202525535,0.006849063790589027,0.16478776975671014,0.3028120994567871,True,OPTIMIZED
target_393,US_Stock_HL_adj_close - LME_AH_Close,4,LightGBM,0.07083796015181287,0.05336250988738728,-0.13999439230050825,0.014112761733474645,6.291806221008301,True,OPTIMIZED
target_394,US_Stock_OIH_adj_close - LME_CA_Close,4,Ridge,0.04351460076541411,0.03203588933765006,-0.07568841808912463,-0.02837807618238762,0.007973909378051758,False,OPTIMIZED
target_394,US_Stock_OIH_adj_close - LME_CA_Close,4,Lasso,0.04253322846501656,0.031349220397415674,-0.027716155718354507,0.09910514301891414,0.008363723754882812,False,OPTIMIZED
target_394,US_Stock_OIH_adj_close - LME_CA_Close,4,RandomForest,0.04294713523107924,0.030922938917991742,-0.0478156612296472,0.13579421976869083,0.33946681022644043,False,OPTIMIZED
target_394,US_Stock_OIH_adj_close - LME_CA_Close,4,ElasticNet,0.04273099224108566,0.03136968735344138,-0.037295373761539796,0.028038178026937297,0.021668672561645508,True,OPTIMIZED
target_394,US_Stock_OIH_adj_close - LME_CA_Close,4,XGBoost,0.04236251617584958,0.031143944755364857,-0.0194829836127699,0.02729700930054046,0.2597177028656006,True,OPTIMIZED
target_394,US_Stock_OIH_adj_close - LME_CA_Close,4,LightGBM,0.045437690872003146,0.03397242963040678,-0.1728676049124287,0.08134776904292053,2.289994716644287,True,OPTIMIZED
target_395,LME_CA_Close - US_Stock_SLV_adj_close,4,Ridge,0.03362352599176117,0.02665791627286347,-0.6560639094011618,0.14382836540806215,0.008184194564819336,False,OPTIMIZED
target_395,LME_CA_Close - US_Stock_SLV_adj_close,4,Lasso,0.026446025745281033,0.021280756113463063,-0.024498711037615584,-0.07067087896627103,0.0066242218017578125,False,OPTIMIZED
target_395,LME_CA_Close - US_Stock_SLV_adj_close,4,RandomForest,0.02839526786226211,0.023245239419352973,-0.1810887241836563,0.09482236678549719,0.36921191215515137,False,OPTIMIZED
target_395,LME_CA_Close - US_Stock_SLV_adj_close,4,ElasticNet,0.03184497183302974,0.025256472226162025,-0.4854988561702509,0.1219895372032359,0.27573370933532715,True,OPTIMIZED
target_395,LME_CA_Close - US_Stock_SLV_adj_close,4,XGBoost,0.02660333760283822,0.021458862337198827,-0.036723242400669376,-0.001412669886712169,0.3227982521057129,True,OPTIMIZED
target_395,LME_CA_Close - US_Stock_SLV_adj_close,4,LightGBM,0.029651388573622598,0.023905457651493385,-0.28789558944620675,0.05105103765583869,0.5406672954559326,True,OPTIMIZED
target_396,LME_AH_Close - US_Stock_OKE_adj_close,4,Ridge,0.055086421009140685,0.043597328643044726,-1.0668401549523754,0.0939391668540121,0.007857561111450195,False,OPTIMIZED
target_396,LME_AH_Close - US_Stock_OKE_adj_close,4,Lasso,0.03831971059990279,0.028132895296679762,-0.00014327158271632,0.11304988860380662,0.007025957107543945,False,OPTIMIZED
target_396,LME_AH_Close - US_Stock_OKE_adj_close,4,RandomForest,0.040855055754242746,0.03043708263769584,-0.13686629647562576,-0.06985308549018487,0.35494232177734375,False,OPTIMIZED
target_396,LME_AH_Close - US_Stock_OKE_adj_close,4,ElasticNet,0.03844126433353129,0.028240097618902112,-0.006498432646779406,0.021006479178487268,0.004622697830200195,True,OPTIMIZED
target_396,LME_AH_Close - US_Stock_OKE_adj_close,4,XGBoost,0.039103077176446406,0.028805731470329537,-0.04145293147235818,-0.12292821616704408,0.5004582405090332,True,OPTIMIZED
target_396,LME_AH_Close - US_Stock_OKE_adj_close,4,LightGBM,0.039453139769060216,0.029660814858441412,-0.06018320166495217,-0.02870518726812284,2.1278107166290283,True,OPTIMIZED
target_397,US_Stock_KMI_adj_close - LME_CA_Close,4,Ridge,0.04830336146790137,0.03798626337537967,-1.0289512946824515,0.06363678536635846,0.007946252822875977,False,OPTIMIZED
target_397,US_Stock_KMI_adj_close - LME_CA_Close,4,Lasso,0.03385520296077024,0.024833138957805354,0.0032924319056985007,0.22928316281924555,0.007043123245239258,False,OPTIMIZED
target_397,US_Stock_KMI_adj_close - LME_CA_Close,4,RandomForest,0.05449325730104482,0.0446500535185148,-1.5822747533205503,-0.22320305985657068,0.37841057777404785,False,OPTIMIZED
target_397,US_Stock_KMI_adj_close - LME_CA_Close,4,ElasticNet,0.03407560066463038,0.025051838779872975,-0.009726960907620263,0.22928316281924555,0.0038645267486572266,True,OPTIMIZED
target_397,US_Stock_KMI_adj_close - LME_CA_Close,4,XGBoost,0.04003574296824228,0.030740312344850952,-0.39383927350312065,0.0742118617231453,0.3938148021697998,True,OPTIMIZED
target_397,US_Stock_KMI_adj_close - LME_CA_Close,4,LightGBM,0.03441027002335446,0.025073714858377096,-0.029658179191184075,0.09199017953045878,0.8324432373046875,True,OPTIMIZED
target_398,US_Stock_VYM_adj_close - JPX_Gold_Standard_Futures_Close,4,Ridge,0.030740754842457817,0.023734204826331456,-0.5656220614731107,0.0362376097546322,0.007614850997924805,False,OPTIMIZED
target_398,US_Stock_VYM_adj_close - JPX_Gold_Standard_Futures_Close,4,Lasso,0.024737053635554743,0.01923777044625555,-0.013803576436824283,0.0,0.006646156311035156,False,OPTIMIZED
target_398,US_Stock_VYM_adj_close - JPX_Gold_Standard_Futures_Close,4,RandomForest,0.03816412914490529,0.0317601291401223,-1.4130626142261247,0.016297708925046585,0.3655822277069092,False,OPTIMIZED
target_398,US_Stock_VYM_adj_close - JPX_Gold_Standard_Futures_Close,4,ElasticNet,0.026518267760628066,0.020559741203902426,-0.16505970108092138,0.10172923201555097,0.2292342185974121,True,OPTIMIZED
target_398,US_Stock_VYM_adj_close - JPX_Gold_Standard_Futures_Close,4,XGBoost,0.024736135501172856,0.019237168227855,-0.01372832166639748,0.0,0.2091076374053955,True,OPTIMIZED
target_398,US_Stock_VYM_adj_close - JPX_Gold_Standard_Futures_Close,4,LightGBM,0.025095946398149306,0.019627489281952484,-0.043434119501913226,-0.04572130148329249,1.2271244525909424,True,OPTIMIZED
target_399,LME_CA_Close - US_Stock_HES_adj_close,4,Ridge,0.045502898412930315,0.03372667825133923,-0.651541466947436,0.06903026066114051,0.007124662399291992,False,OPTIMIZED
target_399,LME_CA_Close - US_Stock_HES_adj_close,4,Lasso,0.036013175555202684,0.026719032880489102,-0.03450881775553638,0.12083745676075645,0.005724191665649414,False,OPTIMIZED
target_399,LME_CA_Close - US_Stock_HES_adj_close,4,RandomForest,0.03628632488137346,0.026815232429769523,-0.05026121990508292,0.09907574698346695,0.3524305820465088,False,OPTIMIZED
target_399,LME_CA_Close - US_Stock_HES_adj_close,4,ElasticNet,0.038011286693706264,0.028118923388820292,-0.15248823930579491,0.09522106110541145,0.17378735542297363,True,OPTIMIZED
target_399,LME_CA_Close - US_Stock_HES_adj_close,4,XGBoost,0.03580292869779919,0.026518450544982735,-0.022465040460761143,0.11882007935138865,0.6669111251831055,True,OPTIMIZED
target_399,LME_CA_Close - US_Stock_HES_adj_close,4,LightGBM,0.037509592413942965,0.028438572674760472,-0.12226663280001149,0.019002266750194445,3.5474538803100586,True,OPTIMIZED
target_400,FX_NOKJPY - LME_CA_Close,4,Ridge,0.024306804951697392,0.01858062244024357,-0.16843219613894345,-0.014770460609214223,0.007326364517211914,False,OPTIMIZED
target_400,FX_NOKJPY - LME_CA_Close,4,Lasso,0.02254439753518806,0.0177399609891714,-0.005136470448199759,0.3099957658029925,0.0055811405181884766,False,OPTIMIZED
target_400,FX_NOKJPY - LME_CA_Close,4,RandomForest,0.02543869703850341,0.019305228975575624,-0.2797863968286092,0.023173301092218768,0.36537933349609375,False,OPTIMIZED
target_400,FX_NOKJPY - LME_CA_Close,4,ElasticNet,0.022514789541425998,0.01776461024139512,-0.0024980737414592724,0.0,0.0036759376525878906,True,OPTIMIZED
target_400,FX_NOKJPY - LME_CA_Close,4,XGBoost,0.0226051590130381,0.017786956070608765,-0.010561843186219333,-0.05320436472873062,0.3522822856903076,True,OPTIMIZED
target_400,FX_NOKJPY - LME_CA_Close,4,LightGBM,0.027142670596661405,0.021503134877509378,-0.45697773681454357,-0.07460195997408466,0.8389511108398438,True,OPTIMIZED
target_401,LME_ZS_Close - US_Stock_EFA_adj_close,4,Ridge,0.027231225246249074,0.021861446320630477,-0.021598373970348694,0.041529428697515025,0.0063936710357666016,False,OPTIMIZED
target_401,LME_ZS_Close - US_Stock_EFA_adj_close,4,Lasso,0.0269561954623362,0.021489077822537492,-0.0010667153353933756,0.0,0.00539708137512207,False,OPTIMIZED
target_401,LME_ZS_Close - US_Stock_EFA_adj_close,4,RandomForest,0.030171788131498758,0.023290791773394937,-0.2541455075955785,0.106207914185083,0.34291887283325195,False,OPTIMIZED
target_401,LME_ZS_Close - US_Stock_EFA_adj_close,4,ElasticNet,0.026929883442401287,0.021471917967082036,0.000886619072597683,0.1156754011274032,0.005460262298583984,True,OPTIMIZED
target_401,LME_ZS_Close - US_Stock_EFA_adj_close,4,XGBoost,0.03139109344670847,0.024548814881809516,-0.3575590070581449,0.13225101196274977,0.8177156448364258,True,OPTIMIZED
target_401,LME_ZS_Close - US_Stock_EFA_adj_close,4,LightGBM,0.028744861812245302,0.022478018932150377,-0.13832501146174558,0.04497242490513975,0.4110722541809082,True,OPTIMIZED
target_402,FX_EURJPY - JPX_Platinum_Standard_Futures_Close,4,Ridge,0.034927742971406696,0.02549102883839542,-0.27832478637752267,0.14635185137131396,0.006143093109130859,False,OPTIMIZED
target_402,FX_EURJPY - JPX_Platinum_Standard_Futures_Close,4,Lasso,0.031575232070461805,0.02309641240492363,-0.04470402353224978,0.15014258768563865,0.0059702396392822266,False,OPTIMIZED
target_402,FX_EURJPY - JPX_Platinum_Standard_Futures_Close,4,RandomForest,0.03888027765070211,0.030321238853781643,-0.5840135058149434,0.012941116328026418,0.34258055686950684,False,OPTIMIZED
target_402,FX_EURJPY - JPX_Platinum_Standard_Futures_Close,4,ElasticNet,0.03236347123903045,0.02379854023739422,-0.09751473289687795,0.15014258768563865,0.00435638427734375,True,OPTIMIZED
target_402,FX_EURJPY - JPX_Platinum_Standard_Futures_Close,4,XGBoost,0.031069651001476604,0.02272278877714912,-0.011516368154245615,0.0,0.11496734619140625,True,OPTIMIZED
target_402,FX_EURJPY - JPX_Platinum_Standard_Futures_Close,4,LightGBM,0.033687099961517586,0.02492166406141231,-0.18912474179886485,-0.005283505775372303,1.3737187385559082,True,OPTIMIZED
target_403,US_Stock_VALE_adj_close - JPX_Gold_Standard_Futures_Close,4,Ridge,0.05333144030729958,0.042569895398723794,-1.1496756137685176,0.12962292179646323,0.007951021194458008,False,OPTIMIZED
target_403,US_Stock_VALE_adj_close - JPX_Gold_Standard_Futures_Close,4,Lasso,0.03685385688155179,0.02948979612225579,-0.02653129599636883,0.0,0.0060176849365234375,False,OPTIMIZED
target_403,US_Stock_VALE_adj_close - JPX_Gold_Standard_Futures_Close,4,RandomForest,0.04208827708743658,0.033401538738433365,-0.33883975699872004,-0.016815170340739618,0.35935163497924805,False,OPTIMIZED
target_403,US_Stock_VALE_adj_close - JPX_Gold_Standard_Futures_Close,4,ElasticNet,0.037873248351072586,0.029607775366767702,-0.08410517069902457,0.07861828111721275,0.17833590507507324,True,OPTIMIZED
target_403,US_Stock_VALE_adj_close - JPX_Gold_Standard_Futures_Close,4,XGBoost,0.03685324854143409,0.029489241602948094,-0.026497406733850593,0.0,0.35684657096862793,True,OPTIMIZED
target_403,US_Stock_VALE_adj_close - JPX_Gold_Standard_Futures_Close,4,LightGBM,0.04158821784158429,0.033694840906617105,-0.30721470516721494,-0.06278706268938458,1.0305731296539307,True,OPTIMIZED
target_404,JPX_Gold_Standard_Futures_Close - US_Stock_X_adj_close,4,Ridge,0.07606259559016403,0.052855056463642906,-0.5199394716992038,0.07571839372653652,0.006925106048583984,False,OPTIMIZED
target_404,JPX_Gold_Standard_Futures_Close - US_Stock_X_adj_close,4,Lasso,0.06992420726015791,0.051427384370884816,-0.28451480309179455,0.18271421656952502,0.004637479782104492,False,OPTIMIZED
target_404,JPX_Gold_Standard_Futures_Close - US_Stock_X_adj_close,4,RandomForest,0.16163256657530267,0.14671947281238554,-5.863438540302341,0.08546495784203269,0.35178232192993164,False,OPTIMIZED
target_404,JPX_Gold_Standard_Futures_Close - US_Stock_X_adj_close,4,ElasticNet,0.07024375349572186,0.051789360276629094,-0.2962818225447683,0.18271421656952502,0.0034317970275878906,True,OPTIMIZED
target_404,JPX_Gold_Standard_Futures_Close - US_Stock_X_adj_close,4,XGBoost,0.09351749247297647,0.07567741918363909,-1.2975751082193963,0.09205478433007903,0.20340847969055176,True,OPTIMIZED
target_404,JPX_Gold_Standard_Futures_Close - US_Stock_X_adj_close,4,LightGBM,0.07280026380114071,0.053082613976670405,-0.39235480145004886,0.010603145679876027,2.1584715843200684,True,OPTIMIZED
target_405,FX_ZARUSD - LME_AH_Close,4,Ridge,0.02381958413439558,0.018620781633553976,-0.03190128425482963,0.037591507119062555,0.0066225528717041016,False,OPTIMIZED
target_405,FX_ZARUSD - LME_AH_Close,4,Lasso,0.023462534408905524,0.018535342141825374,-0.0011972505439337144,0.0,0.0040857791900634766,False,OPTIMIZED
target_405,FX_ZARUSD - LME_AH_Close,4,RandomForest,0.02424037387406426,0.019065905171791655,-0.06868184379689457,0.10791795528572913,0.3616654872894287,False,OPTIMIZED
target_405,FX_ZARUSD - LME_AH_Close,4,ElasticNet,0.02345196747605091,0.018527543526517233,-0.0002956257196369272,0.20963024747095999,0.018969058990478516,True,OPTIMIZED
target_405,FX_ZARUSD - LME_AH_Close,4,XGBoost,0.0235514626456178,0.018597827400904814,-0.008801155154682494,0.0981564445956807,0.3907763957977295,True,OPTIMIZED
target_405,FX_ZARUSD - LME_AH_Close,4,LightGBM,0.023811674552660707,0.018780006326858154,-0.03121608737029069,0.08994199660243948,2.1314656734466553,True,OPTIMIZED
target_406,FX_USDCHF - LME_PB_Close,4,Ridge,0.023512383207662375,0.01845104081015693,0.05737132238991394,0.21708932115108942,0.008704900741577148,False,OPTIMIZED
target_406,FX_USDCHF - LME_PB_Close,4,Lasso,0.024235565785347333,0.019023758044790954,-0.0015062671713197417,0.0,0.005281686782836914,False,OPTIMIZED
target_406,FX_USDCHF - LME_PB_Close,4,RandomForest,0.025159822952884207,0.020004935136438043,-0.0793505246368651,0.1928819577294501,0.3695857524871826,False,OPTIMIZED
target_406,FX_USDCHF - LME_PB_Close,4,ElasticNet,0.023741983720202142,0.018678724715525643,0.03887173048900683,0.25229819970105544,0.004146099090576172,True,OPTIMIZED
target_407,FX_USDJPY - JPX_Platinum_Standard_Futures_Close,4,Ridge,0.03709036076096841,0.027451052197578638,-0.33088809133629127,0.12456770362893547,0.008049964904785156,False,OPTIMIZED
target_407,FX_USDJPY - JPX_Platinum_Standard_Futures_Close,4,Lasso,0.03313465642364748,0.024521149950543872,-0.06214636562344511,0.19437499232793878,0.0059299468994140625,False,OPTIMIZED
target_407,FX_USDJPY - JPX_Platinum_Standard_Futures_Close,4,RandomForest,0.04083939129917955,0.03167395471734192,-0.6135333447261495,0.1290181983622888,0.3065307140350342,False,OPTIMIZED
target_407,FX_USDJPY - JPX_Platinum_Standard_Futures_Close,4,ElasticNet,0.033760094422432434,0.02510843759511117,-0.10262219234230474,0.19437499232793878,0.0037996768951416016,True,OPTIMIZED
target_408,LME_AH_Close - FX_ZARCHF,4,Ridge,0.024759110852990405,0.019173345901776963,-0.01962638331681643,0.02374797855353708,0.0072383880615234375,False,OPTIMIZED
target_408,LME_AH_Close - FX_ZARCHF,4,Lasso,0.024519814003409943,0.019072539451076627,-1.2247373829543662e-05,0.0,0.006472349166870117,False,OPTIMIZED
target_408,LME_AH_Close - FX_ZARCHF,4,RandomForest,0.02500302055918272,0.01952392742900707,-0.03981464998851014,0.05801002943532135,0.3642876148223877,False,OPTIMIZED
target_408,LME_AH_Close - FX_ZARCHF,4,ElasticNet,0.024447625271588027,0.018983524721529192,0.005867352633539102,0.21815067619616066,0.004128217697143555,True,OPTIMIZED
target_408,LME_AH_Close - FX_ZARCHF,4,XGBoost,0.02452030027262948,0.01907672656344015,-5.191162224638113e-05,0.0,0.3760530948638916,True,OPTIMIZED
target_408,LME_AH_Close - FX_ZARCHF,4,LightGBM,0.025512119855202676,0.019785717198975865,-0.08259014430353773,0.08225539860118454,1.6876509189605713,True,OPTIMIZED
target_409,LME_PB_Close - FX_ZARGBP,4,Ridge,0.0226403259195139,0.01780801063916588,-0.02660618164758599,0.06888400850920555,0.007774829864501953,False,OPTIMIZED
target_409,LME_PB_Close - FX_ZARGBP,4,Lasso,0.02236366240972582,0.017683460178267798,-0.0016693420574700468,0.0,0.005554914474487305,False,OPTIMIZED
target_409,LME_PB_Close - FX_ZARGBP,4,RandomForest,0.022542073739279533,0.01768794506385038,-0.01771519383149367,0.09720747055192502,0.33796072006225586,False,OPTIMIZED
target_409,LME_PB_Close - FX_ZARGBP,4,ElasticNet,0.022141582081925505,0.01747425599621527,0.018125853982121853,0.1870568759788392,0.004330873489379883,True,OPTIMIZED
target_409,LME_PB_Close - FX_ZARGBP,4,XGBoost,0.02206913941387317,0.017501086023914862,0.02454032083811819,0.15228831030241852,0.2198946475982666,True,OPTIMIZED
target_409,LME_PB_Close - FX_ZARGBP,4,LightGBM,0.02333843167606267,0.01853384205060253,-0.09089226649970028,0.1263275227906929,1.8693327903747559,True,OPTIMIZED
target_410,FX_EURUSD - LME_AH_Close,4,Ridge,0.024928913407947048,0.01942537962849795,-0.09826592655487221,-0.007953658499257738,0.008382320404052734,False,OPTIMIZED
target_410,FX_EURUSD - LME_AH_Close,4,Lasso,0.023787548518144467,0.018629826840648445,-4.283368977286983e-07,0.0,0.005048036575317383,False,OPTIMIZED
target_410,FX_EURUSD - LME_AH_Close,4,RandomForest,0.026743088128812462,0.02043834630746062,-0.26393262120023175,0.034690316952602496,0.36945080757141113,False,OPTIMIZED
target_410,FX_EURUSD - LME_AH_Close,4,ElasticNet,0.023740837428940797,0.018577240720217818,0.003923073606478922,0.24217974421368918,0.01696324348449707,True,OPTIMIZED
target_410,FX_EURUSD - LME_AH_Close,4,XGBoost,0.023698672027547444,0.01852658198003891,0.007458137277212451,0.13694810464284743,0.3196523189544678,True,OPTIMIZED
target_410,FX_EURUSD - LME_AH_Close,4,LightGBM,0.025024927324319227,0.018993710264345653,-0.10674217897594818,0.10792408389883976,0.5642228126525879,True,OPTIMIZED
target_411,LME_AH_Close - US_Stock_CVE_adj_close,4,Ridge,0.0650926274531363,0.05206741344028148,-0.9878143503248504,0.02130415026650632,0.007929563522338867,False,OPTIMIZED
target_411,LME_AH_Close - US_Stock_CVE_adj_close,4,Lasso,0.046661734198399904,0.03519736623460085,-0.021489644285256126,-0.014098785168902324,0.008757591247558594,False,OPTIMIZED
target_411,LME_AH_Close - US_Stock_CVE_adj_close,4,RandomForest,0.0474815245954543,0.03594343292365611,-0.05769762217809005,-0.041205291348922854,0.35379648208618164,False,OPTIMIZED
target_411,LME_AH_Close - US_Stock_CVE_adj_close,4,ElasticNet,0.05921202042373943,0.046531806101628465,-0.6448715074797724,0.08713406677586229,0.2704739570617676,True,OPTIMIZED
target_411,LME_AH_Close - US_Stock_CVE_adj_close,4,XGBoost,0.047082519522137,0.035448009552257256,-0.03999585306225084,-0.14222266472017256,0.32367920875549316,True,OPTIMIZED
target_411,LME_AH_Close - US_Stock_CVE_adj_close,4,LightGBM,0.0477565891251821,0.03643855059084707,-0.06998778377128012,0.08146701590235673,1.8252174854278564,True,OPTIMIZED
target_412,US_Stock_MS_adj_close - LME_PB_Close,4,Ridge,0.042014610674083866,0.03284557232930401,-0.16138909301452786,0.13152988070556076,0.00788736343383789,False,OPTIMIZED
target_412,US_Stock_MS_adj_close - LME_PB_Close,4,Lasso,0.039189207867558834,0.02964061929003741,-0.01043882782701,0.0,0.006018161773681641,False,OPTIMIZED
target_412,US_Stock_MS_adj_close - LME_PB_Close,4,RandomForest,0.06736705571496417,0.05733030822100603,-1.9858788998897583,0.020641006883606736,0.3361318111419678,False,OPTIMIZED
target_412,US_Stock_MS_adj_close - LME_PB_Close,4,ElasticNet,0.039164671939143685,0.02966854652603312,-0.009173974818704966,0.08468906009684866,0.003317117691040039,True,OPTIMIZED
target_412,US_Stock_MS_adj_close - LME_PB_Close,4,XGBoost,0.03918897242962915,0.029640315307247585,-0.01042668698905791,0.0,0.27563047409057617,True,OPTIMIZED
target_412,US_Stock_MS_adj_close - LME_PB_Close,4,LightGBM,0.04073643256761453,0.031007874115295375,-0.09179988272839612,0.0387495907393057,1.2457048892974854,True,OPTIMIZED
target_413,FX_GBPNZD - JPX_Gold_Standard_Futures_Close,4,Ridge,0.025633313734426913,0.01970702171374822,-0.1857806105034132,0.16137401916096322,0.007951974868774414,False,OPTIMIZED
target_413,FX_GBPNZD - JPX_Gold_Standard_Futures_Close,4,Lasso,0.02365611060755238,0.018402038541364126,-0.00990732644605985,0.0,0.0056095123291015625,False,OPTIMIZED
target_413,FX_GBPNZD - JPX_Gold_Standard_Futures_Close,4,RandomForest,0.0266499207837259,0.020787281235485785,-0.28170088278930083,0.09017387260322866,0.337230920791626,False,OPTIMIZED
target_413,FX_GBPNZD - JPX_Gold_Standard_Futures_Close,4,ElasticNet,0.0237567751139305,0.018546646695823097,-0.018520587212966566,0.150426317990195,0.031610727310180664,True,OPTIMIZED
target_413,FX_GBPNZD - JPX_Gold_Standard_Futures_Close,4,XGBoost,0.023656282611800635,0.018402305613798586,-0.009922012628830412,0.0,0.35465216636657715,True,OPTIMIZED
target_413,FX_GBPNZD - JPX_Gold_Standard_Futures_Close,4,LightGBM,0.023661306804253903,0.01840615613553264,-0.01035103873218901,0.03105681863110843,0.4537532329559326,True,OPTIMIZED
target_414,JPX_Gold_Standard_Futures_Close - US_Stock_IEF_adj_close,4,Ridge,0.02696570524187265,0.020696103854143003,-0.23003820864704827,0.046923672503127525,0.008240222930908203,False,OPTIMIZED
target_414,JPX_Gold_Standard_Futures_Close - US_Stock_IEF_adj_close,4,Lasso,0.02446718588211795,0.019225521228679838,-0.012658655119412998,-0.12105321809642028,0.007262706756591797,False,OPTIMIZED
target_414,JPX_Gold_Standard_Futures_Close - US_Stock_IEF_adj_close,4,RandomForest,0.030314701954201082,0.0243128628659498,-0.554539070021121,-0.031249049140422938,0.31528782844543457,False,OPTIMIZED
target_414,JPX_Gold_Standard_Futures_Close - US_Stock_IEF_adj_close,4,ElasticNet,0.02585635194555789,0.01995712733686853,-0.13091388766326428,0.0003071821512634682,0.19606828689575195,True,OPTIMIZED
target_414,JPX_Gold_Standard_Futures_Close - US_Stock_IEF_adj_close,4,XGBoost,0.02446873163015038,0.019228020134726145,-0.012786611360615652,0.0,0.34004950523376465,True,OPTIMIZED
target_414,JPX_Gold_Standard_Futures_Close - US_Stock_IEF_adj_close,4,LightGBM,0.026260465374359974,0.02067347002903226,-0.16654063754403148,-0.03856172859245649,5.577288866043091,True,OPTIMIZED
target_415,FX_NZDUSD - LME_PB_Close,4,Ridge,0.018952490401780528,0.01464335254360337,0.03179192019775423,0.21760711753212628,0.009163141250610352,False,OPTIMIZED
target_415,FX_NZDUSD - LME_PB_Close,4,Lasso,0.019263211110662766,0.01503938302799076,-0.0002153154322934725,0.0,0.005689382553100586,False,OPTIMIZED
target_415,FX_NZDUSD - LME_PB_Close,4,RandomForest,0.02318706371771861,0.01776992981735674,-0.44919772210289843,0.028945837988399316,0.3634529113769531,False,OPTIMIZED
target_415,FX_NZDUSD - LME_PB_Close,4,ElasticNet,0.01913543750055807,0.014922085212746947,0.013009610169003594,0.12713099993368124,0.003892183303833008,True,OPTIMIZED
target_415,FX_NZDUSD - LME_PB_Close,4,XGBoost,0.019263290197341867,0.015039841575668154,-0.00022352837972094974,0.0,0.2403581142425537,True,OPTIMIZED
target_415,FX_NZDUSD - LME_PB_Close,4,LightGBM,0.0209696353159398,0.016229946865925104,-0.18527162373736372,0.06445493641052324,0.8943877220153809,True,OPTIMIZED
target_416,LME_CA_Close - US_Stock_GLD_adj_close,4,Ridge,0.025982738780984064,0.020432939121667926,-0.3292359395019824,0.09487708354892928,0.007872819900512695,False,OPTIMIZED
target_416,LME_CA_Close - US_Stock_GLD_adj_close,4,Lasso,0.02273455132170442,0.017194882104190033,-0.017665369521553842,0.0,0.005672454833984375,False,OPTIMIZED
target_416,LME_CA_Close - US_Stock_GLD_adj_close,4,RandomForest,0.02294768142835289,0.01751562824020016,-0.0368354680611509,-0.00471545498773036,0.33202219009399414,False,OPTIMIZED
target_416,LME_CA_Close - US_Stock_GLD_adj_close,4,ElasticNet,0.024806474816993596,0.01927397571825979,-0.21160853846954253,0.07868657167360736,0.25896358489990234,True,OPTIMIZED
target_416,LME_CA_Close - US_Stock_GLD_adj_close,4,XGBoost,0.022735168015473445,0.01719546844751494,-0.017720580323419277,0.0,0.3035914897918701,True,OPTIMIZED
target_416,LME_CA_Close - US_Stock_GLD_adj_close,4,LightGBM,0.02243826662921752,0.016984175478439438,0.008686936093199704,0.10127478163848158,1.2340173721313477,True,OPTIMIZED
target_417,JPX_Platinum_Standard_Futures_Close - FX_EURCAD,4,Ridge,0.03653125871410394,0.026982220872140816,-0.18720443558721933,0.07505039475959761,0.007861137390136719,False,OPTIMIZED
target_417,JPX_Platinum_Standard_Futures_Close - FX_EURCAD,4,Lasso,0.033887513314988515,0.024763755670134394,-0.021587664178805976,0.12109301739098954,0.006319999694824219,False,OPTIMIZED
target_417,JPX_Platinum_Standard_Futures_Close - FX_EURCAD,4,RandomForest,0.0387771787218979,0.02744046018820967,-0.3376689743979797,0.010556911622050103,0.3458728790283203,False,OPTIMIZED
target_417,JPX_Platinum_Standard_Futures_Close - FX_EURCAD,4,ElasticNet,0.034204480501415876,0.025104924974392987,-0.0407879013570287,0.12109301739098954,0.0034704208374023438,True,OPTIMIZED
target_417,JPX_Platinum_Standard_Futures_Close - FX_EURCAD,4,XGBoost,0.03360782127525138,0.024338694083782142,-0.004793820806905158,-0.08218947748487321,0.3103821277618408,True,OPTIMIZED
target_417,JPX_Platinum_Standard_Futures_Close - FX_EURCAD,4,LightGBM,0.03522770466459833,0.025889602835750074,-0.10398947016008608,-0.009278416032844348,1.0295982360839844,True,OPTIMIZED
target_418,FX_NOKGBP - LME_ZS_Close,4,Ridge,0.0277437562812893,0.022738493357115898,-0.025855411690531627,0.18213449442157295,0.007782459259033203,False,OPTIMIZED
target_418,FX_NOKGBP - LME_ZS_Close,4,Lasso,0.02735550453963876,0.02233700777021165,0.002655743739581884,0.2978334175071292,0.006402254104614258,False,OPTIMIZED
target_418,FX_NOKGBP - LME_ZS_Close,4,RandomForest,0.02901333187872946,0.023663785070253605,-0.12189146525736905,0.13094305260097028,0.38883423805236816,False,OPTIMIZED
target_418,FX_NOKGBP - LME_ZS_Close,4,ElasticNet,0.027161847314159347,0.022172061752794483,0.01672671545239446,0.2978334175071292,0.004691123962402344,True,OPTIMIZED
target_418,FX_NOKGBP - LME_ZS_Close,4,XGBoost,0.027493977509330907,0.022450122340146542,-0.007466881751261756,0.0,0.18062067031860352,True,OPTIMIZED
target_418,FX_NOKGBP - LME_ZS_Close,4,LightGBM,0.03387483317324512,0.027422492113521796,-0.5293608290944933,0.07837957790667421,1.7849929332733154,True,OPTIMIZED
target_419,FX_NOKUSD - LME_AH_Close,4,Ridge,0.022843192956763174,0.01785600185163216,-0.06355076600758891,0.05933563918519765,0.008037328720092773,False,OPTIMIZED
target_419,FX_NOKUSD - LME_AH_Close,4,Lasso,0.02215029467818529,0.017688800013649177,-8.346268878911545e-06,0.0,0.006305217742919922,False,OPTIMIZED
target_419,FX_NOKUSD - LME_AH_Close,4,RandomForest,0.026791842057568703,0.01989017031322711,-0.46301829428659813,0.0025476602235451956,0.371964693069458,False,OPTIMIZED
target_419,FX_NOKUSD - LME_AH_Close,4,ElasticNet,0.022138952963645705,0.01763480311895162,0.001015469049757245,0.09779235089759875,0.004491329193115234,True,OPTIMIZED
target_419,FX_NOKUSD - LME_AH_Close,4,XGBoost,0.022151074657470685,0.01767983968258125,-7.877418322355112e-05,0.0,0.18239855766296387,True,OPTIMIZED
target_419,FX_NOKUSD - LME_AH_Close,4,LightGBM,0.028888750040211183,0.02231263706679927,-0.7009913712548943,-0.06899751559765946,5.070988178253174,True,OPTIMIZED
target_420,JPX_Gold_Standard_Futures_Close - US_Stock_RY_adj_close,4,Ridge,0.03501314459611108,0.028387518242591944,-0.5789165660379711,-0.003882511063887104,0.006670236587524414,False,OPTIMIZED
target_420,JPX_Gold_Standard_Futures_Close - US_Stock_RY_adj_close,4,Lasso,0.02789101348196703,0.022281682458028935,-0.0019026792287106797,0.0,0.004542827606201172,False,OPTIMIZED
target_420,JPX_Gold_Standard_Futures_Close - US_Stock_RY_adj_close,4,RandomForest,0.029933679501224324,0.024074773022036644,-0.1540301506068087,0.06313281218960794,0.3350846767425537,False,OPTIMIZED
target_420,JPX_Gold_Standard_Futures_Close - US_Stock_RY_adj_close,4,ElasticNet,0.03089686694455116,0.025024852907779,-0.22949235311697258,0.022007614628847406,0.16739106178283691,True,OPTIMIZED
target_420,JPX_Gold_Standard_Futures_Close - US_Stock_RY_adj_close,4,XGBoost,0.028834828328598835,0.02282858191949707,-0.07085751063957657,-0.10551266966262379,0.33324694633483887,True,OPTIMIZED
target_420,JPX_Gold_Standard_Futures_Close - US_Stock_RY_adj_close,4,LightGBM,0.027858697117397344,0.022211464861958484,0.00041771652962463435,0.04183627094434769,0.6498713493347168,True,OPTIMIZED
target_421,US_Stock_EWT_adj_close - LME_AH_Close,4,Ridge,0.03328681440204359,0.024893914843118734,-0.03903237756647515,0.0948857073866441,0.006591320037841797,False,OPTIMIZED
target_421,US_Stock_EWT_adj_close - LME_AH_Close,4,Lasso,0.032657291583660396,0.024095135599051833,-0.00010348283659888935,0.0,0.00404810905456543,False,OPTIMIZED
target_421,US_Stock_EWT_adj_close - LME_AH_Close,4,RandomForest,0.03986200488677949,0.0331078906760335,-0.49005702047134414,0.15774515786380996,0.3574388027191162,False,OPTIMIZED
target_421,US_Stock_EWT_adj_close - LME_AH_Close,4,ElasticNet,0.033097974322787556,0.024892160233754047,-0.027276708186141363,0.0740847134447414,0.177079439163208,True,OPTIMIZED
target_421,US_Stock_EWT_adj_close - LME_AH_Close,4,XGBoost,0.03265596019628832,0.024080778657906438,-2.1939148121541407e-05,0.0,0.13948726654052734,True,OPTIMIZED
target_421,US_Stock_EWT_adj_close - LME_AH_Close,4,LightGBM,0.03531557626583767,0.02769603571487326,-0.16954572682353075,0.09593989720385443,0.6701791286468506,True,OPTIMIZED
target_422,JPX_Platinum_Standard_Futures_Close - FX_NOKCHF,4,Ridge,0.03464856761036546,0.024851906427268543,-0.26278333578984103,0.0791456827699412,0.007282257080078125,False,OPTIMIZED
target_422,JPX_Platinum_Standard_Futures_Close - FX_NOKCHF,4,Lasso,0.031108862966899804,0.022433404099299597,-0.017950235456485775,0.09980900177878405,0.006863594055175781,False,OPTIMIZED
target_422,JPX_Platinum_Standard_Futures_Close - FX_NOKCHF,4,RandomForest,0.04039396075942148,0.030412250370140285,-0.7162918883477745,-0.014947428317309927,0.3277132511138916,False,OPTIMIZED
target_422,JPX_Platinum_Standard_Futures_Close - FX_NOKCHF,4,ElasticNet,0.03138742118476481,0.02261864430892198,-0.03626192610543777,0.09980900177878405,0.004087209701538086,True,OPTIMIZED
target_422,JPX_Platinum_Standard_Futures_Close - FX_NOKCHF,4,XGBoost,0.03387635779626422,0.024613803374850224,-0.20712346937467374,-0.016507038232786084,0.3057427406311035,True,OPTIMIZED
target_422,JPX_Platinum_Standard_Futures_Close - FX_NOKCHF,4,LightGBM,0.03672654605957864,0.027288759356376324,-0.4187910678722675,-0.08946625606053991,0.783259391784668,True,OPTIMIZED
target_423,LME_CA_Close - US_Stock_CCJ_adj_close,4,Ridge,0.05631400117857594,0.043958983216600196,-0.09434163678524388,0.09920714220292068,0.007651329040527344,False,OPTIMIZED
target_423,LME_CA_Close - US_Stock_CCJ_adj_close,4,Lasso,0.05383068027726611,0.0419001808990865,4.630743940814419e-05,0.08115626037090827,0.0071794986724853516,False,OPTIMIZED
target_423,LME_CA_Close - US_Stock_CCJ_adj_close,4,RandomForest,0.053128684002692314,0.04125729259618921,0.02595668684974317,0.2236051091183107,0.32601284980773926,False,OPTIMIZED
target_423,LME_CA_Close - US_Stock_CCJ_adj_close,4,ElasticNet,0.05589134673925233,0.043384732387763414,-0.07797651868687105,0.041606151115805644,0.10354375839233398,True,OPTIMIZED
target_423,LME_CA_Close - US_Stock_CCJ_adj_close,4,XGBoost,0.06095325943785265,0.04748687425524396,-0.28207673827493007,-0.07404397324588166,0.6478559970855713,True,OPTIMIZED
target_423,LME_CA_Close - US_Stock_CCJ_adj_close,4,LightGBM,0.05467620233556164,0.042529761644280205,-0.03161307074108133,-0.006813426542150345,1.2936882972717285,True,OPTIMIZED
